20:47:55  INFO   tags=['bitcoin', 'ethereum', 'solana', 'ripple'] z_band=0.7-1.8 edge_gate=3.0c min_bid_sz=100.0 inside=0.1c requote=5.0s
20:47:59  INFO   [feed] started BTC-USD
20:47:59  INFO   [feed] started XRP-USD
20:47:59  INFO   [feed] started ETH-USD
20:47:59  INFO   [feed] started SOL-USD
20:47:59  INFO   [discover] tracking 169 markets; warming feeds…
20:48:01  INFO   Websocket connected
20:48:01  INFO   Websocket connected
20:48:01  INFO   Websocket connected
20:48:01  INFO   Websocket connected
20:48:06  INFO   [discover] tracking 169 touch markets
20:48:06  INFO   FILL buy_no will-bitcoin-reach-140000-by-decem @93c fair=98.8c edge=+5.7c z=1.21
20:48:06  INFO   FILL buy_no will-bitcoin-reach-120000-by-decem @87c fair=95.6c edge=+8.5c z=0.97
20:48:06  INFO   FILL buy_no will-bitcoin-dip-to-25000-by-decem @89c fair=95.7c edge=+6.6c z=1.42
20:48:07  INFO   FILL buy_no will-bitcoin-reach-170000-by-decem @96c fair=99.8c edge=+3.3c z=1.5
20:48:07  INFO   FILL buy_no will-bitcoin-reach-150000-by-decem @95c fair=99.4c edge=+4.3c z=1.31
20:48:07  INFO   FILL buy_no will-bitcoin-reach-130000-by-decem @91c fair=97.7c edge=+6.6c z=1.09
20:48:07  INFO   FILL buy_no will-bitcoin-reach-110000-by-decem @85c fair=91.8c edge=+6.7c z=0.84
20:48:08  INFO   FILL buy_no will-bitcoin-dip-to-20000-by-decem @92c fair=98.8c edge=+6.7c z=1.76
20:48:08  INFO   FILL buy_no will-bitcoin-dip-to-50k-in-june-20 @90c fair=95.6c edge=+6.0c z=1.09
20:48:08  INFO   FILL buy_no will-bitcoin-dip-to-47pt5k-in-june @92c fair=98.6c edge=+6.5c z=1.33
20:48:10  INFO   FILL buy_no will-ethereum-dip-to-800-by-decemb @85c fair=92.8c edge=+7.7c z=0.92
20:48:10  INFO   FILL buy_no will-ethereum-reach-2100-in-june-2 @85c fair=88.6c edge=+3.5c z=0.78
20:48:10  INFO   FILL buy_no will-ethereum-dip-to-1300-in-june- @83c fair=91.4c edge=+8.5c z=0.97
20:48:10  INFO   FILL buy_no will-ethereum-dip-to-1200-in-june- @88c fair=97.4c edge=+9.4c z=1.26
20:48:11  INFO   FILL buy_no will-solana-reach-400-by-december- @96c fair=99.9c edge=+4.2c z=1.31
20:48:11  INFO   FILL buy_no will-solana-reach-260-by-december- @94c fair=99.2c edge=+5.1c z=1.0
20:48:11  INFO   FILL buy_no will-solana-reach-220-by-december- @91c fair=97.9c edge=+6.8c z=0.88
20:48:11  INFO   FILL buy_no will-solana-reach-180-by-december- @91c fair=94.6c edge=+3.5c z=0.73
20:48:11  INFO   FILL buy_no will-solana-dip-to-20-by-december- @87c fair=90.8c edge=+3.7c z=0.88
20:49:44  INFO   FILL buy_no will-solana-dip-to-40-in-june-2026 @95c fair=98.4c edge=+3.6c z=1.13
20:51:35  INFO   FILL buy_no will-solana-reach-240-by-december- @93c fair=98.7c edge=+5.8c z=0.94
20:51:55  INFO   FILL buy_no will-bitcoin-dip-to-25000-by-decem @89c fair=95.7c edge=+6.6c z=1.43
20:51:56  INFO   FILL buy_no will-bitcoin-reach-170000-by-decem @96c fair=99.8c edge=+3.3c z=1.5
20:51:57  INFO   FILL buy_no will-bitcoin-reach-130000-by-decem @91c fair=97.7c edge=+6.6c z=1.09
20:51:58  INFO   FILL buy_no will-bitcoin-reach-110000-by-decem @85c fair=91.8c edge=+6.7c z=0.83
20:53:22  INFO   [discover] tracking 169 touch markets
20:56:54  INFO   FILL buy_no will-bitcoin-reach-140000-by-decem @93c fair=98.8c edge=+5.7c z=1.2
20:57:03  INFO   FILL buy_no will-bitcoin-dip-to-20000-by-decem @92c fair=98.8c edge=+6.7c z=1.76
20:58:27  INFO   [discover] tracking 169 touch markets
21:01:22  INFO   FILL buy_no will-xrp-reach-1pt8-in-june-2026   @96c fair=99.5c edge=+3.9c z=1.2
21:03:31  INFO   [discover] tracking 169 touch markets
21:05:03  INFO   FILL buy_no will-bitcoin-dip-to-30000-by-decem @84c fair=89.8c edge=+5.7c z=1.14
21:08:38  INFO   [discover] tracking 169 touch markets
21:09:30  INFO   FILL buy_no will-bitcoin-reach-160000-by-decem @96c fair=99.6c edge=+3.2c z=1.42
21:10:26  INFO   FILL buy_no will-bitcoin-reach-100000-by-decem @81c fair=84.8c edge=+3.7c z=0.7
21:11:09  INFO   FILL buy_no will-xrp-dip-to-0pt6-in-june-2026  @96c fair=100.0c edge=+4.1c z=1.79
21:13:41  INFO   [discover] tracking 169 touch markets
21:14:48  INFO   FILL buy_no will-bitcoin-reach-80k-in-june-202 @95c fair=98.3c edge=+3.1c z=1.09
21:17:05  INFO   FILL buy_no will-bitcoin-reach-120000-by-decem @87c fair=95.4c edge=+8.3c z=0.98
21:18:44  INFO   [discover] tracking 169 touch markets
21:19:26  INFO   FILL buy_no will-solana-reach-200-by-december- @93c fair=96.6c edge=+3.5c z=0.81
21:23:46  INFO   [discover] tracking 169 touch markets
21:25:06  INFO   ping/pong timed out - reconnect
21:25:06  INFO   ping/pong timed out - reconnect
21:25:08  INFO   reconnect() - retrying in 2 seconds [6 frames in stack]
21:25:08  INFO   reconnect() - retrying in 2 seconds [6 frames in stack]
21:25:13  INFO   Websocket connected
21:25:13  INFO   Websocket connected
21:26:04  INFO   ping/pong timed out - reconnect
21:26:05  INFO   ping/pong timed out - reconnect
21:26:05  INFO   reconnect() - retrying in 2 seconds [6 frames in stack]
21:26:05  INFO   reconnect() - retrying in 2 seconds [6 frames in stack]
21:26:08  INFO   Websocket connected
21:26:09  INFO   Websocket connected
21:29:14  INFO   [discover] tracking 169 touch markets
21:34:17  INFO   ping/pong timed out - reconnect
21:34:17  INFO   reconnect() - retrying in 2 seconds [6 frames in stack]
21:34:19  INFO   [Errno 8] nodename nor servname provided, or not known - reconnect
21:34:19  INFO   reconnect() - retrying in 2 seconds [6 frames in stack]
21:34:20  INFO   ping/pong timed out - reconnect
21:34:20  INFO   reconnect() - retrying in 2 seconds [6 frames in stack]
21:51:45  INFO   Connection to remote host was lost. - reconnect
21:51:45  INFO   reconnect() - retrying in 2 seconds [6 frames in stack]
21:51:45  INFO   [Errno 8] nodename nor servname provided, or not known - reconnect
21:51:45  INFO   reconnect() - retrying in 2 seconds [6 frames in stack]
21:51:46  INFO   [Errno 8] nodename nor servname provided, or not known - reconnect
21:51:46  INFO   reconnect() - retrying in 2 seconds [6 frames in stack]
21:51:46  INFO   Connection to remote host was lost. - reconnect
21:51:46  INFO   reconnect() - retrying in 2 seconds [6 frames in stack]
21:51:47  INFO   [Errno 8] nodename nor servname provided, or not known - reconnect
21:51:47  INFO   reconnect() - retrying in 2 seconds [6 frames in stack]
21:51:47  INFO   [Errno 8] nodename nor servname provided, or not known - reconnect
21:51:47  INFO   reconnect() - retrying in 2 seconds [6 frames in stack]
21:51:48  INFO   [Errno 8] nodename nor servname provided, or not known - reconnect
21:51:48  INFO   reconnect() - retrying in 2 seconds [6 frames in stack]
21:51:48  INFO   [Errno 8] nodename nor servname provided, or not known - reconnect
21:51:48  INFO   reconnect() - retrying in 2 seconds [6 frames in stack]
21:51:49  INFO   [Errno 8] nodename nor servname provided, or not known - reconnect
21:51:49  INFO   reconnect() - retrying in 2 seconds [6 frames in stack]
21:51:49  INFO   [Errno 8] nodename nor servname provided, or not known - reconnect
21:51:49  INFO   reconnect() - retrying in 2 seconds [6 frames in stack]
21:51:50  INFO   [Errno 8] nodename nor servname provided, or not known - reconnect
21:51:50  INFO   reconnect() - retrying in 2 seconds [6 frames in stack]
21:53:09  INFO   [Errno 8] nodename nor servname provided, or not known - reconnect
21:53:09  INFO   reconnect() - retrying in 2 seconds [6 frames in stack]
21:53:10  INFO   [Errno 8] nodename nor servname provided, or not known - reconnect
21:53:10  INFO   reconnect() - retrying in 2 seconds [6 frames in stack]
21:53:11  INFO   [Errno 8] nodename nor servname provided, or not known - reconnect
21:53:11  INFO   reconnect() - retrying in 2 seconds [6 frames in stack]
21:53:11  INFO   [Errno 8] nodename nor servname provided, or not known - reconnect
21:53:11  INFO   reconnect() - retrying in 2 seconds [6 frames in stack]
21:53:11  INFO   [Errno 8] nodename nor servname provided, or not known - reconnect
21:53:11  INFO   reconnect() - retrying in 2 seconds [6 frames in stack]
21:53:12  INFO   [Errno 8] nodename nor servname provided, or not known - reconnect
21:53:12  INFO   reconnect() - retrying in 2 seconds [6 frames in stack]
21:53:13  INFO   [Errno 8] nodename nor servname provided, or not known - reconnect
21:53:13  INFO   reconnect() - retrying in 2 seconds [6 frames in stack]
21:53:13  INFO   [Errno 8] nodename nor servname provided, or not known - reconnect
21:53:13  INFO   reconnect() - retrying in 2 seconds [6 frames in stack]
21:53:13  INFO   [Errno 8] nodename nor servname provided, or not known - reconnect
21:53:13  INFO   reconnect() - retrying in 2 seconds [6 frames in stack]
21:53:14  INFO   [Errno 8] nodename nor servname provided, or not known - reconnect
21:53:14  INFO   reconnect() - retrying in 2 seconds [6 frames in stack]
21:53:15  INFO   [Errno 8] nodename nor servname provided, or not known - reconnect
21:53:15  INFO   reconnect() - retrying in 2 seconds [6 frames in stack]
21:53:15  INFO   [Errno 8] nodename nor servname provided, or not known - reconnect
21:53:15  INFO   reconnect() - retrying in 2 seconds [6 frames in stack]
21:53:15  INFO   [Errno 8] nodename nor servname provided, or not known - reconnect
21:53:15  INFO   reconnect() - retrying in 2 seconds [6 frames in stack]
21:53:16  INFO   [Errno 8] nodename nor servname provided, or not known - reconnect
21:53:16  INFO   reconnect() - retrying in 2 seconds [6 frames in stack]
21:53:17  INFO   [Errno 8] nodename nor servname provided, or not known - reconnect
21:53:17  INFO   reconnect() - retrying in 2 seconds [6 frames in stack]
21:53:20  INFO   Websocket connected
21:53:20  INFO   Websocket connected
21:53:20  INFO   Websocket connected
21:53:20  INFO   Websocket connected
21:56:20  INFO   ping/pong timed out - reconnect
21:56:20  INFO   reconnect() - retrying in 2 seconds [6 frames in stack]
21:56:20  INFO   ping/pong timed out - reconnect
21:56:20  INFO   reconnect() - retrying in 2 seconds [6 frames in stack]
21:56:22  INFO   Websocket connected
21:56:22  INFO   Websocket connected
21:56:22  INFO   ping/pong timed out - reconnect
21:56:22  INFO   reconnect() - retrying in 2 seconds [6 frames in stack]
21:56:23  INFO   ping/pong timed out - reconnect
21:56:23  INFO   reconnect() - retrying in 2 seconds [6 frames in stack]
21:56:25  INFO   [discover] tracking 187 touch markets
21:56:25  INFO   Websocket connected
21:56:25  INFO   Websocket connected
21:56:37  INFO   FILL buy_no will-bitcoin-dip-to-47pt5k-in-june @92c fair=97.4c edge=+5.4c z=1.3
22:01:49  INFO   [discover] tracking 187 touch markets
22:07:09  INFO   [discover] tracking 187 touch markets
22:12:24  INFO   [discover] tracking 187 touch markets
22:15:29  INFO   FILL buy_no will-xrp-reach-1pt6-in-june-2026   @93c fair=96.5c edge=+3.6c z=1.8
22:17:37  INFO   [discover] tracking 187 touch markets
22:23:01  INFO   [discover] tracking 198 touch markets
22:28:03  INFO   FILL buy_no will-solana-dip-to-40-in-june-2026 @94c fair=98.1c edge=+3.9c z=1.12
22:28:12  INFO   [discover] tracking 198 touch markets
22:33:14  INFO   [discover] tracking 198 touch markets
22:35:58  INFO   FILL buy_no will-bitcoin-reach-77pt5k-in-june- @94c fair=96.7c edge=+3.0c z=0.95
22:38:17  INFO   [discover] tracking 198 touch markets
22:43:21  INFO   [discover] tracking 198 touch markets
22:48:24  INFO   [discover] tracking 198 touch markets
22:53:26  INFO   [discover] tracking 198 touch markets
22:58:30  INFO   [discover] tracking 198 touch markets
23:03:33  INFO   [discover] tracking 198 touch markets
23:05:26  INFO   FILL buy_no will-bitcoin-dip-to-52pt5k-in-june @83c fair=86.1c edge=+3.4c z=0.83
23:08:42  INFO   [discover] tracking 198 touch markets
23:10:27  INFO   FILL buy_no will-bitcoin-reach-75k-in-june-202 @88c fair=93.3c edge=+5.2c z=0.78
23:13:44  INFO   [discover] tracking 211 touch markets
23:18:47  INFO   [discover] tracking 211 touch markets
23:23:52  INFO   [discover] tracking 211 touch markets
23:28:54  INFO   [discover] tracking 211 touch markets
23:33:57  INFO   [discover] tracking 211 touch markets
23:39:02  INFO   [discover] tracking 211 touch markets
23:44:05  INFO   [discover] tracking 211 touch markets
23:49:09  INFO   [discover] tracking 211 touch markets
23:54:12  INFO   [discover] tracking 211 touch markets
23:59:16  INFO   [discover] tracking 211 touch markets
00:04:18  INFO   [discover] tracking 211 touch markets
00:09:21  INFO   [discover] tracking 211 touch markets
00:14:24  INFO   [discover] tracking 211 touch markets
00:19:27  INFO   [discover] tracking 193 touch markets
00:24:29  INFO   [discover] tracking 169 touch markets
00:29:32  INFO   [discover] tracking 169 touch markets
00:34:34  INFO   [discover] tracking 169 touch markets
00:39:36  INFO   [discover] tracking 169 touch markets
00:44:40  INFO   [discover] tracking 169 touch markets
00:49:43  INFO   [discover] tracking 169 touch markets
00:54:45  INFO   [discover] tracking 169 touch markets
00:59:47  INFO   [discover] tracking 169 touch markets
01:04:50  INFO   [discover] tracking 174 touch markets
01:09:53  INFO   [discover] tracking 182 touch markets
01:13:37  INFO   FILL buy_no will-ethereum-dip-to-1100-in-june- @93c fair=98.9c edge=+6.3c z=1.49
01:14:55  INFO   [discover] tracking 191 touch markets
01:15:40  INFO   Connection to remote host was lost. - reconnect
01:15:40  INFO   reconnect() - retrying in 2 seconds [6 frames in stack]
01:15:42  INFO   Websocket connected
01:19:58  INFO   [discover] tracking 191 touch markets
01:25:02  INFO   [discover] tracking 191 touch markets
01:30:05  INFO   [discover] tracking 191 touch markets
01:35:08  INFO   [discover] tracking 194 touch markets
01:40:11  INFO   [discover] tracking 194 touch markets
01:45:15  INFO   [discover] tracking 194 touch markets
01:58:22  INFO   ping/pong timed out - reconnect
01:58:22  INFO   ping/pong timed out - reconnect
01:58:22  INFO   ping/pong timed out - reconnect
01:58:22  INFO   ping/pong timed out - reconnect
01:58:22  INFO   reconnect() - retrying in 2 seconds [6 frames in stack]
01:58:22  INFO   reconnect() - retrying in 2 seconds [6 frames in stack]
01:58:22  INFO   reconnect() - retrying in 2 seconds [6 frames in stack]
01:58:22  INFO   reconnect() - retrying in 2 seconds [6 frames in stack]
01:58:25  INFO   [Errno 8] nodename nor servname provided, or not known - reconnect
01:58:25  INFO   [Errno 8] nodename nor servname provided, or not known - reconnect
01:58:25  INFO   [Errno 8] nodename nor servname provided, or not known - reconnect
01:58:25  INFO   [Errno 8] nodename nor servname provided, or not known - reconnect
01:58:25  INFO   reconnect() - retrying in 2 seconds [6 frames in stack]
01:58:25  INFO   reconnect() - retrying in 2 seconds [6 frames in stack]
01:58:25  INFO   reconnect() - retrying in 2 seconds [6 frames in stack]
01:58:25  INFO   reconnect() - retrying in 2 seconds [6 frames in stack]
01:58:27  INFO   [Errno 8] nodename nor servname provided, or not known - reconnect
01:58:27  INFO   [Errno 8] nodename nor servname provided, or not known - reconnect
01:58:27  INFO   [Errno 8] nodename nor servname provided, or not known - reconnect
01:58:27  INFO   [Errno 8] nodename nor servname provided, or not known - reconnect
01:58:27  INFO   reconnect() - retrying in 2 seconds [6 frames in stack]
01:58:27  INFO   reconnect() - retrying in 2 seconds [6 frames in stack]
01:58:27  INFO   reconnect() - retrying in 2 seconds [6 frames in stack]
01:58:27  INFO   reconnect() - retrying in 2 seconds [6 frames in stack]
01:58:27  WARNING  discover bitcoin failed: HTTPSConnectionPool(host='gamma-api.polymarket.com', port=443): Max retries exceeded with url: /events?closed=false&active=true&limit=200&tag_slug=bitcoin (Caused by NameResolutionError("HTTPSConnection(host='gamma-api.polymarket.com', port=443): Failed to resolve 'gamma-api.polymarket.com' ([Errno 8] nodename nor servname provided, or not known)"))
01:58:27  WARNING  discover ethereum failed: HTTPSConnectionPool(host='gamma-api.polymarket.com', port=443): Max retries exceeded with url: /events?closed=false&active=true&limit=200&tag_slug=ethereum (Caused by NameResolutionError("HTTPSConnection(host='gamma-api.polymarket.com', port=443): Failed to resolve 'gamma-api.polymarket.com' ([Errno 8] nodename nor servname provided, or not known)"))
01:58:27  WARNING  discover solana failed: HTTPSConnectionPool(host='gamma-api.polymarket.com', port=443): Max retries exceeded with url: /events?closed=false&active=true&limit=200&tag_slug=solana (Caused by NameResolutionError("HTTPSConnection(host='gamma-api.polymarket.com', port=443): Failed to resolve 'gamma-api.polymarket.com' ([Errno 8] nodename nor servname provided, or not known)"))
01:58:27  WARNING  discover ripple failed: HTTPSConnectionPool(host='gamma-api.polymarket.com', port=443): Max retries exceeded with url: /events?closed=false&active=true&limit=200&tag_slug=ripple (Caused by NameResolutionError("HTTPSConnection(host='gamma-api.polymarket.com', port=443): Failed to resolve 'gamma-api.polymarket.com' ([Errno 8] nodename nor servname provided, or not known)"))
01:58:27  WARNING  [discover] none found
01:58:29  INFO   [Errno 8] nodename nor servname provided, or not known - reconnect
01:58:29  INFO   [Errno 8] nodename nor servname provided, or not known - reconnect
01:58:29  INFO   [Errno 8] nodename nor servname provided, or not known - reconnect
01:58:29  INFO   [Errno 8] nodename nor servname provided, or not known - reconnect
01:58:29  INFO   reconnect() - retrying in 2 seconds [6 frames in stack]
01:58:29  INFO   reconnect() - retrying in 2 seconds [6 frames in stack]
01:58:29  INFO   reconnect() - retrying in 2 seconds [6 frames in stack]
01:58:29  INFO   reconnect() - retrying in 2 seconds [6 frames in stack]
01:58:31  INFO   [Errno 8] nodename nor servname provided, or not known - reconnect
01:58:31  INFO   [Errno 8] nodename nor servname provided, or not known - reconnect
01:58:31  INFO   [Errno 8] nodename nor servname provided, or not known - reconnect
01:58:31  INFO   [Errno 8] nodename nor servname provided, or not known - reconnect
01:58:31  INFO   reconnect() - retrying in 2 seconds [6 frames in stack]
01:58:31  INFO   reconnect() - retrying in 2 seconds [6 frames in stack]
01:58:31  INFO   reconnect() - retrying in 2 seconds [6 frames in stack]
01:58:31  INFO   reconnect() - retrying in 2 seconds [6 frames in stack]
01:58:34  INFO   Websocket connected
01:58:34  INFO   Websocket connected
01:58:34  INFO   Websocket connected
01:58:34  INFO   Websocket connected
01:59:04  INFO   FILL buy_no will-solana-reach-160-by-december- @89c fair=100.0c edge=+10.9c z=0.88
01:59:13  INFO   FILL buy_no will-bitcoin-reach-140000-by-decem @94c fair=98.6c edge=+4.5c z=0.81
02:03:34  INFO   [discover] tracking 194 touch markets
02:08:05  INFO   FILL buy_no will-xrp-dip-to-1-in-june-2026     @52c fair=56.0c edge=+3.9c z=1.41
02:08:37  INFO   [discover] tracking 156 touch markets
02:13:40  INFO   [discover] tracking 149 touch markets
02:18:42  INFO   [discover] tracking 149 touch markets
02:23:45  INFO   [discover] tracking 149 touch markets
02:28:48  INFO   [discover] tracking 149 touch markets
02:33:51  INFO   [discover] tracking 149 touch markets
02:38:55  INFO   [discover] tracking 149 touch markets
02:43:58  INFO   [discover] tracking 149 touch markets
02:49:02  INFO   [discover] tracking 149 touch markets
02:54:05  INFO   [discover] tracking 149 touch markets
02:59:07  INFO   [discover] tracking 149 touch markets
03:04:12  INFO   [discover] tracking 149 touch markets
03:09:16  INFO   [discover] tracking 149 touch markets
03:14:18  INFO   [discover] tracking 149 touch markets
03:19:24  INFO   [discover] tracking 149 touch markets
03:23:02  INFO   FILL buy_no will-bitcoin-dip-to-47pt5k-in-june @92c fair=97.7c edge=+5.9c z=1.31
03:24:26  INFO   [discover] tracking 149 touch markets
03:29:30  INFO   [discover] tracking 149 touch markets
03:32:01  INFO   FILL buy_no will-ethereum-dip-to-1300-in-june- @81c fair=86.4c edge=+5.4c z=0.93
03:34:33  INFO   [discover] tracking 149 touch markets
03:37:46  INFO   FILL buy_no will-ethereum-dip-to-1200-in-june- @88c fair=94.7c edge=+6.6c z=1.22
03:39:36  INFO   [discover] tracking 149 touch markets
03:44:40  INFO   [discover] tracking 149 touch markets
03:44:48  INFO   FILL buy_no will-bitcoin-reach-130000-by-decem @92c fair=97.5c edge=+5.4c z=1.1
03:49:59  INFO   ping/pong timed out - reconnect
03:49:59  INFO   ping/pong timed out - reconnect
03:49:59  INFO   ping/pong timed out - reconnect
03:49:59  INFO   reconnect() - retrying in 2 seconds [6 frames in stack]
03:49:59  INFO   reconnect() - retrying in 2 seconds [6 frames in stack]
03:49:59  INFO   reconnect() - retrying in 2 seconds [6 frames in stack]
03:49:59  INFO   ping/pong timed out - reconnect
03:49:59  INFO   reconnect() - retrying in 2 seconds [6 frames in stack]
03:50:01  INFO   Websocket connected
03:50:01  INFO   Websocket connected
03:50:01  INFO   Websocket connected
03:50:01  INFO   Websocket connected
03:50:04  INFO   FILL buy_no will-bitcoin-reach-140000-by-decem @94c fair=98.7c edge=+4.6c z=1.21
03:50:05  INFO   FILL buy_no will-bitcoin-reach-150000-by-decem @95c fair=99.3c edge=+4.2c z=1.32
03:51:17  INFO   [discover] tracking 149 touch markets
04:07:40  INFO   Connection to remote host was lost. - reconnect
04:07:40  INFO   reconnect() - retrying in 2 seconds [6 frames in stack]
04:07:42  INFO   FILL buy_no will-bitcoin-reach-110000-by-decem @85c fair=91.6c edge=+6.5c z=0.85
04:07:42  INFO   Websocket connected
04:07:45  INFO   ping/pong timed out - reconnect
04:07:45  INFO   reconnect() - retrying in 2 seconds [6 frames in stack]
04:07:46  INFO   ping/pong timed out - reconnect
04:07:46  INFO   reconnect() - retrying in 2 seconds [6 frames in stack]
04:07:46  INFO   ping/pong timed out - reconnect
04:07:46  INFO   reconnect() - retrying in 2 seconds [6 frames in stack]
04:07:47  INFO   Websocket connected
04:07:48  INFO   Websocket connected
04:07:48  INFO   Websocket connected
04:12:27  INFO   [discover] tracking 149 touch markets
04:12:55  INFO   FILL buy_no will-solana-dip-to-40-in-june-2026 @93c fair=98.7c edge=+5.3c z=1.1
04:17:30  INFO   [discover] tracking 149 touch markets
04:17:45  INFO   FILL buy_no will-bitcoin-dip-to-20000-by-decem @92c fair=98.7c edge=+6.6c z=1.75
04:22:28  INFO   FILL buy_no will-ethereum-reach-2100-in-june-2 @89c fair=92.1c edge=+3.0c z=0.86
04:22:33  INFO   [discover] tracking 149 touch markets
04:39:25  INFO   FILL buy_no will-solana-dip-to-40-in-june-2026 @94c fair=98.7c edge=+5.1c z=1.09
04:39:28  INFO   ping/pong timed out - reconnect
04:39:28  INFO   reconnect() - retrying in 2 seconds [6 frames in stack]
04:39:28  INFO   ping/pong timed out - reconnect
04:39:28  INFO   reconnect() - retrying in 2 seconds [6 frames in stack]
04:39:29  INFO   ping/pong timed out - reconnect
04:39:29  INFO   reconnect() - retrying in 2 seconds [6 frames in stack]
04:39:29  INFO   ping/pong timed out - reconnect
04:39:29  INFO   reconnect() - retrying in 2 seconds [6 frames in stack]
04:39:30  INFO   Websocket connected
04:39:30  INFO   Websocket connected
04:39:31  INFO   Websocket connected
04:39:31  INFO   Websocket connected
04:43:09  INFO   ping/pong timed out - reconnect
04:43:09  INFO   reconnect() - retrying in 2 seconds [6 frames in stack]
04:43:11  INFO   Websocket connected
04:43:12  INFO   ping/pong timed out - reconnect
04:43:12  INFO   reconnect() - retrying in 2 seconds [6 frames in stack]
04:43:14  INFO   Websocket connected
04:43:50  INFO   [discover] tracking 149 touch markets
04:52:52  INFO   ping/pong timed out - reconnect
04:52:52  INFO   reconnect() - retrying in 2 seconds [6 frames in stack]
04:52:52  INFO   ping/pong timed out - reconnect
04:52:52  INFO   ping/pong timed out - reconnect
04:52:52  INFO   reconnect() - retrying in 2 seconds [6 frames in stack]
04:52:52  INFO   reconnect() - retrying in 2 seconds [6 frames in stack]
04:52:54  INFO   Websocket connected
04:52:55  INFO   Websocket connected
04:52:55  INFO   Websocket connected
04:53:08  INFO   [discover] tracking 149 touch markets
04:53:11  INFO   FILL buy_no will-bitcoin-reach-72pt5k-in-june- @83c fair=86.3c edge=+3.2c z=1.08
05:15:07  INFO   FILL buy_no will-bitcoin-reach-75k-in-june-202 @89c fair=93.5c edge=+4.4c z=0.8
05:15:07  INFO   Connection to remote host was lost. - reconnect
05:15:07  INFO   reconnect() - retrying in 2 seconds [6 frames in stack]
05:15:09  INFO   Websocket connected
05:15:14  INFO   Connection to remote host was lost. - reconnect
05:15:14  INFO   reconnect() - retrying in 2 seconds [6 frames in stack]
05:15:14  INFO   Connection to remote host was lost. - reconnect
05:15:14  INFO   reconnect() - retrying in 2 seconds [6 frames in stack]
05:15:14  INFO   Connection to remote host was lost. - reconnect
05:15:14  INFO   reconnect() - retrying in 2 seconds [6 frames in stack]
05:15:16  INFO   Websocket connected
05:15:16  INFO   Websocket connected
05:15:16  INFO   Websocket connected
05:15:41  INFO   [discover] tracking 149 touch markets
05:16:52  INFO   FILL buy_no will-bitcoin-dip-to-52pt5k-in-june @83c fair=87.2c edge=+3.8c z=0.87
05:17:36  INFO   FILL buy_no will-bitcoin-dip-to-50k-in-june-20 @90c fair=95.5c edge=+5.0c z=1.1
05:20:44  INFO   [discover] tracking 149 touch markets
05:25:47  INFO   [discover] tracking 149 touch markets
05:30:13  INFO   FILL buy_no will-bitcoin-reach-140000-by-decem @94c fair=98.7c edge=+4.6c z=1.21
05:30:14  INFO   FILL buy_no will-bitcoin-reach-150000-by-decem @95c fair=99.3c edge=+4.2c z=1.32
05:30:50  INFO   [discover] tracking 149 touch markets
05:35:16  INFO   FILL buy_no will-ethereum-dip-to-800-by-decemb @85c fair=91.6c edge=+6.5c z=0.89
05:35:53  INFO   [discover] tracking 149 touch markets
05:36:50  INFO   FILL buy_no will-bitcoin-dip-to-47pt5k-in-june @92c fair=98.7c edge=+6.3c z=1.32
05:40:56  INFO   [discover] tracking 149 touch markets
05:45:59  INFO   [discover] tracking 149 touch markets
05:53:18  INFO   ping/pong timed out - reconnect
05:53:18  INFO   reconnect() - retrying in 2 seconds [6 frames in stack]
05:53:18  INFO   ping/pong timed out - reconnect
05:53:18  INFO   reconnect() - retrying in 2 seconds [6 frames in stack]
05:53:19  INFO   ping/pong timed out - reconnect
05:53:19  INFO   reconnect() - retrying in 2 seconds [6 frames in stack]
05:53:20  INFO   Websocket connected
05:53:20  INFO   ping/pong timed out - reconnect
05:53:20  INFO   reconnect() - retrying in 2 seconds [6 frames in stack]
05:53:21  INFO   Websocket connected
05:53:22  INFO   Websocket connected
05:53:23  INFO   Websocket connected
05:54:42  INFO   ping/pong timed out - reconnect
05:54:42  INFO   reconnect() - retrying in 2 seconds [6 frames in stack]
05:54:45  INFO   Websocket connected
05:54:45  INFO   ping/pong timed out - reconnect
05:54:45  INFO   reconnect() - retrying in 2 seconds [6 frames in stack]
05:54:47  INFO   Websocket connected
06:10:38  INFO   FILL buy_no will-bitcoin-reach-67500-in-june-2 @47c fair=51.2c edge=+4.1c z=1.16
06:10:44  INFO   ping/pong timed out - reconnect
06:10:44  INFO   reconnect() - retrying in 2 seconds [6 frames in stack]
06:10:45  INFO   ping/pong timed out - reconnect
06:10:45  INFO   reconnect() - retrying in 2 seconds [6 frames in stack]
06:10:47  INFO   ping/pong timed out - reconnect
06:10:47  INFO   reconnect() - retrying in 2 seconds [6 frames in stack]
06:10:47  INFO   ping/pong timed out - reconnect
06:10:47  INFO   reconnect() - retrying in 2 seconds [6 frames in stack]
06:10:49  INFO   Websocket connected
06:10:49  INFO   Websocket connected
06:10:49  INFO   Websocket connected
06:10:49  INFO   Websocket connected
06:12:15  INFO   [discover] tracking 149 touch markets
06:17:19  INFO   [discover] tracking 149 touch markets
06:22:22  INFO   [discover] tracking 149 touch markets
06:27:23  INFO   FILL buy_no will-xrp-dip-to-1-in-june-2026     @56c fair=60.5c edge=+4.4c z=1.49
06:27:26  INFO   [discover] tracking 149 touch markets
06:46:48  INFO   Connection to remote host was lost. - reconnect
06:46:48  INFO   Connection to remote host was lost. - reconnect
06:46:48  INFO   reconnect() - retrying in 2 seconds [6 frames in stack]
06:46:48  INFO   reconnect() - retrying in 2 seconds [6 frames in stack]
06:46:50  INFO   Websocket connected
06:46:50  INFO   Websocket connected
06:46:56  INFO   ping/pong timed out - reconnect
06:46:56  INFO   reconnect() - retrying in 2 seconds [6 frames in stack]
06:46:57  INFO   ping/pong timed out - reconnect
06:46:57  INFO   reconnect() - retrying in 2 seconds [6 frames in stack]
06:46:59  INFO   Websocket connected
06:47:00  INFO   Websocket connected
06:47:06  INFO   FILL buy_no will-bitcoin-reach-67500-in-june-2 @48c fair=53.2c edge=+5.1c z=0.98
06:47:19  INFO   FILL buy_no will-ethereum-dip-to-1000-in-june- @95c fair=99.8c edge=+5.1c z=1.5
06:47:47  INFO   [discover] tracking 149 touch markets
06:56:33  INFO   ping/pong timed out - reconnect
06:56:33  INFO   reconnect() - retrying in 2 seconds [6 frames in stack]
06:56:33  INFO   ping/pong timed out - reconnect
06:56:33  INFO   reconnect() - retrying in 2 seconds [6 frames in stack]
06:56:33  INFO   ping/pong timed out - reconnect
06:56:33  INFO   reconnect() - retrying in 2 seconds [6 frames in stack]
06:56:33  INFO   ping/pong timed out - reconnect
06:56:33  INFO   reconnect() - retrying in 2 seconds [6 frames in stack]
06:56:35  INFO   Websocket connected
06:56:35  INFO   Websocket connected
06:56:35  INFO   Websocket connected
06:56:35  INFO   Websocket connected
06:57:03  INFO   FILL buy_no will-bitcoin-reach-72pt5k-in-june- @81c fair=86.3c edge=+5.2c z=1.65
07:14:27  INFO   ping/pong timed out - reconnect
07:14:27  INFO   reconnect() - retrying in 2 seconds [6 frames in stack]
07:14:27  INFO   ping/pong timed out - reconnect
07:14:27  INFO   reconnect() - retrying in 2 seconds [6 frames in stack]
07:14:27  INFO   ping/pong timed out - reconnect
07:14:27  INFO   reconnect() - retrying in 2 seconds [6 frames in stack]
07:14:29  INFO   ping/pong timed out - reconnect
07:14:29  INFO   reconnect() - retrying in 2 seconds [6 frames in stack]
07:14:29  INFO   Websocket connected
07:14:29  INFO   Websocket connected
07:14:29  INFO   Websocket connected
07:14:31  INFO   Websocket connected
07:15:23  INFO   [discover] tracking 149 touch markets
07:20:27  INFO   [discover] tracking 149 touch markets
07:25:30  INFO   [discover] tracking 149 touch markets
07:30:33  INFO   [discover] tracking 149 touch markets
07:35:36  INFO   [discover] tracking 149 touch markets
07:47:14  INFO   ping/pong timed out - reconnect
07:47:14  INFO   reconnect() - retrying in 2 seconds [6 frames in stack]
07:47:14  INFO   ping/pong timed out - reconnect
07:47:14  INFO   reconnect() - retrying in 2 seconds [6 frames in stack]
07:47:15  INFO   ping/pong timed out - reconnect
07:47:15  INFO   reconnect() - retrying in 2 seconds [6 frames in stack]
07:47:16  INFO   Websocket connected
07:47:17  INFO   Websocket connected
07:47:17  INFO   Websocket connected
07:47:20  INFO   ping/pong timed out - reconnect
07:47:20  INFO   reconnect() - retrying in 2 seconds [6 frames in stack]
07:47:22  INFO   Websocket connected
07:52:41  INFO   ping/pong timed out - reconnect
07:52:41  INFO   reconnect() - retrying in 2 seconds [6 frames in stack]
07:52:42  INFO   FILL buy_no will-bitcoin-reach-75k-in-june-202 @90c fair=93.2c edge=+3.1c z=0.77
07:52:44  INFO   Websocket connected
07:52:48  INFO   ping/pong timed out - reconnect
07:52:48  INFO   reconnect() - retrying in 2 seconds [6 frames in stack]
07:52:50  INFO   ping/pong timed out - reconnect
07:52:50  INFO   ping/pong timed out - reconnect
07:52:50  INFO   reconnect() - retrying in 2 seconds [6 frames in stack]
07:52:50  INFO   reconnect() - retrying in 2 seconds [6 frames in stack]
07:52:50  INFO   Websocket connected
07:52:52  INFO   Websocket connected
07:52:52  INFO   Websocket connected
08:03:25  INFO   FILL buy_no will-bitcoin-reach-67500-in-june-2 @47c fair=50.9c edge=+3.8c z=1.14
08:03:32  INFO   ping/pong timed out - reconnect
08:03:32  INFO   reconnect() - retrying in 2 seconds [6 frames in stack]
08:03:35  INFO   Websocket connected
08:03:37  INFO   ping/pong timed out - reconnect
08:03:37  INFO   reconnect() - retrying in 2 seconds [6 frames in stack]
08:03:37  INFO   ping/pong timed out - reconnect
08:03:37  INFO   reconnect() - retrying in 2 seconds [6 frames in stack]
08:03:40  INFO   Websocket connected
08:03:40  INFO   Websocket connected
08:04:31  INFO   [discover] tracking 149 touch markets
08:09:34  INFO   [discover] tracking 149 touch markets
08:13:32  INFO   FILL buy_no will-bitcoin-dip-to-30000-by-decem @84c fair=91.0c edge=+6.9c z=1.13
08:14:37  INFO   [discover] tracking 149 touch markets
08:19:41  INFO   [discover] tracking 149 touch markets
08:24:44  INFO   [discover] tracking 149 touch markets
08:26:35  INFO   FILL buy_no will-bitcoin-dip-to-35000-by-decem @78c fair=81.1c edge=+3.0c z=0.9
08:29:48  INFO   [discover] tracking 149 touch markets
08:34:51  INFO   [discover] tracking 149 touch markets
08:37:24  INFO   FILL buy_no will-bitcoin-dip-to-50k-in-june-20 @90c fair=95.9c edge=+6.2c z=1.1
08:39:54  INFO   [discover] tracking 149 touch markets
08:44:58  INFO   [discover] tracking 149 touch markets
08:47:46  INFO   FILL buy_no will-bitcoin-dip-to-47pt5k-in-june @93c fair=98.5c edge=+5.5c z=1.34
08:50:01  INFO   [discover] tracking 149 touch markets
08:55:05  INFO   [discover] tracking 149 touch markets
09:00:08  INFO   [discover] tracking 149 touch markets
09:05:13  INFO   [discover] tracking 149 touch markets
09:10:16  INFO   [discover] tracking 149 touch markets
09:15:19  INFO   [discover] tracking 149 touch markets
09:22:29  INFO   ping/pong timed out - reconnect
09:22:29  INFO   reconnect() - retrying in 2 seconds [6 frames in stack]
09:22:29  INFO   ping/pong timed out - reconnect
09:22:29  INFO   ping/pong timed out - reconnect
09:22:29  INFO   reconnect() - retrying in 2 seconds [6 frames in stack]
09:22:29  INFO   reconnect() - retrying in 2 seconds [6 frames in stack]
09:22:31  INFO   Websocket connected
09:22:31  INFO   Websocket connected
09:22:31  INFO   Websocket connected
09:22:36  INFO   ping/pong timed out - reconnect
09:22:36  INFO   reconnect() - retrying in 2 seconds [6 frames in stack]
09:22:38  INFO   Websocket connected
09:24:01  INFO   ping/pong timed out - reconnect
09:24:01  INFO   reconnect() - retrying in 2 seconds [6 frames in stack]
09:24:03  INFO   [discover] tracking 149 touch markets
09:24:03  INFO   Websocket connected
09:24:05  INFO   ping/pong timed out - reconnect
09:24:05  INFO   reconnect() - retrying in 2 seconds [6 frames in stack]
09:24:07  INFO   Websocket connected
09:26:20  INFO   ping/pong timed out - reconnect
09:26:20  INFO   reconnect() - retrying in 2 seconds [6 frames in stack]
09:26:20  INFO   ping/pong timed out - reconnect
09:26:20  INFO   reconnect() - retrying in 2 seconds [6 frames in stack]
09:26:22  INFO   Websocket connected
09:26:23  INFO   Websocket connected
09:26:25  INFO   ping/pong timed out - reconnect
09:26:25  INFO   reconnect() - retrying in 2 seconds [6 frames in stack]
09:26:25  INFO   ping/pong timed out - reconnect
09:26:25  INFO   reconnect() - retrying in 2 seconds [6 frames in stack]
09:26:27  INFO   Websocket connected
09:26:28  INFO   Websocket connected
09:29:27  INFO   ping/pong timed out - reconnect
09:29:27  INFO   reconnect() - retrying in 2 seconds [6 frames in stack]
09:29:29  INFO   Websocket connected
09:29:31  INFO   ping/pong timed out - reconnect
09:29:31  INFO   reconnect() - retrying in 2 seconds [6 frames in stack]
09:29:32  INFO   ping/pong timed out - reconnect
09:29:32  INFO   reconnect() - retrying in 2 seconds [6 frames in stack]
09:29:32  INFO   ping/pong timed out - reconnect
09:29:32  INFO   reconnect() - retrying in 2 seconds [6 frames in stack]
09:29:34  INFO   Websocket connected
09:29:35  INFO   Websocket connected
09:29:35  INFO   Websocket connected
09:37:44  INFO   ping/pong timed out - reconnect
09:37:44  INFO   reconnect() - retrying in 2 seconds [6 frames in stack]
09:37:47  INFO   Websocket connected
09:37:47  INFO   ping/pong timed out - reconnect
09:37:47  INFO   reconnect() - retrying in 2 seconds [6 frames in stack]
09:37:47  INFO   ping/pong timed out - reconnect
09:37:47  INFO   reconnect() - retrying in 2 seconds [6 frames in stack]
09:37:49  INFO   Websocket connected
09:37:49  INFO   Websocket connected
09:38:39  INFO   FILL buy_no will-bitcoin-dip-to-47pt5k-in-june @93c fair=98.9c edge=+5.7c z=1.35
09:40:20  INFO   ping/pong timed out - reconnect
09:40:20  INFO   reconnect() - retrying in 2 seconds [6 frames in stack]
09:40:22  INFO   Websocket connected
09:40:24  INFO   ping/pong timed out - reconnect
09:40:24  INFO   reconnect() - retrying in 2 seconds [6 frames in stack]
09:40:26  INFO   Websocket connected
09:40:33  INFO   [discover] tracking 149 touch markets
09:45:09  INFO   ping/pong timed out - reconnect
09:45:09  INFO   reconnect() - retrying in 2 seconds [6 frames in stack]
09:45:13  INFO   Websocket connected
09:45:14  INFO   ping/pong timed out - reconnect
09:45:14  INFO   reconnect() - retrying in 2 seconds [6 frames in stack]
09:45:14  INFO   ping/pong timed out - reconnect
09:45:14  INFO   reconnect() - retrying in 2 seconds [6 frames in stack]
09:45:15  INFO   ping/pong timed out - reconnect
09:45:15  INFO   reconnect() - retrying in 2 seconds [6 frames in stack]
09:45:16  INFO   Websocket connected
09:45:16  INFO   Websocket connected
09:45:17  INFO   Websocket connected
09:59:37  INFO   ping/pong timed out - reconnect
09:59:37  INFO   reconnect() - retrying in 2 seconds [6 frames in stack]
09:59:40  INFO   Websocket connected
09:59:43  INFO   ping/pong timed out - reconnect
09:59:43  INFO   reconnect() - retrying in 2 seconds [6 frames in stack]
09:59:44  INFO   ping/pong timed out - reconnect
09:59:44  INFO   reconnect() - retrying in 2 seconds [6 frames in stack]
09:59:44  INFO   ping/pong timed out - reconnect
09:59:44  INFO   reconnect() - retrying in 2 seconds [6 frames in stack]
09:59:45  INFO   Websocket connected
09:59:46  INFO   Websocket connected
09:59:46  INFO   Websocket connected
10:03:39  INFO   ping/pong timed out - reconnect
10:03:39  INFO   reconnect() - retrying in 2 seconds [6 frames in stack]
10:03:39  INFO   ping/pong timed out - reconnect
10:03:39  INFO   reconnect() - retrying in 2 seconds [6 frames in stack]
10:03:39  INFO   ping/pong timed out - reconnect
10:03:39  INFO   reconnect() - retrying in 2 seconds [6 frames in stack]
10:03:41  INFO   Websocket connected
10:03:41  INFO   Websocket connected
10:03:41  INFO   Websocket connected
10:03:44  INFO   ping/pong timed out - reconnect
10:03:44  INFO   reconnect() - retrying in 2 seconds [6 frames in stack]
10:03:46  INFO   Websocket connected
10:04:56  INFO   [discover] tracking 149 touch markets
10:09:59  INFO   [discover] tracking 149 touch markets
10:15:02  INFO   [discover] tracking 149 touch markets
10:20:32  INFO   ping/pong timed out - reconnect
10:20:32  INFO   reconnect() - retrying in 2 seconds [6 frames in stack]
10:20:33  INFO   ping/pong timed out - reconnect
10:20:33  INFO   reconnect() - retrying in 2 seconds [6 frames in stack]
10:20:34  INFO   Websocket connected
10:20:35  INFO   Websocket connected
10:20:36  INFO   ping/pong timed out - reconnect
10:20:36  INFO   reconnect() - retrying in 2 seconds [6 frames in stack]
10:20:38  INFO   ping/pong timed out - reconnect
10:20:38  INFO   reconnect() - retrying in 2 seconds [6 frames in stack]
10:20:38  INFO   Websocket connected
10:20:40  INFO   Websocket connected
10:20:42  INFO   [discover] tracking 149 touch markets
10:21:47  INFO   ping/pong timed out - reconnect
10:21:47  INFO   reconnect() - retrying in 2 seconds [6 frames in stack]
10:21:49  INFO   Websocket connected
10:21:52  INFO   ping/pong timed out - reconnect
10:21:52  INFO   reconnect() - retrying in 2 seconds [6 frames in stack]
10:21:54  INFO   Websocket connected
10:22:38  INFO   ping/pong timed out - reconnect
10:22:38  INFO   reconnect() - retrying in 2 seconds [6 frames in stack]
10:22:38  INFO   ping/pong timed out - reconnect
10:22:38  INFO   reconnect() - retrying in 2 seconds [6 frames in stack]
10:22:40  INFO   Websocket connected
10:22:40  INFO   Websocket connected
10:26:32  INFO   [discover] tracking 149 touch markets
10:32:58  INFO   ping/pong timed out - reconnect
10:32:58  INFO   reconnect() - retrying in 2 seconds [6 frames in stack]
10:32:58  INFO   ping/pong timed out - reconnect
10:32:58  INFO   reconnect() - retrying in 2 seconds [6 frames in stack]
10:33:00  INFO   Websocket connected
10:33:00  INFO   Websocket connected
10:33:02  INFO   ping/pong timed out - reconnect
10:33:02  INFO   reconnect() - retrying in 2 seconds [6 frames in stack]
10:33:02  INFO   [discover] tracking 149 touch markets
10:33:04  INFO   Websocket connected
10:35:32  INFO   FILL buy_no will-ethereum-dip-to-1400-in-june- @74c fair=78.4c edge=+4.4c z=1.48
10:36:42  INFO   ping/pong timed out - reconnect
10:36:42  INFO   reconnect() - retrying in 2 seconds [6 frames in stack]
10:36:44  INFO   Websocket connected
10:37:29  INFO   ping/pong timed out - reconnect
10:37:29  INFO   reconnect() - retrying in 2 seconds [6 frames in stack]
10:37:31  INFO   Websocket connected
10:39:00  INFO   ping/pong timed out - reconnect
10:39:00  INFO   reconnect() - retrying in 2 seconds [6 frames in stack]
10:39:02  INFO   Websocket connected
10:39:04  INFO   ping/pong timed out - reconnect
10:39:04  INFO   reconnect() - retrying in 2 seconds [6 frames in stack]
10:39:06  INFO   Websocket connected
10:39:07  INFO   ping/pong timed out - reconnect
10:39:07  INFO   reconnect() - retrying in 2 seconds [6 frames in stack]
10:39:09  INFO   Websocket connected
10:41:20  INFO   [discover] tracking 149 touch markets
10:41:45  INFO   ping/pong timed out - reconnect
10:41:45  INFO   reconnect() - retrying in 2 seconds [6 frames in stack]
10:41:48  INFO   Websocket connected
10:42:39  INFO   ping/pong timed out - reconnect
10:42:39  INFO   reconnect() - retrying in 2 seconds [6 frames in stack]
10:42:41  INFO   Websocket connected
10:44:37  INFO   ping/pong timed out - reconnect
10:44:37  INFO   reconnect() - retrying in 2 seconds [6 frames in stack]
10:44:38  INFO   ping/pong timed out - reconnect
10:44:38  INFO   reconnect() - retrying in 2 seconds [6 frames in stack]
10:44:38  INFO   ping/pong timed out - reconnect
10:44:38  INFO   reconnect() - retrying in 2 seconds [6 frames in stack]
10:44:39  INFO   Websocket connected
10:44:40  INFO   Websocket connected
10:44:41  INFO   Websocket connected
10:47:19  INFO   ping/pong timed out - reconnect
10:47:19  INFO   reconnect() - retrying in 2 seconds [6 frames in stack]
10:47:21  INFO   Websocket connected
10:47:21  INFO   [discover] tracking 149 touch markets
10:50:55  INFO   ping/pong timed out - reconnect
10:50:55  INFO   reconnect() - retrying in 2 seconds [6 frames in stack]
10:50:57  INFO   Websocket connected
10:52:21  INFO   ping/pong timed out - reconnect
10:52:21  INFO   reconnect() - retrying in 2 seconds [6 frames in stack]
10:52:25  INFO   Websocket connected
10:53:14  INFO   [discover] tracking 149 touch markets
10:55:19  INFO   ping/pong timed out - reconnect
10:55:19  INFO   reconnect() - retrying in 2 seconds [6 frames in stack]
10:55:21  INFO   ping/pong timed out - reconnect
10:55:21  INFO   reconnect() - retrying in 2 seconds [6 frames in stack]
10:55:21  INFO   Websocket connected
10:55:23  INFO   Websocket connected
10:55:26  INFO   ping/pong timed out - reconnect
10:55:26  INFO   reconnect() - retrying in 2 seconds [6 frames in stack]
10:55:27  INFO   ping/pong timed out - reconnect
10:55:27  INFO   reconnect() - retrying in 2 seconds [6 frames in stack]
10:55:29  INFO   Websocket connected
10:55:29  INFO   Websocket connected
10:57:40  INFO   ping/pong timed out - reconnect
10:57:40  INFO   reconnect() - retrying in 2 seconds [6 frames in stack]
10:57:40  INFO   ping/pong timed out - reconnect
10:57:40  INFO   reconnect() - retrying in 2 seconds [6 frames in stack]
10:57:40  INFO   ping/pong timed out - reconnect
10:57:40  INFO   reconnect() - retrying in 2 seconds [6 frames in stack]
10:57:42  INFO   Websocket connected
10:57:42  INFO   Websocket connected
10:57:42  INFO   Websocket connected
10:57:45  INFO   ping/pong timed out - reconnect
10:57:45  INFO   reconnect() - retrying in 2 seconds [6 frames in stack]
10:57:47  INFO   Websocket connected
10:59:07  INFO   ping/pong timed out - reconnect
10:59:07  INFO   reconnect() - retrying in 2 seconds [6 frames in stack]
10:59:07  INFO   ping/pong timed out - reconnect
10:59:07  INFO   reconnect() - retrying in 2 seconds [6 frames in stack]
10:59:09  INFO   Websocket connected
10:59:10  INFO   Websocket connected
10:59:11  INFO   ping/pong timed out - reconnect
10:59:11  INFO   reconnect() - retrying in 2 seconds [6 frames in stack]
10:59:11  INFO   ping/pong timed out - reconnect
10:59:11  INFO   reconnect() - retrying in 2 seconds [6 frames in stack]
10:59:13  INFO   Websocket connected
10:59:14  INFO   Websocket connected
11:00:52  INFO   ping/pong timed out - reconnect
11:00:52  INFO   reconnect() - retrying in 2 seconds [6 frames in stack]
11:00:54  INFO   Websocket connected
11:01:18  INFO   [discover] tracking 149 touch markets
11:01:46  INFO   ping/pong timed out - reconnect
11:01:46  INFO   reconnect() - retrying in 2 seconds [6 frames in stack]
11:01:46  INFO   ping/pong timed out - reconnect
11:01:46  INFO   reconnect() - retrying in 2 seconds [6 frames in stack]
11:01:48  INFO   Websocket connected
11:01:48  INFO   Websocket connected
11:02:40  INFO   ping/pong timed out - reconnect
11:02:40  INFO   reconnect() - retrying in 2 seconds [6 frames in stack]
11:02:43  INFO   Websocket connected
11:03:34  INFO   ping/pong timed out - reconnect
11:03:34  INFO   reconnect() - retrying in 2 seconds [6 frames in stack]
11:03:35  INFO   ping/pong timed out - reconnect
11:03:35  INFO   reconnect() - retrying in 2 seconds [6 frames in stack]
11:03:36  INFO   Websocket connected
11:03:37  INFO   Websocket connected
11:04:28  INFO   ping/pong timed out - reconnect
11:04:28  INFO   reconnect() - retrying in 2 seconds [6 frames in stack]
11:04:30  INFO   Websocket connected
11:07:11  INFO   [discover] tracking 149 touch markets
11:08:04  INFO   ping/pong timed out - reconnect
11:08:04  INFO   reconnect() - retrying in 2 seconds [6 frames in stack]
11:08:06  INFO   Websocket connected
11:08:58  INFO   ping/pong timed out - reconnect
11:08:58  INFO   reconnect() - retrying in 2 seconds [6 frames in stack]
11:09:01  INFO   Websocket connected
11:11:38  INFO   ping/pong timed out - reconnect
11:11:38  INFO   reconnect() - retrying in 2 seconds [6 frames in stack]
11:11:40  INFO   Websocket connected
11:12:54  INFO   [discover] tracking 149 touch markets
11:13:25  INFO   ping/pong timed out - reconnect
11:13:25  INFO   reconnect() - retrying in 2 seconds [6 frames in stack]
11:13:25  INFO   ping/pong timed out - reconnect
11:13:25  INFO   reconnect() - retrying in 2 seconds [6 frames in stack]
11:13:27  INFO   Websocket connected
11:13:28  INFO   Websocket connected
11:14:20  INFO   ping/pong timed out - reconnect
11:14:20  INFO   reconnect() - retrying in 2 seconds [6 frames in stack]
11:14:22  INFO   Websocket connected
11:18:19  INFO   FILL buy_no will-xrp-reach-1pt4-in-june-2026   @71c fair=74.5c edge=+3.4c z=0.79
11:19:25  INFO   ping/pong timed out - reconnect
11:19:25  INFO   reconnect() - retrying in 2 seconds [6 frames in stack]
11:19:25  INFO   ping/pong timed out - reconnect
11:19:25  INFO   reconnect() - retrying in 2 seconds [6 frames in stack]
11:19:28  INFO   Websocket connected
11:19:28  INFO   Websocket connected
11:19:30  INFO   ping/pong timed out - reconnect
11:19:30  INFO   reconnect() - retrying in 2 seconds [6 frames in stack]
11:19:30  INFO   ping/pong timed out - reconnect
11:19:30  INFO   reconnect() - retrying in 2 seconds [6 frames in stack]
11:19:32  INFO   Websocket connected
11:19:32  INFO   Websocket connected
11:20:18  INFO   [discover] tracking 149 touch markets
11:23:32  INFO   ping/pong timed out - reconnect
11:23:32  INFO   reconnect() - retrying in 2 seconds [6 frames in stack]
11:23:33  INFO   ping/pong timed out - reconnect
11:23:33  INFO   reconnect() - retrying in 2 seconds [6 frames in stack]
11:23:34  INFO   Websocket connected
11:23:35  INFO   Websocket connected
11:23:36  INFO   ping/pong timed out - reconnect
11:23:36  INFO   reconnect() - retrying in 2 seconds [6 frames in stack]
11:23:36  INFO   ping/pong timed out - reconnect
11:23:36  INFO   reconnect() - retrying in 2 seconds [6 frames in stack]
11:23:38  INFO   Websocket connected
11:23:38  INFO   Websocket connected
11:27:08  INFO   ping/pong timed out - reconnect
11:27:08  INFO   reconnect() - retrying in 2 seconds [6 frames in stack]
11:27:09  INFO   ping/pong timed out - reconnect
11:27:09  INFO   reconnect() - retrying in 2 seconds [6 frames in stack]
11:27:10  INFO   Websocket connected
11:27:11  INFO   Websocket connected
11:27:14  INFO   ping/pong timed out - reconnect
11:27:14  INFO   reconnect() - retrying in 2 seconds [6 frames in stack]
11:27:14  INFO   ping/pong timed out - reconnect
11:27:14  INFO   reconnect() - retrying in 2 seconds [6 frames in stack]
11:27:16  INFO   Websocket connected
11:27:16  INFO   Websocket connected
11:30:28  INFO   ping/pong timed out - reconnect
11:30:28  INFO   reconnect() - retrying in 2 seconds [6 frames in stack]
11:30:30  INFO   Websocket connected
11:30:32  INFO   ping/pong timed out - reconnect
11:30:32  INFO   reconnect() - retrying in 2 seconds [6 frames in stack]
11:30:35  INFO   Websocket connected
11:30:35  INFO   ping/pong timed out - reconnect
11:30:35  INFO   reconnect() - retrying in 2 seconds [6 frames in stack]
11:30:37  INFO   Websocket connected
11:31:32  INFO   ping/pong timed out - reconnect
11:31:32  INFO   reconnect() - retrying in 2 seconds [6 frames in stack]
11:31:32  INFO   ping/pong timed out - reconnect
11:31:32  INFO   reconnect() - retrying in 2 seconds [6 frames in stack]
11:31:34  INFO   Websocket connected
11:31:34  INFO   Websocket connected
11:31:35  INFO   ping/pong timed out - reconnect
11:31:35  INFO   reconnect() - retrying in 2 seconds [6 frames in stack]
11:31:38  INFO   Websocket connected
11:32:39  INFO   [discover] tracking 149 touch markets
11:33:52  INFO   ping/pong timed out - reconnect
11:33:52  INFO   reconnect() - retrying in 2 seconds [6 frames in stack]
11:33:55  INFO   ping/pong timed out - reconnect
11:33:55  INFO   reconnect() - retrying in 2 seconds [6 frames in stack]
11:33:55  INFO   Websocket connected
11:33:56  INFO   ping/pong timed out - reconnect
11:33:56  INFO   reconnect() - retrying in 2 seconds [6 frames in stack]
11:33:57  INFO   Websocket connected
11:33:59  INFO   Websocket connected
11:34:08  INFO   FILL buy_no will-solana-dip-to-50-in-june-2026 @85c fair=88.5c edge=+3.2c z=1.62
11:36:48  INFO   ping/pong timed out - reconnect
11:36:48  INFO   reconnect() - retrying in 2 seconds [6 frames in stack]
11:36:48  INFO   ping/pong timed out - reconnect
11:36:48  INFO   reconnect() - retrying in 2 seconds [6 frames in stack]
11:36:50  INFO   ping/pong timed out - reconnect
11:36:50  INFO   reconnect() - retrying in 2 seconds [6 frames in stack]
11:36:50  INFO   Websocket connected
11:36:50  INFO   Websocket connected
11:36:52  INFO   Websocket connected
11:36:53  INFO   ping/pong timed out - reconnect
11:36:53  INFO   reconnect() - retrying in 2 seconds [6 frames in stack]
11:36:55  INFO   Websocket connected
11:39:37  INFO   ping/pong timed out - reconnect
11:39:37  INFO   reconnect() - retrying in 2 seconds [6 frames in stack]
11:39:38  INFO   ping/pong timed out - reconnect
11:39:38  INFO   reconnect() - retrying in 2 seconds [6 frames in stack]
11:39:39  INFO   Websocket connected
11:39:40  INFO   Websocket connected
11:39:41  INFO   ping/pong timed out - reconnect
11:39:41  INFO   reconnect() - retrying in 2 seconds [6 frames in stack]
11:39:44  INFO   Websocket connected
11:41:07  INFO   ping/pong timed out - reconnect
11:41:07  INFO   reconnect() - retrying in 2 seconds [6 frames in stack]
11:41:08  INFO   ping/pong timed out - reconnect
11:41:08  INFO   reconnect() - retrying in 2 seconds [6 frames in stack]
11:41:08  INFO   ping/pong timed out - reconnect
11:41:08  INFO   reconnect() - retrying in 2 seconds [6 frames in stack]
11:41:09  INFO   ping/pong timed out - reconnect
11:41:09  INFO   reconnect() - retrying in 2 seconds [6 frames in stack]
11:41:10  INFO   Websocket connected
11:41:11  INFO   Websocket connected
11:41:11  INFO   Websocket connected
11:41:11  INFO   Websocket connected
11:43:04  INFO   ping/pong timed out - reconnect
11:43:04  INFO   reconnect() - retrying in 2 seconds [6 frames in stack]
11:43:06  INFO   ping/pong timed out - reconnect
11:43:06  INFO   reconnect() - retrying in 2 seconds [6 frames in stack]
11:43:06  INFO   Websocket connected
11:43:07  INFO   ping/pong timed out - reconnect
11:43:07  INFO   reconnect() - retrying in 2 seconds [6 frames in stack]
11:43:08  INFO   Websocket connected
11:43:10  INFO   Websocket connected
11:43:12  INFO   ping/pong timed out - reconnect
11:43:12  INFO   reconnect() - retrying in 2 seconds [6 frames in stack]
11:43:13  INFO   FILL buy_no will-ethereum-dip-to-1300-in-june- @84c fair=92.8c edge=+9.3c z=0.98
11:43:15  INFO   Websocket connected
11:45:04  INFO   ping/pong timed out - reconnect
11:45:04  INFO   reconnect() - retrying in 2 seconds [6 frames in stack]
11:45:06  INFO   ping/pong timed out - reconnect
11:45:06  INFO   reconnect() - retrying in 2 seconds [6 frames in stack]
11:45:07  INFO   Websocket connected
11:45:07  INFO   ping/pong timed out - reconnect
11:45:07  INFO   reconnect() - retrying in 2 seconds [6 frames in stack]
11:45:08  INFO   Websocket connected
11:45:09  INFO   Websocket connected
11:45:11  INFO   ping/pong timed out - reconnect
11:45:11  INFO   reconnect() - retrying in 2 seconds [6 frames in stack]
11:45:13  INFO   Websocket connected
11:45:44  INFO   [discover] tracking 149 touch markets
11:46:43  INFO   ping/pong timed out - reconnect
11:46:43  INFO   reconnect() - retrying in 2 seconds [6 frames in stack]
11:46:45  INFO   Websocket connected
11:46:47  INFO   ping/pong timed out - reconnect
11:46:47  INFO   ping/pong timed out - reconnect
11:46:47  INFO   reconnect() - retrying in 2 seconds [6 frames in stack]
11:46:47  INFO   reconnect() - retrying in 2 seconds [6 frames in stack]
11:46:49  INFO   Websocket connected
11:46:49  INFO   Websocket connected
11:47:50  INFO   ping/pong timed out - reconnect
11:47:50  INFO   reconnect() - retrying in 2 seconds [6 frames in stack]
11:47:52  INFO   Websocket connected
11:47:52  INFO   ping/pong timed out - reconnect
11:47:52  INFO   reconnect() - retrying in 2 seconds [6 frames in stack]
11:47:55  INFO   Websocket connected
11:49:09  INFO   ping/pong timed out - reconnect
11:49:09  INFO   reconnect() - retrying in 2 seconds [6 frames in stack]
11:49:09  INFO   ping/pong timed out - reconnect
11:49:09  INFO   reconnect() - retrying in 2 seconds [6 frames in stack]
11:49:11  INFO   Websocket connected
11:49:11  INFO   Websocket connected
11:49:14  INFO   ping/pong timed out - reconnect
11:49:14  INFO   reconnect() - retrying in 2 seconds [6 frames in stack]
11:49:16  INFO   Websocket connected
11:51:10  INFO   ping/pong timed out - reconnect
11:51:10  INFO   reconnect() - retrying in 2 seconds [6 frames in stack]
11:51:11  INFO   ping/pong timed out - reconnect
11:51:11  INFO   reconnect() - retrying in 2 seconds [6 frames in stack]
11:51:11  INFO   ping/pong timed out - reconnect
11:51:11  INFO   reconnect() - retrying in 2 seconds [6 frames in stack]
11:51:14  INFO   Websocket connected
11:51:14  INFO   Websocket connected
11:51:14  INFO   Websocket connected
11:52:51  INFO   FILL buy_no will-bitcoin-reach-72pt5k-in-june- @81c fair=84.3c edge=+3.2c z=1.55
11:52:57  INFO   ping/pong timed out - reconnect
11:52:57  INFO   reconnect() - retrying in 2 seconds [6 frames in stack]
11:52:57  INFO   ping/pong timed out - reconnect
11:52:57  INFO   reconnect() - retrying in 2 seconds [6 frames in stack]
11:52:59  INFO   ping/pong timed out - reconnect
11:52:59  INFO   reconnect() - retrying in 2 seconds [6 frames in stack]
11:52:59  INFO   Websocket connected
11:53:00  INFO   Websocket connected
11:53:01  INFO   Websocket connected
11:53:04  INFO   ping/pong timed out - reconnect
11:53:04  INFO   reconnect() - retrying in 2 seconds [6 frames in stack]
11:53:06  INFO   Websocket connected
11:53:50  INFO   ping/pong timed out - reconnect
11:53:50  INFO   reconnect() - retrying in 2 seconds [6 frames in stack]
11:53:53  INFO   Websocket connected
11:54:12  INFO   FILL buy_no will-bitcoin-dip-to-50k-in-june-20 @90c fair=97.2c edge=+6.8c z=1.13
11:55:05  INFO   [discover] tracking 149 touch markets
11:56:00  INFO   ping/pong timed out - reconnect
11:56:00  INFO   reconnect() - retrying in 2 seconds [6 frames in stack]
11:56:00  INFO   ping/pong timed out - reconnect
11:56:00  INFO   reconnect() - retrying in 2 seconds [6 frames in stack]
11:56:03  INFO   Websocket connected
11:56:03  INFO   Websocket connected
11:57:03  INFO   ping/pong timed out - reconnect
11:57:03  INFO   reconnect() - retrying in 2 seconds [6 frames in stack]
11:57:05  INFO   ping/pong timed out - reconnect
11:57:05  INFO   reconnect() - retrying in 2 seconds [6 frames in stack]
11:57:05  INFO   ping/pong timed out - reconnect
11:57:05  INFO   reconnect() - retrying in 2 seconds [6 frames in stack]
11:57:12  INFO   Websocket connected
11:57:12  INFO   Websocket connected
11:57:12  INFO   Websocket connected
11:57:40  INFO   FILL buy_no will-bitcoin-reach-77pt5k-in-june- @94c fair=97.2c edge=+3.1c z=0.9
11:58:59  INFO   ping/pong timed out - reconnect
11:58:59  INFO   reconnect() - retrying in 2 seconds [6 frames in stack]
11:58:59  INFO   ping/pong timed out - reconnect
11:58:59  INFO   reconnect() - retrying in 2 seconds [6 frames in stack]
11:58:59  INFO   ping/pong timed out - reconnect
11:58:59  INFO   reconnect() - retrying in 2 seconds [6 frames in stack]
11:59:01  INFO   Websocket connected
11:59:01  INFO   Websocket connected
11:59:01  INFO   Websocket connected
11:59:02  INFO   ping/pong timed out - reconnect
11:59:02  INFO   reconnect() - retrying in 2 seconds [6 frames in stack]
11:59:04  INFO   Websocket connected
12:01:56  INFO   FILL buy_no will-solana-dip-to-50-in-june-2026 @85c fair=89.5c edge=+4.2c z=1.61
12:02:03  INFO   ping/pong timed out - reconnect
12:02:03  INFO   ping/pong timed out - reconnect
12:02:03  INFO   reconnect() - retrying in 2 seconds [6 frames in stack]
12:02:03  INFO   reconnect() - retrying in 2 seconds [6 frames in stack]
12:02:03  INFO   ping/pong timed out - reconnect
12:02:03  INFO   reconnect() - retrying in 2 seconds [6 frames in stack]
12:02:04  INFO   ping/pong timed out - reconnect
12:02:04  INFO   reconnect() - retrying in 2 seconds [6 frames in stack]
12:02:05  INFO   Websocket connected
12:02:05  INFO   Websocket connected
12:02:05  INFO   Websocket connected
12:02:06  INFO   Websocket connected
12:05:14  INFO   ping/pong timed out - reconnect
12:05:14  INFO   reconnect() - retrying in 2 seconds [6 frames in stack]
12:05:15  INFO   ping/pong timed out - reconnect
12:05:15  INFO   reconnect() - retrying in 2 seconds [6 frames in stack]
12:05:16  INFO   ping/pong timed out - reconnect
12:05:16  INFO   ping/pong timed out - reconnect
12:05:16  INFO   reconnect() - retrying in 2 seconds [6 frames in stack]
12:05:16  INFO   reconnect() - retrying in 2 seconds [6 frames in stack]
12:05:20  INFO   Websocket connected
12:05:20  INFO   Websocket connected
12:05:20  INFO   Websocket connected
12:05:20  INFO   Websocket connected
12:05:50  INFO   [discover] tracking 149 touch markets
12:08:22  INFO   ping/pong timed out - reconnect
12:08:22  INFO   reconnect() - retrying in 2 seconds [6 frames in stack]
12:08:22  INFO   ping/pong timed out - reconnect
12:08:22  INFO   reconnect() - retrying in 2 seconds [6 frames in stack]
12:08:23  INFO   ping/pong timed out - reconnect
12:08:23  INFO   reconnect() - retrying in 2 seconds [6 frames in stack]
12:08:23  INFO   ping/pong timed out - reconnect
12:08:23  INFO   reconnect() - retrying in 2 seconds [6 frames in stack]
12:08:24  INFO   Websocket connected
12:08:25  INFO   Websocket connected
12:08:26  INFO   Websocket connected
12:08:26  INFO   Websocket connected
12:11:26  INFO   ping/pong timed out - reconnect
12:11:26  INFO   reconnect() - retrying in 2 seconds [6 frames in stack]
12:11:26  INFO   ping/pong timed out - reconnect
12:11:26  INFO   reconnect() - retrying in 2 seconds [6 frames in stack]
12:11:27  INFO   ping/pong timed out - reconnect
12:11:27  INFO   reconnect() - retrying in 2 seconds [6 frames in stack]
12:11:27  INFO   ping/pong timed out - reconnect
12:11:27  INFO   reconnect() - retrying in 2 seconds [6 frames in stack]
12:11:28  INFO   Websocket connected
12:11:29  INFO   Websocket connected
12:11:29  INFO   Websocket connected
12:11:29  INFO   Websocket connected
12:14:38  INFO   ping/pong timed out - reconnect
12:14:38  INFO   reconnect() - retrying in 2 seconds [6 frames in stack]
12:14:39  INFO   ping/pong timed out - reconnect
12:14:39  INFO   reconnect() - retrying in 2 seconds [6 frames in stack]
12:14:40  INFO   Websocket connected
12:14:41  INFO   Websocket connected
12:14:43  INFO   ping/pong timed out - reconnect
12:14:43  INFO   reconnect() - retrying in 2 seconds [6 frames in stack]
12:14:43  INFO   ping/pong timed out - reconnect
12:14:43  INFO   reconnect() - retrying in 2 seconds [6 frames in stack]
12:14:46  INFO   Websocket connected
12:14:46  INFO   Websocket connected
12:18:04  INFO   ping/pong timed out - reconnect
12:18:04  INFO   reconnect() - retrying in 2 seconds [6 frames in stack]
12:18:07  INFO   Websocket connected
12:18:07  INFO   ping/pong timed out - reconnect
12:18:07  INFO   reconnect() - retrying in 2 seconds [6 frames in stack]
12:18:10  INFO   ping/pong timed out - reconnect
12:18:10  INFO   reconnect() - retrying in 2 seconds [6 frames in stack]
12:18:10  INFO   Websocket connected
12:18:10  INFO   ping/pong timed out - reconnect
12:18:10  INFO   reconnect() - retrying in 2 seconds [6 frames in stack]
12:18:12  INFO   Websocket connected
12:18:12  INFO   Websocket connected
12:18:42  INFO   [discover] tracking 149 touch markets
12:21:02  INFO   ping/pong timed out - reconnect
12:21:02  INFO   reconnect() - retrying in 2 seconds [6 frames in stack]
12:21:04  INFO   Websocket connected
12:21:07  INFO   ping/pong timed out - reconnect
12:21:07  INFO   reconnect() - retrying in 2 seconds [6 frames in stack]
12:21:07  INFO   ping/pong timed out - reconnect
12:21:07  INFO   reconnect() - retrying in 2 seconds [6 frames in stack]
12:21:07  INFO   ping/pong timed out - reconnect
12:21:07  INFO   reconnect() - retrying in 2 seconds [6 frames in stack]
12:21:09  INFO   Websocket connected
12:21:09  INFO   Websocket connected
12:21:09  INFO   Websocket connected
12:22:42  INFO   ping/pong timed out - reconnect
12:22:42  INFO   reconnect() - retrying in 2 seconds [6 frames in stack]
12:22:44  INFO   Websocket connected
12:22:47  INFO   ping/pong timed out - reconnect
12:22:47  INFO   reconnect() - retrying in 2 seconds [6 frames in stack]
12:22:50  INFO   Websocket connected
12:22:52  INFO   ping/pong timed out - reconnect
12:22:52  INFO   reconnect() - retrying in 2 seconds [6 frames in stack]
12:22:54  INFO   Websocket connected
12:24:09  INFO   ping/pong timed out - reconnect
12:24:09  INFO   reconnect() - retrying in 2 seconds [6 frames in stack]
12:24:11  INFO   Websocket connected
12:24:14  INFO   ping/pong timed out - reconnect
12:24:14  INFO   reconnect() - retrying in 2 seconds [6 frames in stack]
12:24:14  INFO   ping/pong timed out - reconnect
12:24:14  INFO   reconnect() - retrying in 2 seconds [6 frames in stack]
12:24:14  INFO   ping/pong timed out - reconnect
12:24:14  INFO   reconnect() - retrying in 2 seconds [6 frames in stack]
12:24:16  INFO   Websocket connected
12:24:16  INFO   Websocket connected
12:24:17  INFO   Websocket connected
12:26:59  INFO   ping/pong timed out - reconnect
12:26:59  INFO   reconnect() - retrying in 2 seconds [6 frames in stack]
12:27:01  INFO   Websocket connected
12:27:04  INFO   ping/pong timed out - reconnect
12:27:04  INFO   reconnect() - retrying in 2 seconds [6 frames in stack]
12:27:04  INFO   ping/pong timed out - reconnect
12:27:04  INFO   reconnect() - retrying in 2 seconds [6 frames in stack]
12:27:06  INFO   Websocket connected
12:27:06  INFO   Websocket connected
12:27:07  INFO   ping/pong timed out - reconnect
12:27:07  INFO   reconnect() - retrying in 2 seconds [6 frames in stack]
12:27:10  INFO   Websocket connected
12:28:52  INFO   ping/pong timed out - reconnect
12:28:52  INFO   reconnect() - retrying in 2 seconds [6 frames in stack]
12:28:54  INFO   Websocket connected
12:28:58  INFO   ping/pong timed out - reconnect
12:28:58  INFO   reconnect() - retrying in 2 seconds [6 frames in stack]
12:28:58  INFO   ping/pong timed out - reconnect
12:28:58  INFO   reconnect() - retrying in 2 seconds [6 frames in stack]
12:28:59  INFO   ping/pong timed out - reconnect
12:28:59  INFO   reconnect() - retrying in 2 seconds [6 frames in stack]
12:29:01  INFO   Websocket connected
12:29:01  INFO   Websocket connected
12:29:01  INFO   Websocket connected
12:33:30  INFO   ping/pong timed out - reconnect
12:33:30  INFO   reconnect() - retrying in 2 seconds [6 frames in stack]
12:33:30  INFO   ping/pong timed out - reconnect
12:33:30  INFO   ping/pong timed out - reconnect
12:33:30  INFO   reconnect() - retrying in 2 seconds [6 frames in stack]
12:33:30  INFO   reconnect() - retrying in 2 seconds [6 frames in stack]
12:33:32  INFO   Websocket connected
12:33:33  INFO   Websocket connected
12:33:33  INFO   Websocket connected
12:33:33  INFO   ping/pong timed out - reconnect
12:33:33  INFO   reconnect() - retrying in 2 seconds [6 frames in stack]
12:33:35  INFO   Websocket connected
12:33:44  INFO   [discover] tracking 149 touch markets
12:34:50  INFO   ping/pong timed out - reconnect
12:34:50  INFO   reconnect() - retrying in 2 seconds [6 frames in stack]
12:34:50  INFO   ping/pong timed out - reconnect
12:34:50  INFO   reconnect() - retrying in 2 seconds [6 frames in stack]
12:34:52  INFO   Websocket connected
12:34:52  INFO   Websocket connected
12:36:25  INFO   ping/pong timed out - reconnect
12:36:25  INFO   reconnect() - retrying in 2 seconds [6 frames in stack]
12:36:25  INFO   ping/pong timed out - reconnect
12:36:25  INFO   reconnect() - retrying in 2 seconds [6 frames in stack]
12:36:28  INFO   Websocket connected
12:36:28  INFO   Websocket connected
12:39:15  INFO   FILL buy_no will-bitcoin-reach-67500-in-june-2 @45c fair=48.4c edge=+3.3c z=1.1
12:39:20  INFO   ping/pong timed out - reconnect
12:39:20  INFO   reconnect() - retrying in 2 seconds [6 frames in stack]
12:39:20  INFO   ping/pong timed out - reconnect
12:39:20  INFO   reconnect() - retrying in 2 seconds [6 frames in stack]
12:39:22  INFO   Websocket connected
12:39:23  INFO   Websocket connected
12:39:25  INFO   ping/pong timed out - reconnect
12:39:25  INFO   reconnect() - retrying in 2 seconds [6 frames in stack]
12:39:28  INFO   Websocket connected
12:40:44  INFO   FILL buy_no will-ethereum-dip-to-1200-in-june- @92c fair=97.7c edge=+6.1c z=1.27
12:41:02  INFO   ping/pong timed out - reconnect
12:41:02  INFO   reconnect() - retrying in 2 seconds [6 frames in stack]
12:41:04  INFO   Websocket connected
12:42:10  INFO   ping/pong timed out - reconnect
12:42:10  INFO   reconnect() - retrying in 2 seconds [6 frames in stack]
12:42:12  INFO   ping/pong timed out - reconnect
12:42:12  INFO   reconnect() - retrying in 2 seconds [6 frames in stack]
12:42:12  INFO   ping/pong timed out - reconnect
12:42:12  INFO   reconnect() - retrying in 2 seconds [6 frames in stack]
12:42:12  INFO   Websocket connected
12:42:14  INFO   Websocket connected
12:42:14  INFO   Websocket connected
12:42:46  INFO   [discover] tracking 149 touch markets
12:45:05  INFO   ping/pong timed out - reconnect
12:45:05  INFO   reconnect() - retrying in 2 seconds [6 frames in stack]
12:45:08  INFO   Websocket connected
12:45:10  INFO   ping/pong timed out - reconnect
12:45:10  INFO   reconnect() - retrying in 2 seconds [6 frames in stack]
12:45:10  INFO   ping/pong timed out - reconnect
12:45:10  INFO   reconnect() - retrying in 2 seconds [6 frames in stack]
12:45:10  INFO   ping/pong timed out - reconnect
12:45:10  INFO   reconnect() - retrying in 2 seconds [6 frames in stack]
12:45:12  INFO   Websocket connected
12:45:13  INFO   Websocket connected
12:45:13  INFO   Websocket connected
12:47:11  INFO   ping/pong timed out - reconnect
12:47:11  INFO   reconnect() - retrying in 2 seconds [6 frames in stack]
12:47:11  INFO   ping/pong timed out - reconnect
12:47:11  INFO   reconnect() - retrying in 2 seconds [6 frames in stack]
12:47:11  INFO   ping/pong timed out - reconnect
12:47:11  INFO   reconnect() - retrying in 2 seconds [6 frames in stack]
12:47:13  INFO   Websocket connected
12:47:13  INFO   Websocket connected
12:47:14  INFO   Websocket connected
12:47:15  INFO   ping/pong timed out - reconnect
12:47:15  INFO   reconnect() - retrying in 2 seconds [6 frames in stack]
12:47:17  INFO   Websocket connected
12:48:35  INFO   ping/pong timed out - reconnect
12:48:35  INFO   reconnect() - retrying in 2 seconds [6 frames in stack]
12:48:35  INFO   ping/pong timed out - reconnect
12:48:35  INFO   reconnect() - retrying in 2 seconds [6 frames in stack]
12:48:35  INFO   ping/pong timed out - reconnect
12:48:35  INFO   reconnect() - retrying in 2 seconds [6 frames in stack]
12:48:35  INFO   ping/pong timed out - reconnect
12:48:35  INFO   reconnect() - retrying in 2 seconds [6 frames in stack]
12:48:37  INFO   Websocket connected
12:48:37  INFO   Websocket connected
12:48:37  INFO   Websocket connected
12:48:37  INFO   Websocket connected
12:51:36  INFO   ping/pong timed out - reconnect
12:51:36  INFO   ping/pong timed out - reconnect
12:51:36  INFO   reconnect() - retrying in 2 seconds [6 frames in stack]
12:51:36  INFO   reconnect() - retrying in 2 seconds [6 frames in stack]
12:51:36  INFO   ping/pong timed out - reconnect
12:51:36  INFO   reconnect() - retrying in 2 seconds [6 frames in stack]
12:51:36  INFO   ping/pong timed out - reconnect
12:51:36  INFO   reconnect() - retrying in 2 seconds [6 frames in stack]
12:51:38  INFO   Websocket connected
12:51:38  INFO   Websocket connected
12:51:38  INFO   Websocket connected
12:51:39  INFO   Websocket connected
12:54:24  INFO   ping/pong timed out - reconnect
12:54:24  INFO   reconnect() - retrying in 2 seconds [6 frames in stack]
12:54:25  INFO   ping/pong timed out - reconnect
12:54:25  INFO   reconnect() - retrying in 2 seconds [6 frames in stack]
12:54:25  INFO   ping/pong timed out - reconnect
12:54:25  INFO   reconnect() - retrying in 2 seconds [6 frames in stack]
12:54:25  INFO   ping/pong timed out - reconnect
12:54:25  INFO   reconnect() - retrying in 2 seconds [6 frames in stack]
12:54:26  INFO   Websocket connected
12:54:27  INFO   Websocket connected
12:54:27  INFO   Websocket connected
12:54:28  INFO   Websocket connected
12:57:34  INFO   ping/pong timed out - reconnect
12:57:34  INFO   reconnect() - retrying in 2 seconds [6 frames in stack]
12:57:36  INFO   Websocket connected
12:57:40  INFO   ping/pong timed out - reconnect
12:57:40  INFO   reconnect() - retrying in 2 seconds [6 frames in stack]
12:57:40  INFO   ping/pong timed out - reconnect
12:57:40  INFO   reconnect() - retrying in 2 seconds [6 frames in stack]
12:57:40  INFO   ping/pong timed out - reconnect
12:57:40  INFO   reconnect() - retrying in 2 seconds [6 frames in stack]
12:57:42  INFO   Websocket connected
12:57:42  INFO   Websocket connected
12:57:42  INFO   Websocket connected
12:57:50  INFO   [discover] tracking 149 touch markets
12:58:09  INFO   FILL buy_no will-bitcoin-reach-72pt5k-in-june- @81c fair=85.4c edge=+4.3c z=1.63
12:58:57  INFO   ping/pong timed out - reconnect
12:58:57  INFO   reconnect() - retrying in 2 seconds [6 frames in stack]
12:58:59  INFO   Websocket connected
12:59:00  INFO   ping/pong timed out - reconnect
12:59:00  INFO   reconnect() - retrying in 2 seconds [6 frames in stack]
12:59:02  INFO   Websocket connected
12:59:09  INFO   ping/pong timed out - reconnect
12:59:09  INFO   reconnect() - retrying in 2 seconds [6 frames in stack]
12:59:10  INFO   ping/pong timed out - reconnect
12:59:10  INFO   reconnect() - retrying in 2 seconds [6 frames in stack]
12:59:11  INFO   Websocket connected
12:59:12  INFO   Websocket connected
13:00:51  INFO   ping/pong timed out - reconnect
13:00:51  INFO   reconnect() - retrying in 2 seconds [6 frames in stack]
13:00:53  INFO   Websocket connected
13:02:06  INFO   ping/pong timed out - reconnect
13:02:06  INFO   reconnect() - retrying in 2 seconds [6 frames in stack]
13:02:06  INFO   ping/pong timed out - reconnect
13:02:06  INFO   reconnect() - retrying in 2 seconds [6 frames in stack]
13:02:06  INFO   ping/pong timed out - reconnect
13:02:06  INFO   reconnect() - retrying in 2 seconds [6 frames in stack]
13:02:08  INFO   Websocket connected
13:02:08  INFO   Websocket connected
13:02:08  INFO   Websocket connected
13:02:11  INFO   ping/pong timed out - reconnect
13:02:11  INFO   reconnect() - retrying in 2 seconds [6 frames in stack]
13:02:14  INFO   Websocket connected
13:03:56  INFO   ping/pong timed out - reconnect
13:03:56  INFO   reconnect() - retrying in 2 seconds [6 frames in stack]
13:03:58  INFO   Websocket connected
13:03:59  INFO   ping/pong timed out - reconnect
13:03:59  INFO   reconnect() - retrying in 2 seconds [6 frames in stack]
13:04:01  INFO   ping/pong timed out - reconnect
13:04:01  INFO   reconnect() - retrying in 2 seconds [6 frames in stack]
13:04:01  INFO   ping/pong timed out - reconnect
13:04:01  INFO   reconnect() - retrying in 2 seconds [6 frames in stack]
13:04:02  INFO   Websocket connected
13:04:03  INFO   Websocket connected
13:04:03  INFO   Websocket connected
13:07:08  INFO   ping/pong timed out - reconnect
13:07:08  INFO   reconnect() - retrying in 2 seconds [6 frames in stack]
13:07:08  INFO   ping/pong timed out - reconnect
13:07:08  INFO   reconnect() - retrying in 2 seconds [6 frames in stack]
13:07:08  INFO   ping/pong timed out - reconnect
13:07:08  INFO   reconnect() - retrying in 2 seconds [6 frames in stack]
13:07:10  INFO   Websocket connected
13:07:10  INFO   Websocket connected
13:07:10  INFO   Websocket connected
13:07:13  INFO   ping/pong timed out - reconnect
13:07:13  INFO   reconnect() - retrying in 2 seconds [6 frames in stack]
13:07:15  INFO   Websocket connected
13:07:43  INFO   [discover] tracking 149 touch markets
13:09:00  INFO   ping/pong timed out - reconnect
13:09:00  INFO   reconnect() - retrying in 2 seconds [6 frames in stack]
13:09:02  INFO   Websocket connected
13:09:04  INFO   ping/pong timed out - reconnect
13:09:04  INFO   reconnect() - retrying in 2 seconds [6 frames in stack]
13:09:04  INFO   ping/pong timed out - reconnect
13:09:04  INFO   reconnect() - retrying in 2 seconds [6 frames in stack]
13:09:05  INFO   ping/pong timed out - reconnect
13:09:05  INFO   reconnect() - retrying in 2 seconds [6 frames in stack]
13:09:07  INFO   Websocket connected
13:09:07  INFO   Websocket connected
13:09:08  INFO   Websocket connected
13:13:54  INFO   [discover] tracking 149 touch markets
13:18:56  INFO   [discover] tracking 149 touch markets
13:21:59  INFO   FILL buy_no will-bitcoin-dip-to-47pt5k-in-june @95c fair=98.9c edge=+4.3c z=1.35
13:23:59  INFO   [discover] tracking 149 touch markets
13:24:11  INFO   FILL buy_no will-bitcoin-dip-to-25000-by-decem @90c fair=96.5c edge=+6.4c z=1.42
13:29:02  INFO   [discover] tracking 149 touch markets
13:34:06  INFO   [discover] tracking 149 touch markets
13:39:09  INFO   [discover] tracking 149 touch markets
13:44:12  INFO   [discover] tracking 149 touch markets
13:47:04  INFO   stopping…
13:47:08  INFO   tags=['bitcoin', 'ethereum', 'solana', 'ripple'] z_band=0.7-1.8 edge_gate=3.0c min_bid_sz=100.0 inside=0.1c requote=5.0s
13:47:09  INFO   [feed] started ETH-USD
13:47:09  INFO   [feed] started BTC-USD
13:47:09  INFO   [feed] started XRP-USD
13:47:09  INFO   [feed] started SOL-USD
13:47:09  INFO   [discover] tracking 149 markets; warming feeds…
13:47:09  INFO   Websocket connected
13:47:09  INFO   Websocket connected
13:47:09  INFO   Websocket connected
13:47:09  INFO   Websocket connected
13:47:09  INFO   [discover] tracking 149 touch markets
13:47:13  INFO   FILL buy_no will-bitcoin-reach-140000-by-decem @93c fair=98.0c edge=+4.9c z=1.21
13:47:13  INFO   FILL buy_no will-bitcoin-reach-120000-by-decem @89c fair=93.9c edge=+4.8c z=0.97
13:47:14  INFO   FILL buy_no will-bitcoin-dip-to-25000-by-decem @90c fair=97.4c edge=+7.3c z=1.42
13:47:14  INFO   FILL buy_no will-bitcoin-reach-150000-by-decem @95c fair=98.9c edge=+3.8c z=1.31
13:47:14  INFO   FILL buy_no will-bitcoin-reach-130000-by-decem @92c fair=96.5c edge=+4.4c z=1.1
13:47:14  INFO   FILL buy_no will-bitcoin-reach-110000-by-decem @85c fair=89.4c edge=+4.3c z=0.84
13:47:14  INFO   FILL buy_no will-bitcoin-dip-to-30000-by-decem @85c fair=92.8c edge=+7.7c z=1.14
13:47:14  INFO   FILL buy_no will-bitcoin-dip-to-50k-in-june-20 @89c fair=96.3c edge=+7.2c z=1.1
13:47:14  INFO   FILL buy_no will-bitcoin-dip-to-47pt5k-in-june @95c fair=98.9c edge=+4.3c z=1.34
13:47:14  INFO   FILL buy_no will-bitcoin-reach-75k-in-june-202 @89c fair=93.1c edge=+4.0c z=0.78
13:47:14  INFO   FILL buy_no will-ethereum-dip-to-800-by-decemb @85c fair=91.0c edge=+5.9c z=0.91
13:47:14  INFO   FILL buy_no will-solana-dip-to-40-in-june-2026 @95c fair=99.5c edge=+4.2c z=1.15
13:48:09  INFO   FILL buy_no will-ethereum-dip-to-1200-in-june- @91c fair=96.1c edge=+5.5c z=1.25
13:52:13  INFO   [discover] tracking 149 touch markets
13:57:21  INFO   [discover] tracking 149 touch markets
14:01:33  INFO   FILL buy_no will-ethereum-dip-to-1400-in-june- @74c fair=78.6c edge=+5.1c z=0.7
14:02:23  INFO   [discover] tracking 149 touch markets
14:04:50  INFO   FILL buy_no will-bitcoin-dip-to-50k-in-june-20 @90c fair=96.6c edge=+6.9c z=1.11
14:07:26  INFO   [discover] tracking 149 touch markets
14:12:30  INFO   [discover] tracking 149 touch markets
14:14:38  INFO   FILL buy_no will-ethereum-dip-to-1100-in-june- @94c fair=99.7c edge=+5.7c z=1.59
14:17:33  INFO   [discover] tracking 149 touch markets
14:22:36  INFO   [discover] tracking 149 touch markets
14:27:04  INFO   ping/pong timed out - reconnect
14:27:04  INFO   ping/pong timed out - reconnect
14:27:05  INFO   ping/pong timed out - reconnect
14:27:05  INFO   reconnect() - retrying in 2 seconds [6 frames in stack]
14:27:05  INFO   reconnect() - retrying in 2 seconds [6 frames in stack]
14:27:05  INFO   reconnect() - retrying in 2 seconds [6 frames in stack]
14:27:05  INFO   ping/pong timed out - reconnect
14:27:05  INFO   reconnect() - retrying in 2 seconds [6 frames in stack]
14:27:07  INFO   Websocket connected
14:27:07  INFO   Websocket connected
14:27:07  INFO   Websocket connected
14:27:08  INFO   Websocket connected
14:37:03  INFO   ping/pong timed out - reconnect
14:37:03  INFO   reconnect() - retrying in 2 seconds [6 frames in stack]
14:37:05  INFO   Websocket connected
14:37:05  INFO   ping/pong timed out - reconnect
14:37:05  INFO   reconnect() - retrying in 2 seconds [6 frames in stack]
14:37:06  INFO   ping/pong timed out - reconnect
14:37:06  INFO   reconnect() - retrying in 2 seconds [6 frames in stack]
14:37:06  INFO   ping/pong timed out - reconnect
14:37:06  INFO   reconnect() - retrying in 2 seconds [6 frames in stack]
14:48:22  INFO   Websocket connected
14:48:23  INFO   Websocket connected
14:48:23  INFO   Websocket connected
14:48:28  INFO   FILL buy_no will-ethereum-dip-to-1300-in-june- @85c fair=93.0c edge=+7.8c z=0.82
14:48:28  INFO   FILL buy_no will-ethereum-dip-to-1100-in-june- @94c fair=99.7c edge=+5.7c z=1.35
14:48:45  INFO   ping/pong timed out - reconnect
14:48:45  INFO   reconnect() - retrying in 2 seconds [6 frames in stack]
14:48:47  INFO   Websocket connected
14:48:47  INFO   FILL buy_no will-bitcoin-dip-to-10000-by-decem @95c fair=100.0c edge=+4.9c z=1.71
14:48:57  INFO   FILL buy_no will-solana-dip-to-50-in-june-2026 @85c fair=89.4c edge=+4.1c z=0.96
14:57:08  INFO   ping/pong timed out - reconnect
14:57:08  INFO   reconnect() - retrying in 2 seconds [6 frames in stack]
14:57:08  INFO   ping/pong timed out - reconnect
14:57:08  INFO   reconnect() - retrying in 2 seconds [6 frames in stack]
14:57:10  INFO   Websocket connected
14:57:11  INFO   Websocket connected
14:57:11  INFO   ping/pong timed out - reconnect
14:57:11  INFO   reconnect() - retrying in 2 seconds [6 frames in stack]
14:57:13  INFO   Websocket connected
15:04:33  INFO   ping/pong timed out - reconnect
15:04:33  INFO   reconnect() - retrying in 2 seconds [6 frames in stack]
15:04:36  INFO   Websocket connected
15:04:43  INFO   ping/pong timed out - reconnect
15:04:43  INFO   reconnect() - retrying in 2 seconds [6 frames in stack]
15:04:43  INFO   ping/pong timed out - reconnect
15:04:43  INFO   reconnect() - retrying in 2 seconds [6 frames in stack]
15:04:45  INFO   Websocket connected
15:04:45  INFO   Websocket connected
15:04:48  INFO   ping/pong timed out - reconnect
15:04:48  INFO   reconnect() - retrying in 2 seconds [6 frames in stack]
15:04:50  INFO   Websocket connected
15:17:22  INFO   ping/pong timed out - reconnect
15:17:22  INFO   reconnect() - retrying in 2 seconds [6 frames in stack]
15:17:23  INFO   ping/pong timed out - reconnect
15:17:23  INFO   reconnect() - retrying in 2 seconds [6 frames in stack]
15:17:24  INFO   Websocket connected
15:17:25  INFO   Websocket connected
15:17:26  INFO   ping/pong timed out - reconnect
15:17:26  INFO   reconnect() - retrying in 2 seconds [6 frames in stack]
15:17:28  INFO   Websocket connected
15:46:39  INFO   Connection to remote host was lost. - reconnect
15:46:39  INFO   Connection to remote host was lost. - reconnect
15:46:39  INFO   reconnect() - retrying in 2 seconds [6 frames in stack]
15:46:39  INFO   reconnect() - retrying in 2 seconds [6 frames in stack]
15:46:42  INFO   Websocket connected
15:46:42  INFO   Websocket connected
15:46:42  INFO   Connection to remote host was lost. - reconnect
15:46:42  INFO   reconnect() - retrying in 2 seconds [6 frames in stack]
15:46:44  INFO   Websocket connected
15:46:44  INFO   [discover] tracking 149 touch markets
15:46:48  INFO   Connection to remote host was lost. - reconnect
15:46:48  INFO   reconnect() - retrying in 2 seconds [6 frames in stack]
15:46:48  INFO   FILL buy_no will-bitcoin-reach-75k-in-june-202 @89c fair=92.8c edge=+3.7c z=0.78
15:46:50  INFO   Websocket connected
15:47:03  INFO   FILL buy_no will-ethereum-dip-to-1000-in-june- @96c fair=100.0c edge=+4.2c z=1.08
15:57:11  INFO   ping/pong timed out - reconnect
15:57:11  INFO   reconnect() - retrying in 2 seconds [6 frames in stack]
15:57:11  INFO   ping/pong timed out - reconnect
15:57:11  INFO   reconnect() - retrying in 2 seconds [6 frames in stack]
15:57:11  INFO   ping/pong timed out - reconnect
15:57:11  INFO   reconnect() - retrying in 2 seconds [6 frames in stack]
15:57:14  INFO   Websocket connected
15:57:14  INFO   Websocket connected
15:57:14  INFO   Websocket connected
16:03:37  INFO   ping/pong timed out - reconnect
16:03:37  INFO   reconnect() - retrying in 2 seconds [6 frames in stack]
16:03:38  INFO   ping/pong timed out - reconnect
16:03:38  INFO   reconnect() - retrying in 2 seconds [6 frames in stack]
16:03:38  INFO   ping/pong timed out - reconnect
16:03:38  INFO   reconnect() - retrying in 2 seconds [6 frames in stack]
16:03:39  INFO   Websocket connected
16:03:40  INFO   Websocket connected
16:03:41  INFO   Websocket connected
16:03:42  INFO   FILL buy_no will-bitcoin-reach-72pt5k-in-june- @82c fair=85.4c edge=+3.3c z=1.15
16:23:32  INFO   Connection to remote host was lost. - reconnect
16:23:32  INFO   reconnect() - retrying in 2 seconds [6 frames in stack]
16:23:34  INFO   Websocket connected
16:23:36  INFO   Connection to remote host was lost. - reconnect
16:23:36  INFO   reconnect() - retrying in 2 seconds [6 frames in stack]
16:23:37  INFO   Connection to remote host was lost. - reconnect
16:23:37  INFO   reconnect() - retrying in 2 seconds [6 frames in stack]
16:23:38  INFO   Connection to remote host was lost. - reconnect
16:23:38  INFO   reconnect() - retrying in 2 seconds [6 frames in stack]
16:23:39  INFO   Websocket connected
16:23:39  INFO   Websocket connected
16:23:40  INFO   Websocket connected
16:24:05  INFO   FILL buy_no will-bitcoin-reach-67500-in-june-2 @48c fair=51.6c edge=+3.5c z=0.74
16:35:59  INFO   FILL buy_no will-bitcoin-reach-72pt5k-in-june- @82c fair=85.8c edge=+3.7c z=1.37
16:36:04  INFO   ping/pong timed out - reconnect
16:36:04  INFO   reconnect() - retrying in 2 seconds [6 frames in stack]
16:36:05  INFO   ping/pong timed out - reconnect
16:36:05  INFO   reconnect() - retrying in 2 seconds [6 frames in stack]
16:36:06  INFO   ping/pong timed out - reconnect
16:36:06  INFO   reconnect() - retrying in 2 seconds [6 frames in stack]
16:36:07  INFO   Websocket connected
16:36:07  INFO   Websocket connected
16:36:08  INFO   Websocket connected
16:36:11  INFO   ping/pong timed out - reconnect
16:36:11  INFO   reconnect() - retrying in 2 seconds [6 frames in stack]
16:36:13  INFO   Websocket connected
16:36:38  INFO   FILL buy_no will-bitcoin-reach-170000-by-decem @96c fair=99.6c edge=+3.1c z=1.51
16:37:18  INFO   [discover] tracking 149 touch markets
16:37:20  INFO   ping/pong timed out - reconnect
16:37:20  INFO   reconnect() - retrying in 2 seconds [6 frames in stack]
16:37:22  INFO   Websocket connected
16:57:27  INFO   Connection to remote host was lost. - reconnect
16:57:27  INFO   reconnect() - retrying in 2 seconds [6 frames in stack]
16:57:29  INFO   Websocket connected
16:57:29  INFO   Connection to remote host was lost. - reconnect
16:57:29  INFO   reconnect() - retrying in 2 seconds [6 frames in stack]
16:57:31  INFO   Connection to remote host was lost. - reconnect
16:57:31  INFO   reconnect() - retrying in 2 seconds [6 frames in stack]
16:57:31  INFO   Websocket connected
16:57:32  INFO   Connection to remote host was lost. - reconnect
16:57:32  INFO   reconnect() - retrying in 2 seconds [6 frames in stack]
16:59:02  INFO   Websocket connected
16:59:03  INFO   Websocket connected
16:59:12  INFO   FILL buy_no will-bitcoin-dip-to-47pt5k-in-june @94c fair=98.9c edge=+4.4c z=1.1
16:59:25  INFO   ping/pong timed out - reconnect
16:59:25  INFO   reconnect() - retrying in 2 seconds [6 frames in stack]
17:11:24  INFO   Websocket connected
17:11:31  INFO   FILL buy_no will-bitcoin-reach-80k-in-june-202 @96c fair=99.0c edge=+3.2c z=1.08
17:11:32  INFO   ping/pong timed out - reconnect
17:11:32  INFO   reconnect() - retrying in 2 seconds [6 frames in stack]
17:11:34  INFO   Websocket connected
17:11:37  INFO   ping/pong timed out - reconnect
17:11:37  INFO   reconnect() - retrying in 2 seconds [6 frames in stack]
17:11:39  INFO   Websocket connected
17:17:59  INFO   ping/pong timed out - reconnect
17:17:59  INFO   reconnect() - retrying in 2 seconds [6 frames in stack]
17:18:09  INFO   Websocket connected
17:25:03  INFO   ping/pong timed out - reconnect
17:25:03  INFO   reconnect() - retrying in 2 seconds [6 frames in stack]
17:25:05  INFO   Websocket connected
17:25:06  INFO   ping/pong timed out - reconnect
17:25:06  INFO   reconnect() - retrying in 2 seconds [6 frames in stack]
17:25:07  INFO   ping/pong timed out - reconnect
17:25:07  INFO   reconnect() - retrying in 2 seconds [6 frames in stack]
17:25:09  INFO   Websocket connected
17:25:09  INFO   Websocket connected
17:25:10  INFO   FILL buy_no will-bitcoin-reach-72pt5k-in-june- @82c fair=85.8c edge=+3.7c z=1.4
17:25:18  INFO   ping/pong timed out - reconnect
17:25:18  INFO   reconnect() - retrying in 2 seconds [6 frames in stack]
17:25:20  INFO   Websocket connected
17:34:55  INFO   FILL buy_no will-bitcoin-reach-77pt5k-in-june- @94c fair=97.4c edge=+3.3c z=0.91
17:34:55  INFO   FILL buy_no will-bitcoin-reach-80k-in-june-202 @96c fair=99.0c edge=+3.0c z=1.06
17:35:04  INFO   ping/pong timed out - reconnect
17:35:04  INFO   reconnect() - retrying in 2 seconds [6 frames in stack]
17:35:05  INFO   ping/pong timed out - reconnect
17:35:05  INFO   reconnect() - retrying in 2 seconds [6 frames in stack]
17:35:05  INFO   ping/pong timed out - reconnect
17:35:05  INFO   reconnect() - retrying in 2 seconds [6 frames in stack]
17:35:05  INFO   ping/pong timed out - reconnect
17:35:05  INFO   reconnect() - retrying in 2 seconds [6 frames in stack]
17:35:07  INFO   Websocket connected
17:35:08  INFO   Websocket connected
17:35:08  INFO   Websocket connected
17:35:08  INFO   Websocket connected
17:36:03  INFO   ping/pong timed out - reconnect
17:36:03  INFO   reconnect() - retrying in 2 seconds [6 frames in stack]
17:36:05  INFO   Websocket connected
17:48:53  INFO   FILL buy_no will-bitcoin-dip-to-35000-by-decem @78c fair=84.4c edge=+6.3c z=0.92
17:48:54  INFO   FILL buy_no will-ethereum-dip-to-1200-in-june- @92c fair=98.3c edge=+6.6c z=1.32
17:48:55  INFO   ping/pong timed out - reconnect
17:48:55  INFO   reconnect() - retrying in 2 seconds [6 frames in stack]
17:48:55  INFO   ping/pong timed out - reconnect
17:48:55  INFO   reconnect() - retrying in 2 seconds [6 frames in stack]
17:48:57  INFO   ping/pong timed out - reconnect
17:48:57  INFO   reconnect() - retrying in 2 seconds [6 frames in stack]
17:48:58  INFO   Websocket connected
17:48:58  INFO   Websocket connected
17:48:59  INFO   Websocket connected
17:48:59  INFO   ping/pong timed out - reconnect
17:48:59  INFO   reconnect() - retrying in 2 seconds [6 frames in stack]
17:49:02  INFO   Websocket connected
17:49:13  INFO   [discover] tracking 149 touch markets
18:05:04  INFO   FILL buy_no will-ethereum-reach-2100-in-june-2 @88c fair=91.4c edge=+3.3c z=1.28
18:05:07  INFO   ping/pong timed out - reconnect
18:05:07  INFO   reconnect() - retrying in 2 seconds [6 frames in stack]
18:05:10  INFO   Websocket connected
18:05:12  INFO   ping/pong timed out - reconnect
18:05:12  INFO   reconnect() - retrying in 2 seconds [6 frames in stack]
18:05:12  INFO   ping/pong timed out - reconnect
18:05:12  INFO   reconnect() - retrying in 2 seconds [6 frames in stack]
18:05:12  INFO   ping/pong timed out - reconnect
18:05:12  INFO   reconnect() - retrying in 2 seconds [6 frames in stack]
18:05:14  INFO   Websocket connected
18:05:14  INFO   Websocket connected
18:05:15  INFO   Websocket connected
18:05:23  INFO   FILL buy_no will-bitcoin-reach-75k-in-june-202 @89c fair=93.9c edge=+4.8c z=0.77
18:16:34  INFO   ping/pong timed out - reconnect
18:16:34  INFO   reconnect() - retrying in 2 seconds [6 frames in stack]
18:16:37  INFO   Websocket connected
18:16:40  INFO   ping/pong timed out - reconnect
18:16:40  INFO   ping/pong timed out - reconnect
18:16:40  INFO   ping/pong timed out - reconnect
18:16:40  INFO   reconnect() - retrying in 2 seconds [6 frames in stack]
18:16:40  INFO   reconnect() - retrying in 2 seconds [6 frames in stack]
18:16:40  INFO   reconnect() - retrying in 2 seconds [6 frames in stack]
18:16:42  INFO   Websocket connected
18:16:42  INFO   Websocket connected
18:16:42  INFO   Websocket connected
18:19:11  INFO   ping/pong timed out - reconnect
18:19:11  INFO   reconnect() - retrying in 2 seconds [6 frames in stack]
18:19:13  INFO   ping/pong timed out - reconnect
18:19:13  INFO   reconnect() - retrying in 2 seconds [6 frames in stack]
18:19:14  INFO   Websocket connected
18:19:15  INFO   Websocket connected
18:19:18  INFO   ping/pong timed out - reconnect
18:19:18  INFO   reconnect() - retrying in 2 seconds [6 frames in stack]
18:19:20  INFO   Websocket connected
18:19:22  INFO   FILL buy_no will-bitcoin-reach-120000-by-decem @89c fair=93.7c edge=+4.6c z=0.98
18:20:34  INFO   ping/pong timed out - reconnect
18:20:34  INFO   reconnect() - retrying in 2 seconds [6 frames in stack]
18:20:36  INFO   Websocket connected
18:20:41  INFO   ping/pong timed out - reconnect
18:20:41  INFO   reconnect() - retrying in 2 seconds [6 frames in stack]
18:20:41  INFO   ping/pong timed out - reconnect
18:20:41  INFO   reconnect() - retrying in 2 seconds [6 frames in stack]
18:20:43  INFO   Websocket connected
18:20:43  INFO   Websocket connected
18:26:06  INFO   ping/pong timed out - reconnect
18:26:06  INFO   reconnect() - retrying in 2 seconds [6 frames in stack]
18:26:08  INFO   ping/pong timed out - reconnect
18:26:08  INFO   reconnect() - retrying in 2 seconds [6 frames in stack]
18:26:08  INFO   ping/pong timed out - reconnect
18:26:08  INFO   reconnect() - retrying in 2 seconds [6 frames in stack]
18:26:09  INFO   Websocket connected
18:26:09  INFO   ping/pong timed out - reconnect
18:26:09  INFO   reconnect() - retrying in 2 seconds [6 frames in stack]
18:35:35  INFO   Websocket connected
18:35:35  INFO   Websocket connected
18:35:36  INFO   Websocket connected
18:37:22  INFO   ping/pong timed out - reconnect
18:37:22  INFO   reconnect() - retrying in 2 seconds [6 frames in stack]
18:38:28  INFO   Websocket connected
18:38:30  INFO   ping/pong timed out - reconnect
18:38:30  INFO   reconnect() - retrying in 2 seconds [6 frames in stack]
18:38:31  INFO   ping/pong timed out - reconnect
18:38:32  INFO   reconnect() - retrying in 2 seconds [6 frames in stack]
18:38:32  INFO   Websocket connected
18:38:34  INFO   Websocket connected
18:38:41  INFO   ping/pong timed out - reconnect
18:38:41  INFO   reconnect() - retrying in 2 seconds [6 frames in stack]
18:56:59  INFO   Websocket connected
18:57:04  INFO   Connection to remote host was lost. - reconnect
18:57:04  INFO   reconnect() - retrying in 2 seconds [6 frames in stack]
18:57:06  INFO   Websocket connected
19:26:56  INFO   Connection to remote host was lost. - reconnect
19:26:56  INFO   reconnect() - retrying in 2 seconds [6 frames in stack]
19:26:57  INFO   Connection to remote host was lost. - reconnect
19:26:57  INFO   reconnect() - retrying in 2 seconds [6 frames in stack]
19:26:58  INFO   Websocket connected
19:26:59  INFO   Websocket connected
19:27:07  INFO   Connection to remote host was lost. - reconnect
19:27:07  INFO   reconnect() - retrying in 2 seconds [6 frames in stack]
19:27:08  INFO   FILL buy_no will-bitcoin-dip-to-20000-by-decem @93c fair=99.5c edge=+6.4c z=1.36
19:27:09  INFO   Websocket connected
19:40:04  INFO   Connection to remote host was lost. - reconnect
19:40:04  INFO   reconnect() - retrying in 2 seconds [6 frames in stack]
19:40:06  INFO   Websocket connected
19:40:14  INFO   ping/pong timed out - reconnect
19:40:14  INFO   reconnect() - retrying in 2 seconds [6 frames in stack]
19:40:15  INFO   ping/pong timed out - reconnect
19:40:15  INFO   reconnect() - retrying in 2 seconds [6 frames in stack]
19:40:17  INFO   Websocket connected
19:40:17  INFO   Websocket connected
19:40:24  INFO   ping/pong timed out - reconnect
19:40:24  INFO   reconnect() - retrying in 2 seconds [6 frames in stack]
19:40:27  INFO   Websocket connected
19:40:33  INFO   [discover] tracking 149 touch markets
19:41:08  INFO   FILL buy_no will-bitcoin-reach-75k-in-june-202 @89c fair=93.7c edge=+4.6c z=0.8
19:55:23  INFO   ping/pong timed out - reconnect
19:55:23  INFO   reconnect() - retrying in 2 seconds [6 frames in stack]
19:55:23  INFO   ping/pong timed out - reconnect
19:55:23  INFO   reconnect() - retrying in 2 seconds [6 frames in stack]
19:55:24  INFO   ping/pong timed out - reconnect
19:55:24  INFO   reconnect() - retrying in 2 seconds [6 frames in stack]
19:55:24  INFO   ping/pong timed out - reconnect
19:55:24  INFO   reconnect() - retrying in 2 seconds [6 frames in stack]
19:55:26  INFO   Websocket connected
19:55:26  INFO   Websocket connected
19:55:26  INFO   Websocket connected
19:55:26  INFO   Websocket connected
19:55:39  INFO   FILL buy_no will-solana-dip-to-20-by-december- @87c fair=93.7c edge=+6.6c z=0.88
19:57:14  INFO   ping/pong timed out - reconnect
19:57:14  INFO   reconnect() - retrying in 2 seconds [6 frames in stack]
19:57:16  INFO   Websocket connected
19:57:16  INFO   ping/pong timed out - reconnect
19:57:16  INFO   reconnect() - retrying in 2 seconds [6 frames in stack]
19:57:16  INFO   ping/pong timed out - reconnect
19:57:16  INFO   reconnect() - retrying in 2 seconds [6 frames in stack]
19:57:16  INFO   ping/pong timed out - reconnect
19:57:16  INFO   reconnect() - retrying in 2 seconds [6 frames in stack]
19:59:55  INFO   Websocket connected
19:59:56  INFO   Websocket connected
19:59:56  INFO   Websocket connected
20:00:45  INFO   FILL buy_no will-bitcoin-dip-to-50k-in-june-20 @91c fair=96.6c edge=+6.0c z=1.53
20:00:46  INFO   ping/pong timed out - reconnect
20:00:46  INFO   reconnect() - retrying in 2 seconds [6 frames in stack]
20:00:49  INFO   Websocket connected
20:01:17  INFO   ping/pong timed out - reconnect
20:01:17  INFO   reconnect() - retrying in 2 seconds [6 frames in stack]
20:27:58  INFO   Connection to remote host was lost. - reconnect
20:27:58  INFO   Connection to remote host was lost. - reconnect
20:27:58  INFO   reconnect() - retrying in 2 seconds [6 frames in stack]
20:27:58  INFO   reconnect() - retrying in 2 seconds [6 frames in stack]
20:27:59  INFO   Websocket connected
20:28:00  INFO   Websocket connected
20:28:00  INFO   Websocket connected
20:28:03  INFO   Connection to remote host was lost. - reconnect
20:28:03  INFO   reconnect() - retrying in 2 seconds [6 frames in stack]
20:28:05  INFO   Websocket connected
20:28:25  INFO   FILL buy_no will-bitcoin-reach-130000-by-decem @92c fair=95.7c edge=+3.6c z=0.8
20:28:27  INFO   FILL buy_no will-ethereum-dip-to-1000-in-june- @96c fair=100.0c edge=+3.7c z=0.81
20:28:55  INFO   FILL buy_no will-bitcoin-dip-to-52pt5k-in-june @84c fair=89.9c edge=+5.8c z=0.83
20:29:59  INFO   [discover] tracking 149 touch markets
20:35:27  INFO   ping/pong timed out - reconnect
20:35:27  INFO   ping/pong timed out - reconnect
20:35:27  INFO   reconnect() - retrying in 2 seconds [6 frames in stack]
20:35:27  INFO   reconnect() - retrying in 2 seconds [6 frames in stack]
20:35:30  INFO   Websocket connected
20:35:30  INFO   Websocket connected
20:35:31  INFO   ping/pong timed out - reconnect
20:35:31  INFO   reconnect() - retrying in 2 seconds [6 frames in stack]
20:35:32  INFO   ping/pong timed out - reconnect
20:35:32  INFO   reconnect() - retrying in 2 seconds [6 frames in stack]
20:35:33  INFO   Websocket connected
20:35:34  INFO   Websocket connected
20:56:45  INFO   Connection to remote host was lost. - reconnect
20:56:45  INFO   reconnect() - retrying in 2 seconds [6 frames in stack]
20:56:49  INFO   Connection to remote host was lost. - reconnect
20:56:49  INFO   Connection to remote host was lost. - reconnect
20:56:49  INFO   reconnect() - retrying in 2 seconds [6 frames in stack]
20:56:49  INFO   reconnect() - retrying in 2 seconds [6 frames in stack]
20:56:49  INFO   Websocket connected
20:56:51  INFO   Websocket connected
20:56:52  INFO   Websocket connected
20:56:53  INFO   Connection to remote host was lost. - reconnect
20:56:53  INFO   reconnect() - retrying in 2 seconds [6 frames in stack]
20:56:55  INFO   Websocket connected
20:57:09  INFO   FILL buy_no will-bitcoin-dip-to-30000-by-decem @85c fair=93.4c edge=+8.3c z=1.66
21:26:12  INFO   Connection to remote host was lost. - reconnect
21:26:12  INFO   reconnect() - retrying in 2 seconds [6 frames in stack]
21:26:14  INFO   Websocket connected
21:26:17  INFO   Connection to remote host was lost. - reconnect
21:26:17  INFO   reconnect() - retrying in 2 seconds [6 frames in stack]
21:26:19  INFO   Connection to remote host was lost. - reconnect
21:26:19  INFO   reconnect() - retrying in 2 seconds [6 frames in stack]
21:26:19  INFO   Connection to remote host was lost. - reconnect
21:26:19  INFO   reconnect() - retrying in 2 seconds [6 frames in stack]
21:26:19  INFO   Websocket connected
21:26:21  INFO   Websocket connected
21:26:21  INFO   Websocket connected
21:26:49  INFO   FILL buy_no will-bitcoin-dip-to-50k-in-june-20 @89c fair=94.0c edge=+4.8c z=1.06
21:27:51  INFO   ping/pong timed out - reconnect
21:27:51  INFO   reconnect() - retrying in 2 seconds [6 frames in stack]
21:27:53  INFO   Websocket connected
21:56:57  INFO   Connection to remote host was lost. - reconnect
21:56:57  INFO   reconnect() - retrying in 2 seconds [6 frames in stack]
21:56:59  INFO   Websocket connected
21:57:00  INFO   Connection to remote host was lost. - reconnect
21:57:00  INFO   reconnect() - retrying in 2 seconds [6 frames in stack]
21:57:02  INFO   Websocket connected
21:57:04  INFO   Connection to remote host was lost. - reconnect
21:57:04  INFO   reconnect() - retrying in 2 seconds [6 frames in stack]
21:57:04  INFO   Connection to remote host was lost. - reconnect
21:57:04  INFO   reconnect() - retrying in 2 seconds [6 frames in stack]
21:57:06  INFO   Websocket connected
21:57:06  INFO   Websocket connected
21:57:07  INFO   FILL buy_no will-bitcoin-reach-130000-by-decem @92c fair=95.7c edge=+3.6c z=1.11
21:57:12  INFO   FILL buy_no will-bitcoin-reach-140000-by-decem @93c fair=97.4c edge=+4.3c z=1.68
21:57:12  INFO   FILL buy_no will-bitcoin-reach-120000-by-decem @89c fair=92.8c edge=+3.7c z=1.36
22:23:23  INFO   Connection to remote host was lost. - reconnect
22:23:23  INFO   Connection to remote host was lost. - reconnect
22:23:23  INFO   reconnect() - retrying in 2 seconds [6 frames in stack]
22:23:23  INFO   reconnect() - retrying in 2 seconds [6 frames in stack]
22:23:26  INFO   Websocket connected
22:23:26  INFO   Websocket connected
22:23:27  INFO   Connection to remote host was lost. - reconnect
22:23:27  INFO   reconnect() - retrying in 2 seconds [6 frames in stack]
22:23:29  INFO   Websocket connected
22:23:29  INFO   Connection to remote host was lost. - reconnect
22:23:29  INFO   reconnect() - retrying in 2 seconds [6 frames in stack]
22:23:31  INFO   Websocket connected
22:29:07  INFO   FILL buy_no will-bitcoin-dip-to-35000-by-decem @78c fair=85.3c edge=+7.2c z=0.99
22:29:07  INFO   ping/pong timed out - reconnect
22:29:07  INFO   reconnect() - retrying in 2 seconds [6 frames in stack]
22:29:09  INFO   Websocket connected
22:41:51  INFO   ping/pong timed out - reconnect
22:41:51  INFO   reconnect() - retrying in 2 seconds [6 frames in stack]
22:41:51  INFO   ping/pong timed out - reconnect
22:41:51  INFO   reconnect() - retrying in 2 seconds [6 frames in stack]
22:41:52  INFO   ping/pong timed out - reconnect
22:41:52  INFO   reconnect() - retrying in 2 seconds [6 frames in stack]
22:41:54  INFO   Websocket connected
22:41:54  INFO   Websocket connected
22:41:54  INFO   Websocket connected
22:41:54  INFO   [discover] tracking 220 touch markets
22:42:15  INFO   ping/pong timed out - reconnect
22:42:15  INFO   reconnect() - retrying in 2 seconds [6 frames in stack]
22:42:17  INFO   Websocket connected
22:54:02  INFO   ping/pong timed out - reconnect
22:54:02  INFO   reconnect() - retrying in 2 seconds [6 frames in stack]
22:54:03  INFO   ping/pong timed out - reconnect
22:54:03  INFO   reconnect() - retrying in 2 seconds [6 frames in stack]
22:54:03  INFO   ping/pong timed out - reconnect
22:54:03  INFO   reconnect() - retrying in 2 seconds [6 frames in stack]
22:54:05  INFO   Websocket connected
22:54:06  INFO   Websocket connected
22:54:06  INFO   Websocket connected
22:54:08  INFO   ping/pong timed out - reconnect
22:54:08  INFO   reconnect() - retrying in 2 seconds [6 frames in stack]
22:54:10  INFO   Websocket connected
22:57:05  INFO   ping/pong timed out - reconnect
22:57:05  INFO   reconnect() - retrying in 2 seconds [6 frames in stack]
22:57:06  INFO   ping/pong timed out - reconnect
22:57:06  INFO   reconnect() - retrying in 2 seconds [6 frames in stack]
22:57:07  INFO   Websocket connected
22:57:08  INFO   Websocket connected
22:57:09  INFO   ping/pong timed out - reconnect
22:57:09  INFO   reconnect() - retrying in 2 seconds [6 frames in stack]
22:57:11  INFO   Websocket connected
23:10:36  INFO   ping/pong timed out - reconnect
23:10:36  INFO   reconnect() - retrying in 2 seconds [6 frames in stack]
23:10:38  INFO   Websocket connected
23:25:08  INFO   Connection to remote host was lost. - reconnect
23:25:08  INFO   reconnect() - retrying in 2 seconds [6 frames in stack]
23:25:09  INFO   ping/pong timed out - reconnect
23:25:09  INFO   reconnect() - retrying in 2 seconds [6 frames in stack]
23:25:10  INFO   Websocket connected
23:25:10  INFO   ping/pong timed out - reconnect
23:25:10  INFO   reconnect() - retrying in 2 seconds [6 frames in stack]
23:25:11  INFO   Websocket connected
23:25:13  INFO   Websocket connected
23:26:02  INFO   ping/pong timed out - reconnect
23:26:02  INFO   reconnect() - retrying in 2 seconds [6 frames in stack]
23:26:04  INFO   Websocket connected
23:26:13  INFO   ping/pong timed out - reconnect
23:26:13  INFO   reconnect() - retrying in 2 seconds [6 frames in stack]
23:26:15  INFO   ping/pong timed out - reconnect
23:26:15  INFO   reconnect() - retrying in 2 seconds [6 frames in stack]
23:26:15  INFO   Websocket connected
23:26:17  INFO   Websocket connected
23:30:06  INFO   ping/pong timed out - reconnect
23:30:06  INFO   reconnect() - retrying in 2 seconds [6 frames in stack]
23:30:08  INFO   ping/pong timed out - reconnect
23:30:08  INFO   reconnect() - retrying in 2 seconds [6 frames in stack]
23:30:09  INFO   Websocket connected
23:30:10  INFO   Websocket connected
23:30:11  INFO   ping/pong timed out - reconnect
23:30:11  INFO   reconnect() - retrying in 2 seconds [6 frames in stack]
23:30:12  INFO   ping/pong timed out - reconnect
23:30:12  INFO   reconnect() - retrying in 2 seconds [6 frames in stack]
23:30:13  INFO   Websocket connected
23:30:15  INFO   Websocket connected
23:36:10  INFO   ping/pong timed out - reconnect
23:36:10  INFO   reconnect() - retrying in 2 seconds [6 frames in stack]
23:36:10  INFO   ping/pong timed out - reconnect
23:36:10  INFO   reconnect() - retrying in 2 seconds [6 frames in stack]
23:36:12  INFO   Websocket connected
23:36:12  INFO   Websocket connected
23:57:26  INFO   Connection to remote host was lost. - reconnect
23:57:26  INFO   reconnect() - retrying in 2 seconds [6 frames in stack]
23:57:29  INFO   Websocket connected
23:57:30  INFO   Connection to remote host was lost. - reconnect
23:57:30  INFO   reconnect() - retrying in 2 seconds [6 frames in stack]
23:57:32  INFO   Websocket connected
23:57:39  INFO   Connection to remote host was lost. - reconnect
23:57:39  INFO   reconnect() - retrying in 2 seconds [6 frames in stack]
23:57:40  INFO   Connection to remote host was lost. - reconnect
23:57:40  INFO   reconnect() - retrying in 2 seconds [6 frames in stack]
23:57:41  INFO   Websocket connected
23:57:42  INFO   Websocket connected
00:04:35  INFO   ping/pong timed out - reconnect
00:04:35  INFO   reconnect() - retrying in 2 seconds [6 frames in stack]
00:04:36  INFO   ping/pong timed out - reconnect
00:04:36  INFO   reconnect() - retrying in 2 seconds [6 frames in stack]
00:04:37  INFO   ping/pong timed out - reconnect
00:04:37  INFO   reconnect() - retrying in 2 seconds [6 frames in stack]
00:04:37  INFO   Websocket connected
00:04:38  INFO   Websocket connected
00:04:39  INFO   Websocket connected
00:04:40  INFO   ping/pong timed out - reconnect
00:04:40  INFO   reconnect() - retrying in 2 seconds [6 frames in stack]
00:04:42  INFO   Websocket connected
00:05:02  INFO   [discover] tracking 248 touch markets
00:05:09  INFO   FILL buy_no will-bitcoin-dip-to-58k-june-8-14- @79c fair=84.5c edge=+5.4c z=1.33
00:10:04  INFO   [discover] tracking 248 touch markets
00:15:07  INFO   [discover] tracking 248 touch markets
00:20:10  INFO   [discover] tracking 248 touch markets
00:24:48  INFO   FILL buy_no will-bitcoin-reach-75k-in-june-202 @90c fair=93.8c edge=+3.7c z=0.83
00:25:13  INFO   [discover] tracking 248 touch markets
00:30:16  INFO   [discover] tracking 248 touch markets
00:34:19  INFO   FILL buy_no will-ethereum-reach-2100-in-june-2 @90c fair=93.1c edge=+3.0c z=0.84
00:34:21  INFO   FILL buy_no will-ethereum-dip-to-1100-in-june- @94c fair=98.9c edge=+4.4c z=1.58
00:35:17  INFO   FILL buy_no will-xrp-reach-1pt8-in-june-2026   @96c fair=99.7c edge=+4.1c z=1.22
00:35:18  INFO   FILL buy_no will-xrp-reach-1pt6-in-june-2026   @93c fair=96.8c edge=+3.7c z=0.89
00:35:19  INFO   [discover] tracking 248 touch markets
00:40:22  INFO   [discover] tracking 248 touch markets
00:45:06  INFO   FILL buy_no will-bitcoin-reach-75k-in-june-202 @90c fair=95.3c edge=+5.2c z=0.8
00:45:24  INFO   [discover] tracking 248 touch markets
00:50:28  INFO   [discover] tracking 248 touch markets
00:55:31  INFO   [discover] tracking 248 touch markets
01:00:35  INFO   [discover] tracking 248 touch markets
01:05:38  INFO   [discover] tracking 248 touch markets
01:10:41  INFO   [discover] tracking 248 touch markets
01:15:45  INFO   [discover] tracking 248 touch markets
01:16:26  INFO   FILL buy_no will-bitcoin-reach-140000-by-decem @93c fair=97.7c edge=+4.6c z=1.21
01:20:49  INFO   [discover] tracking 248 touch markets
01:25:52  INFO   [discover] tracking 248 touch markets
01:32:18  INFO   ping/pong timed out - reconnect
01:32:18  INFO   reconnect() - retrying in 2 seconds [6 frames in stack]
01:32:20  INFO   Websocket connected
01:32:21  INFO   ping/pong timed out - reconnect
01:32:21  INFO   reconnect() - retrying in 2 seconds [6 frames in stack]
01:32:21  INFO   ping/pong timed out - reconnect
01:32:21  INFO   reconnect() - retrying in 2 seconds [6 frames in stack]
01:32:21  INFO   ping/pong timed out - reconnect
01:32:21  INFO   reconnect() - retrying in 2 seconds [6 frames in stack]
01:32:23  INFO   Websocket connected
01:32:23  INFO   Websocket connected
01:32:23  INFO   Websocket connected
01:41:05  INFO   ping/pong timed out - reconnect
01:41:05  INFO   reconnect() - retrying in 2 seconds [6 frames in stack]
01:41:05  INFO   ping/pong timed out - reconnect
01:41:05  INFO   reconnect() - retrying in 2 seconds [6 frames in stack]
01:41:07  INFO   ping/pong timed out - reconnect
01:41:07  INFO   reconnect() - retrying in 2 seconds [6 frames in stack]
01:41:08  INFO   Websocket connected
01:41:08  INFO   Websocket connected
01:41:10  INFO   Websocket connected
01:41:12  INFO   ping/pong timed out - reconnect
01:41:12  INFO   reconnect() - retrying in 2 seconds [6 frames in stack]
01:41:16  INFO   Websocket connected
01:42:23  INFO   [discover] tracking 248 touch markets
01:47:29  INFO   [discover] tracking 248 touch markets
01:50:47  INFO   FILL buy_no will-ethereum-dip-to-1400-in-june- @75c fair=80.3c edge=+5.3c z=0.7
01:52:34  INFO   [discover] tracking 248 touch markets
01:57:38  INFO   [discover] tracking 248 touch markets
02:02:41  INFO   [discover] tracking 248 touch markets
