window_ts,mode,ticker,close_time,dh_minute,btc_t0,btc_now,btc_price_age_secs,abs_pct_move,yes_bid,yes_ask,spread,kalshi_yes_mid,direction,yes_target,no_target,yes_exposure_before,no_exposure_before,bet_side,mispricing,f_btc,g_misprice,stake,fill_price,count,order_id,order_result,market_winner,contracts,won,gross_per_contract,gross_pnl,fee,net_pnl,cost,side_touch,side_mid,slip_vs_touch,slip_vs_mid,real_minus_assumed,pred_edge,pred_fair,realized_edge,edge_bucket,mv_bucket
2026-05-18T08:45:00+00:00,dh-target,KXBTC15M-26MAY180500-00,2026-05-18T09:00:00Z,4.0,76907.37,76861.88,3.48,0.059149,0.33,0.34,0.01,0.335,no,0.0,8.1849,0.0,0.0,no,-0.0275,0.919191,0.890442,8.1849,0.69,12,7bcd2700-66ac-495c-9262-169b6020dcbe,ok,yes,12,0,-0.69,-8.28,0.0,-8.28,8.28,0.6699999999999999,0.665,0.020000000000000018,0.02499999999999991,-0.015000000000000124,-0.0275,0.6625,-0.69,<0,3-6bp
2026-05-18T08:45:00+00:00,dh-target,KXBTC15M-26MAY180500-00,2026-05-18T09:00:00Z,6.0,76907.37,76909.5,0.63,0.00277,0.55,0.56,0.01,0.555,yes,3.9748,0.0,0.0,8.1849,yes,0.0147,0.375427,1.058732,3.9748,0.58,7,ab31d839-cbc9-46d6-8fde-8f3cbe85cb93,ok,yes,7,1,0.42000000000000004,2.9400000000000004,0.20580000000000004,2.7342000000000004,4.06,0.56,0.555,0.019999999999999907,0.02499999999999991,-0.015000000000000124,0.0147,0.5947,0.42000000000000004,0-5c,<3bp
2026-05-18T08:45:00+00:00,dh-target,KXBTC15M-26MAY180500-00,2026-05-18T09:00:00Z,9.5,76907.37,76957.68,0.68,0.065416,0.86,0.87,0.01,0.865,yes,5.7801,0.0,3.9748,8.1849,yes,-0.1127,1.000983,0.577444,1.8053,0.89,2,bca25c01-4517-47b4-82a5-9ddbc06ea299,ok,yes,2,1,0.10999999999999999,0.21999999999999997,0.015399999999999999,0.20459999999999998,1.78,0.87,0.865,0.020000000000000018,0.025000000000000022,-0.015000000000000013,-0.1127,0.7773,0.10999999999999999,<0,6-12bp
2026-05-18T09:00:00+00:00,dh-target,KXBTC15M-26MAY180515-15,2026-05-18T09:15:00Z,4.5,76983.12,76910.23,0.32,0.094683,0.21,0.22,0.01,0.215,no,0.0,6.677,0.0,0.0,no,-0.1475,1.420321,0.470104,6.677,0.81,8,924e605d-d834-40f1-ae28-decfe9ab9dbb,ok,no,8,1,0.18999999999999995,1.5199999999999996,0.10639999999999998,1.4135999999999995,6.48,0.79,0.785,0.020000000000000018,0.025000000000000022,-0.015000000000000013,-0.1475,0.6625000000000001,0.18999999999999995,<0,6-12bp
2026-05-18T09:00:00+00:00,dh-target,KXBTC15M-26MAY180515-15,2026-05-18T09:15:00Z,5.0,76983.12,76895.99,0.19,0.113181,0.16,0.17,0.01,0.165,no,0.0,11.3735,0.0,6.677,no,-0.0856,1.696573,0.670382,4.6965,0.86,5,295c8534-f77f-4950-b441-8355ab1a237c,ok,no,5,1,0.14,0.7000000000000001,0.04900000000000001,0.651,4.3,0.84,0.835,0.020000000000000018,0.025000000000000022,-0.015000000000000013,-0.0856,0.7744,0.14,<0,6-12bp
2026-05-18T09:00:00+00:00,dh-target,KXBTC15M-26MAY180515-15,2026-05-18T09:15:00Z,6.0,76983.12,76848.32,1.0,0.175103,0.093,0.094,0.001,0.0935,no,0.0,13.7688,0.0,11.3735,no,-0.1177,2.453647,0.561155,2.3952,0.927,3,65121042-5b07-4fff-9b42-c2e6678d280e,ok,no,3,1,0.07299999999999995,0.21899999999999986,0.015329999999999993,0.20366999999999988,2.781,0.907,0.9065,0.020000000000000018,0.020500000000000074,-0.019499999999999962,-0.1177,0.8093,0.07299999999999995,<0,>12bp
2026-05-18T09:15:00+00:00,dh-target,KXBTC15M-26MAY180530-30,2026-05-18T09:30:00Z,4.0,76870.31,76886.51,3.05,0.021074,0.62,0.63,0.01,0.625,yes,3.5127,0.0,0.0,0.0,yes,-0.0816,0.513019,0.684718,3.5127,0.65,5,395872e3-74e6-48df-915a-5f51f1416bef,ok,yes,5,1,0.35,1.75,0.1225,1.6275,3.25,0.63,0.625,0.020000000000000018,0.025000000000000022,-0.015000000000000013,-0.0816,0.5684,0.35,<0,<3bp
2026-05-18T09:15:00+00:00,dh-target,KXBTC15M-26MAY180530-30,2026-05-18T09:30:00Z,5.0,76870.31,76868.15,0.15,0.00281,0.51,0.52,0.01,0.515,no,0.0,4.8527,3.5127,0.0,no,0.0751,0.375692,1.291679,4.8527,0.51,10,a3f16fe8-7b9b-4ed6-bac0-60661be648fb,ok,yes,10,0,-0.51,-5.1,0.0,-5.1,5.1,0.49,0.485,0.020000000000000018,0.025000000000000022,-0.015000000000000013,0.0751,0.5851,-0.51,5-10c,<3bp
2026-05-18T09:15:00+00:00,dh-target,KXBTC15M-26MAY180530-30,2026-05-18T09:30:00Z,7.5,76870.31,76910.21,1.91,0.051906,0.8,0.81,0.01,0.805,yes,5.0783,0.0,3.5127,4.8527,yes,-0.1023,0.829501,0.612207,1.5655,0.83,2,921f0aa0-e3ba-4afc-9110-bdb1a612a478,ok,yes,2,1,0.17000000000000004,0.3400000000000001,0.02380000000000001,0.3162000000000001,1.66,0.81,0.805,0.019999999999999907,0.02499999999999991,-0.015000000000000124,-0.1023,0.7277,0.17000000000000004,<0,3-6bp
2026-05-18T09:15:00+00:00,dh-target,KXBTC15M-26MAY180530-30,2026-05-18T09:30:00Z,10.0,76870.31,76922.84,0.57,0.068336,0.91,0.912,0.002,0.911,yes,5.2744,0.0,5.0783,4.8527,yes-hedge,-0.135,1.0403,0.507012,8.8681,0.932,10,2215c4b2-0cc3-4070-8681-216820f3df5c,ok,yes,10,0,-0.932,-9.32,0.0,-9.32,9.32,0.08999999999999997,0.08899999999999997,0.8420000000000001,0.8430000000000001,0.803,-0.135,0.797,-0.932,<0,6-12bp
2026-05-18T09:15:00+00:00,dh-target,KXBTC15M-26MAY180530-30,2026-05-18T09:30:00Z,10.5,76870.31,76898.97,0.33,0.037284,0.8,0.81,0.01,0.805,yes,2.1419,0.0,13.9464,4.8527,yes-hedge,-0.2065,0.665855,0.321678,7.8976,0.83,10,c2ac4aeb-bc93-4fc0-adb8-e4842a0d6c77,ok,yes,10,0,-0.83,-8.299999999999999,0.0,-8.299999999999999,8.299999999999999,0.19999999999999996,0.19499999999999995,0.63,0.635,0.595,-0.2065,0.6234999999999999,-0.83,<0,3-6bp
2026-05-18T09:15:00+00:00,dh-target,KXBTC15M-26MAY180530-30,2026-05-18T09:30:00Z,11.0,76870.31,76917.13,0.46,0.060908,0.908,0.914,0.006,0.911,yes,5.5346,0.0,21.844,4.8527,yes-hedge,-0.1096,0.941768,0.587683,3.3033,0.934,4,789d2c5a-1a12-4dcf-ba2f-85263a4e93d6,ok,yes,4,0,-0.934,-3.736,0.0,-3.736,3.736,0.09199999999999997,0.08899999999999997,0.8420000000000001,0.8450000000000001,0.805,-0.1096,0.8244,-0.934,<0,6-12bp
2026-05-18T09:30:00+00:00,dh-target,KXBTC15M-26MAY180545-45,2026-05-18T09:45:00Z,4.0,76925.94,76858.88,1.0,0.087175,0.19,0.2,0.01,0.195,no,0.0,5.4312,0.0,0.0,no,-0.1675,1.308669,0.41502,5.4312,0.83,7,b9957d5e-bd2c-4851-956a-c7133e4e9831,ok,no,7,1,0.17000000000000004,1.1900000000000004,0.08330000000000003,1.1067000000000005,5.81,0.81,0.8049999999999999,0.019999999999999907,0.025000000000000022,-0.015000000000000013,-0.1675,0.6625,0.17000000000000004,<0,6-12bp
2026-05-18T09:30:00+00:00,dh-target,KXBTC15M-26MAY180545-45,2026-05-18T09:45:00Z,5.5,76925.94,76933.03,2.51,0.009217,0.52,0.53,0.01,0.525,yes,4.7843,0.0,0.0,5.4312,yes,0.0351,0.419864,1.139485,4.7843,0.55,9,0371a197-a25a-4879-8ca8-02c30c8a53e3,ok,no,9,0,-0.55,-4.95,0.0,-4.95,4.95,0.53,0.525,0.020000000000000018,0.025000000000000022,-0.015000000000000013,0.0351,0.5851000000000001,-0.55,0-5c,<3bp
2026-05-18T09:30:00+00:00,dh-target,KXBTC15M-26MAY180545-45,2026-05-18T09:45:00Z,10.0,76925.94,76947.18,1.29,0.027611,0.72,0.73,0.01,0.725,yes,3.0446,0.0,4.7843,5.4312,yes-hedge,-0.1265,0.57103,0.533177,4.9077,0.75,7,91a33946-c15e-41cd-a4b0-59522cb26b3d,ok,no,7,0,-0.75,-5.25,0.0,-5.25,5.25,0.28,0.275,0.47,0.475,0.435,-0.1265,0.6234999999999999,-0.75,<0,<3bp
2026-05-18T09:30:00+00:00,dh-target,KXBTC15M-26MAY180545-45,2026-05-18T09:45:00Z,10.5,76925.94,76938.26,0.29,0.016015,0.68,0.69,0.01,0.685,yes,3.1451,0.0,9.692,5.4312,yes-hedge,-0.0865,0.471409,0.667177,4.646,0.71,7,6d4145b4-f2c6-4131-b3ea-b53f2b9b6807,ok,no,7,0,-0.71,-4.97,0.0,-4.97,4.97,0.31999999999999995,0.31499999999999995,0.39,0.395,0.35500000000000004,-0.0865,0.6234999999999999,-0.71,<0,<3bp
2026-05-18T09:30:00+00:00,dh-target,KXBTC15M-26MAY180545-45,2026-05-18T09:45:00Z,11.0,76925.94,76924.25,0.07,0.002197,0.54,0.56,0.02,0.55,no,0.0,5.8104,14.338,5.4312,no-hedge,0.1594,0.371682,1.563263,10.2307,0.48,21,be9ef7a6-9e76-40af-91a0-ba4c050a3723,ok,no,21,0,-0.48,-10.08,0.0,-10.08,10.08,0.45999999999999996,0.44999999999999996,0.020000000000000018,0.030000000000000027,-0.009999999999999953,0.1594,0.6394,-0.48,10-20c,<3bp
2026-05-18T09:45:00+00:00,dh-target,KXBTC15M-26MAY180600-00,2026-05-18T10:00:00Z,4.0,76911.75,76920.27,0.08,0.011078,0.69,0.71,0.02,0.7,yes,1.8673,0.0,0.0,0.0,yes,-0.1616,0.433485,0.430759,1.8673,0.73,3,970c081f-43be-4165-a8ec-f898f92c8654,ok,no,3,0,-0.73,-2.19,0.0,-2.19,2.19,0.71,0.7,0.020000000000000018,0.030000000000000027,-0.010000000000000009,-0.1616,0.5684,-0.73,<0,<3bp
2026-05-18T09:45:00+00:00,dh-target,KXBTC15M-26MAY180600-00,2026-05-18T10:00:00Z,5.0,76911.75,76910.97,4.38,0.001014,0.53,0.54,0.01,0.535,no,0.0,4.9622,1.8673,0.0,no,0.0951,0.364047,1.363055,4.9622,0.49,10,c1f92fe9-3278-4ce2-8da2-a73acbb88851,ok,no,10,1,0.51,5.1,0.35700000000000004,4.742999999999999,4.9,0.47,0.46499999999999997,0.020000000000000018,0.025000000000000022,-0.015000000000000013,0.0951,0.5851,0.51,5-10c,<3bp
2026-05-18T09:45:00+00:00,dh-target,KXBTC15M-26MAY180600-00,2026-05-18T10:00:00Z,5.5,76911.75,76944.58,0.78,0.042685,0.71,0.72,0.01,0.715,yes,3.2496,0.0,1.8673,4.9622,yes,-0.1549,0.7235,0.449151,1.3823,0.74,2,fc39929c-58a9-440e-9c01-b1929f282968,ok,no,2,0,-0.74,-1.48,0.0,-1.48,1.48,0.72,0.715,0.020000000000000018,0.025000000000000022,-0.015000000000000013,-0.1549,0.5851,-0.74,<0,3-6bp
2026-05-18T12:15:00+00:00,dh-target,KXBTC15M-26MAY180830-30,2026-05-18T12:30:00Z,4.0,77376.41,77405.0,0.52,0.036949,0.66,0.67,0.01,0.665,yes,3.6342,0.0,0.0,0.0,yes,-0.1216,0.662398,0.548646,3.6342,0.69,5,10750dd5-7e5f-4584-8ca8-a5b9f732fcff,ok,no,5,0,-0.69,-3.4499999999999997,0.0,-3.4499999999999997,3.4499999999999997,0.67,0.665,0.019999999999999907,0.02499999999999991,-0.015000000000000124,-0.1216,0.5683999999999999,-0.69,<0,3-6bp
2026-05-18T12:15:00+00:00,dh-target,KXBTC15M-26MAY180830-30,2026-05-18T12:30:00Z,4.5,77376.41,77420.43,2.65,0.056891,0.66,0.67,0.01,0.665,yes,7.9307,0.0,3.6342,0.0,yes,-0.0275,0.890649,0.890442,4.2965,0.69,6,844e41a8-7e45-4ba4-ba52-b81db622ba8e,ok,no,6,0,-0.69,-4.14,0.0,-4.14,4.14,0.67,0.665,0.019999999999999907,0.02499999999999991,-0.015000000000000124,-0.0275,0.6625,-0.69,<0,3-6bp
2026-05-18T12:15:00+00:00,dh-target,KXBTC15M-26MAY180830-30,2026-05-18T12:30:00Z,7.0,77376.41,77436.17,3.49,0.077233,0.74,0.75,0.01,0.745,yes,9.6914,0.0,7.9307,0.0,yes,-0.0423,1.164273,0.832396,1.7607,0.77,2,074cf9d0-e137-4957-a6a2-53ef6750977e,ok,no,2,0,-0.77,-1.54,0.0,-1.54,1.54,0.75,0.745,0.020000000000000018,0.025000000000000022,-0.015000000000000013,-0.0423,0.7277,-0.77,<0,6-12bp
2026-05-18T12:15:00+00:00,dh-target,KXBTC15M-26MAY180830-30,2026-05-18T12:30:00Z,7.5,77376.41,77468.16,0.23,0.118576,0.86,0.87,0.01,0.865,yes,13.7013,0.0,9.6914,0.0,yes,-0.0581,1.775481,0.771695,4.0099,0.89,5,9db08d94-b689-4234-8e28-34f56428f292,ok,no,5,0,-0.89,-4.45,0.0,-4.45,4.45,0.87,0.865,0.020000000000000018,0.025000000000000022,-0.015000000000000013,-0.0581,0.8319,-0.89,<0,6-12bp
2026-05-18T12:15:00+00:00,dh-target,KXBTC15M-26MAY180830-30,2026-05-18T12:30:00Z,9.5,77376.41,77500.0,0.05,0.159726,0.939,0.94,0.001,0.9395,yes,16.2091,0.0,13.7013,0.0,yes,-0.0763,2.302642,0.703936,2.5078,0.96,3,3cb79d31-37ab-40f2-94de-f74b3670cab1,ok,no,3,0,-0.96,-2.88,0.0,-2.88,2.88,0.94,0.9395,0.020000000000000018,0.020499999999999963,-0.019500000000000073,-0.0763,0.8836999999999999,-0.96,<0,>12bp
2026-05-18T12:15:00+00:00,dh-target,KXBTC15M-26MAY180830-30,2026-05-18T12:30:00Z,12.5,77376.41,77277.99,0.97,0.127196,0.1,0.11,0.01,0.105,no,0.0,19.8846,16.2091,0.0,no,0.0119,1.898177,1.047564,13.7909,0.92,15,7f5e4e23-9cf4-4c8a-b8df-600b036e4b52,ok,no,15,1,0.07999999999999996,1.1999999999999993,0.08399999999999996,1.1159999999999992,13.8,0.9,0.895,0.020000000000000018,0.025000000000000022,-0.015000000000000013,0.0119,0.9319000000000001,0.07999999999999996,0-5c,>12bp
2026-05-18T12:30:00+00:00,dh-target,KXBTC15M-26MAY180845-45,2026-05-18T12:45:00Z,4.0,77324.84,77415.82,3.28,0.117659,0.8,0.81,0.01,0.805,yes,12.1295,0.0,0.0,0.0,yes,-0.0806,1.762172,0.688325,12.1295,0.83,15,6ff11757-9ae1-4bcf-a4fd-a61c384fdb72,ok,yes,15,1,0.17000000000000004,2.5500000000000007,0.17850000000000008,2.3715000000000006,12.45,0.81,0.805,0.019999999999999907,0.02499999999999991,-0.015000000000000124,-0.0806,0.7494,0.17000000000000004,<0,6-12bp
2026-05-18T12:30:00+00:00,dh-target,KXBTC15M-26MAY180845-45,2026-05-18T12:45:00Z,4.5,77324.84,77456.63,0.12,0.170437,0.83,0.84,0.01,0.835,yes,14.0874,0.0,12.1295,0.0,yes,-0.1106,2.4107,0.584368,1.9579,0.86,2,e63d1282-325b-4ffc-be2e-e17fd037cb1f,ok,yes,2,1,0.14,0.28,0.019600000000000003,0.2604,1.72,0.84,0.835,0.020000000000000018,0.025000000000000022,-0.015000000000000013,-0.1106,0.7494,0.14,<0,>12bp
2026-05-18T12:30:00+00:00,dh-target,KXBTC15M-26MAY180845-45,2026-05-18T12:45:00Z,5.0,77324.84,77522.01,0.12,0.254989,0.89,0.9,0.01,0.895,yes,25.3461,0.0,14.0874,0.0,yes,-0.0294,2.870652,0.882939,11.2587,0.92,12,c08f0d40-4cfe-48a8-b402-886fb2e67557,ok,yes,12,1,0.07999999999999996,0.9599999999999995,0.06719999999999997,0.8927999999999996,11.040000000000001,0.9,0.895,0.020000000000000018,0.025000000000000022,-0.015000000000000013,-0.0294,0.8906000000000001,0.07999999999999996,<0,>12bp
2026-05-18T12:30:00+00:00,dh-target,KXBTC15M-26MAY180845-45,2026-05-18T12:45:00Z,7.0,77324.84,77484.07,2.04,0.205923,0.89,0.9,0.01,0.895,yes,26.7484,0.0,25.3461,0.0,yes,-0.0003,2.678056,0.9988,1.4023,0.92,2,f2d3cd84-93b1-4ed1-adb1-be0a32b00a20,ok,yes,2,1,0.07999999999999996,0.15999999999999992,0.011199999999999995,0.14879999999999993,1.84,0.9,0.895,0.020000000000000018,0.025000000000000022,-0.015000000000000013,-0.0003,0.9197000000000001,0.07999999999999996,<0,>12bp
2026-05-18T21:15:00+00:00,dh-target,KXBTC15M-26MAY181730-30,2026-05-18T21:30:00Z,4.0,76877.62,76894.02,0.0,0.021333,0.6,0.61,0.01,0.605,yes,3.3446,0.0,0.0,0.0,yes,-0.0916,0.515219,0.649161,3.3446,0.66,5,949da77d-77e3-4c70-af61-bca025e7883d,ok,yes,5,1,0.33999999999999997,1.6999999999999997,0.11900000000000001,1.5809999999999997,3.3000000000000003,0.61,0.605,0.050000000000000044,0.05500000000000005,0.015000000000000013,-0.0916,0.5684,0.33999999999999997,<0,<3bp
2026-05-18T21:15:00+00:00,dh-target,KXBTC15M-26MAY181730-30,2026-05-18T21:30:00Z,6.0,76877.62,76917.75,0.41,0.0522,0.71,0.72,0.01,0.715,yes,6.7182,0.0,3.3446,0.0,yes,-0.049,0.833037,0.806472,3.3736,0.77,4,37f32763-4bda-4395-ba82-b6c3d187caf0,ok,yes,4,1,0.22999999999999998,0.9199999999999999,0.0644,0.8555999999999999,3.08,0.72,0.715,0.050000000000000044,0.05500000000000005,0.015000000000000013,-0.049,0.721,0.22999999999999998,<0,3-6bp
2026-05-18T21:15:00+00:00,dh-target,KXBTC15M-26MAY181730-30,2026-05-18T21:30:00Z,8.5,76877.62,76954.64,0.33,0.100185,0.89,0.9,0.01,0.895,yes,9.0122,0.0,6.7182,0.0,yes,-0.106,1.502778,0.599705,2.294,0.95,2,a04d94d7-eab7-4ae0-99f9-01b90843c18f,ok,yes,2,1,0.050000000000000044,0.10000000000000009,0.007000000000000007,0.09300000000000008,1.9,0.9,0.895,0.04999999999999993,0.05499999999999994,0.014999999999999902,-0.106,0.844,0.050000000000000044,<0,6-12bp
2026-05-18T21:30:00+00:00,dh-target,KXBTC15M-26MAY181745-45,2026-05-18T21:45:00Z,4.0,77003.38,77095.6,0.66,0.119761,0.83,0.84,0.01,0.835,yes,8.7882,0.0,0.0,0.0,yes,-0.1406,1.792616,0.490244,8.7882,0.89,10,c44c1476-317f-4c00-97e5-179be4a55cde,ok,no,10,0,-0.89,-8.9,0.0,-8.9,8.9,0.84,0.835,0.050000000000000044,0.05500000000000005,0.015000000000000013,-0.1406,0.7494000000000001,-0.89,<0,6-12bp
2026-05-18T21:30:00+00:00,dh-target,KXBTC15M-26MAY181745-45,2026-05-18T21:45:00Z,8.0,77003.38,76995.48,0.31,0.010259,0.49,0.5,0.01,0.495,no,0.0,5.0274,8.7882,0.0,no,0.0445,0.427451,1.176144,5.0274,0.56,9,25b8d5b2-0666-42d5-b0ef-dc977534eaf3,ok,no,9,1,0.43999999999999995,3.9599999999999995,0.2772,3.6827999999999994,5.040000000000001,0.51,0.505,0.050000000000000044,0.05500000000000005,0.015000000000000013,0.0445,0.6045,0.43999999999999995,0-5c,<3bp
2026-05-18T21:30:00+00:00,dh-target,KXBTC15M-26MAY181745-45,2026-05-18T21:45:00Z,8.5,77003.38,76960.02,0.07,0.056309,0.28,0.29,0.01,0.285,no,0.0,8.1005,8.7882,5.0274,no,-0.0208,0.883383,0.916991,3.0731,0.77,4,a209ec77-a268-4ae9-93a8-355b0b0367fe,ok,no,4,1,0.22999999999999998,0.9199999999999999,0.0644,0.8555999999999999,3.08,0.72,0.7150000000000001,0.050000000000000044,0.05499999999999994,0.014999999999999902,-0.0208,0.7492,0.22999999999999998,<0,3-6bp
2026-05-18T21:30:00+00:00,dh-target,KXBTC15M-26MAY181745-45,2026-05-18T21:45:00Z,9.0,77003.38,76920.23,0.05,0.107982,0.18,0.19,0.01,0.185,no,0.0,17.0814,8.7882,8.1005,no,0.0137,1.61948,1.054745,8.9808,0.87,10,782aeb16-c577-4212-aede-661f4480518b,ok,no,10,1,0.13,1.3,0.091,1.209,8.7,0.8200000000000001,0.815,0.04999999999999993,0.05500000000000005,0.015000000000000013,0.0137,0.8837,0.13,0-5c,6-12bp
2026-05-18T21:30:00+00:00,dh-target,KXBTC15M-26MAY181745-45,2026-05-18T21:45:00Z,10.0,77003.38,76993.81,0.59,0.012428,0.46,0.48,0.02,0.47,no,0.0,5.0269,8.7882,17.0814,no-hedge,0.0335,0.443597,1.133204,3.0384,0.59,5,cd3ed6bd-f0e8-41c7-a5ed-991cac16c2ed,ok,no,5,0,-0.59,-2.9499999999999997,0.0,-2.9499999999999997,2.9499999999999997,0.54,0.53,0.04999999999999993,0.05999999999999994,0.019999999999999907,0.0335,0.6234999999999999,-0.59,0-5c,<3bp
2026-05-18T21:45:00+00:00,dh-target,KXBTC15M-26MAY181800-00,2026-05-18T22:00:00Z,4.0,76971.11,76950.0,0.23,0.027426,0.43,0.44,0.01,0.435,no,0.0,4.5345,0.0,0.0,no,-0.0516,0.569321,0.796482,4.5345,0.62,7,373ae123-9ab9-422e-a222-f5764d65ee11,ok,yes,7,0,-0.62,-4.34,0.0,-4.34,4.34,0.5700000000000001,0.565,0.04999999999999993,0.05500000000000005,0.015000000000000013,-0.0516,0.5684,-0.62,<0,<3bp
2026-05-18T21:45:00+00:00,dh-target,KXBTC15M-26MAY181800-00,2026-05-18T22:00:00Z,7.5,76971.11,76976.16,0.38,0.006561,0.57,0.58,0.01,0.575,yes,3.6346,0.0,0.0,4.5345,yes,-0.0235,0.401048,0.906276,3.6346,0.63,6,300c3567-a15f-4ac6-9cde-f1ff2e4bc17b,ok,yes,6,1,0.37,2.2199999999999998,0.1554,2.0645999999999995,3.7800000000000002,0.58,0.575,0.050000000000000044,0.05500000000000005,0.015000000000000013,-0.0235,0.6065,0.37,<0,<3bp
2026-05-18T21:45:00+00:00,dh-target,KXBTC15M-26MAY181800-00,2026-05-18T22:00:00Z,9.0,76971.11,77015.65,0.1,0.057866,0.8,0.81,0.01,0.805,yes,6.1467,0.0,3.6346,4.5345,yes,-0.0827,0.90291,0.680761,2.5121,0.86,3,723d20e3-648c-409e-a62e-5cda07e586aa,ok,yes,3,1,0.14,0.42000000000000004,0.029400000000000003,0.39060000000000006,2.58,0.81,0.805,0.04999999999999993,0.05499999999999994,0.014999999999999902,-0.0827,0.7773,0.14,<0,3-6bp
2026-05-18T21:45:00+00:00,dh-target,KXBTC15M-26MAY181800-00,2026-05-18T22:00:00Z,10.0,76971.11,77003.4,0.63,0.041951,0.76,0.77,0.01,0.765,yes,2.4602,0.0,6.1467,4.5345,yes-hedge,-0.1965,0.715466,0.343863,5.9973,0.82,7,dff6b2fc-c0c1-4b9e-8266-c99cd1c4a677,ok,yes,7,0,-0.82,-5.739999999999999,0.0,-5.739999999999999,5.739999999999999,0.24,0.235,0.58,0.585,0.5449999999999999,-0.1965,0.6234999999999999,-0.82,<0,3-6bp
2026-05-18T21:45:00+00:00,dh-target,KXBTC15M-26MAY181800-00,2026-05-18T22:00:00Z,10.5,76971.11,77002.55,0.02,0.040846,0.74,0.75,0.01,0.745,yes,2.7566,0.0,12.1439,4.5345,yes-hedge,-0.1765,0.703502,0.391838,5.851,0.8,7,5af8fe2c-8e89-4a90-8df4-498a1909b960,ok,yes,7,0,-0.8,-5.6000000000000005,0.0,-5.6000000000000005,5.6000000000000005,0.26,0.255,0.54,0.545,0.5050000000000001,-0.1765,0.6235,-0.8,<0,3-6bp
2026-05-18T21:45:00+00:00,dh-target,KXBTC15M-26MAY181800-00,2026-05-18T22:00:00Z,11.0,76971.11,76999.76,0.38,0.037222,0.73,0.74,0.01,0.735,yes,3.0683,0.0,17.995,4.5345,yes-hedge,-0.1506,0.665215,0.461245,5.7779,0.79,7,9cb769de-3cee-4a69-abd8-60771a03a905,ok,yes,7,0,-0.79,-5.53,0.0,-5.53,5.53,0.27,0.265,0.52,0.525,0.48500000000000004,-0.1506,0.6394,-0.79,<0,3-6bp
2026-05-18T22:00:00+00:00,dh-target,KXBTC15M-26MAY181815-15,2026-05-18T22:15:00Z,4.0,77066.3,77011.75,0.18,0.070783,0.32,0.33,0.01,0.325,no,0.0,7.9072,0.0,0.0,no,-0.0675,1.073807,0.736375,7.9072,0.73,11,512d6010-60ef-4736-8cfb-dda8242f7821,ok,yes,11,0,-0.73,-8.03,0.0,-8.03,8.03,0.6799999999999999,0.675,0.050000000000000044,0.05499999999999994,0.014999999999999902,-0.0675,0.6625,-0.73,<0,6-12bp
2026-05-18T22:00:00+00:00,dh-target,KXBTC15M-26MAY181815-15,2026-05-18T22:15:00Z,6.0,77066.3,77085.65,0.36,0.025108,0.55,0.56,0.01,0.555,yes,5.1474,0.0,0.0,7.9072,yes,-0.0153,0.548246,0.938876,5.1474,0.61,8,c628b915-3e20-4a10-897a-f2dc360c033d,ok,yes,8,1,0.39,3.12,0.21840000000000004,2.9016,4.88,0.56,0.555,0.04999999999999993,0.05499999999999994,0.014999999999999902,-0.0153,0.5947,0.39,<0,<3bp
2026-05-18T22:00:00+00:00,dh-target,KXBTC15M-26MAY181815-15,2026-05-18T22:15:00Z,7.5,77066.3,77112.0,0.11,0.0593,0.72,0.73,0.01,0.725,yes,7.3118,0.0,5.1474,7.9072,yes,-0.0523,0.921111,0.793799,2.1644,0.78,3,eaf02880-2e9b-465a-a4db-df9b4c56eb23,ok,yes,3,1,0.21999999999999997,0.6599999999999999,0.0462,0.6137999999999999,2.34,0.73,0.725,0.050000000000000044,0.05500000000000005,0.015000000000000013,-0.0523,0.7277,0.21999999999999997,<0,3-6bp
2026-05-18T22:00:00+00:00,dh-target,KXBTC15M-26MAY181815-15,2026-05-18T22:15:00Z,10.0,77066.3,77089.98,0.03,0.030727,0.73,0.74,0.01,0.735,yes,2.5076,0.0,7.3118,7.9072,yes-hedge,-0.1665,0.600399,0.417657,8.5572,0.79,11,39db7b41-43ab-470a-a2b9-dfebaa472ee1,ok,yes,11,0,-0.79,-8.690000000000001,0.0,-8.690000000000001,8.690000000000001,0.27,0.265,0.52,0.525,0.48500000000000004,-0.1665,0.6235,-0.79,<0,3-6bp
2026-05-18T22:00:00+00:00,dh-target,KXBTC15M-26MAY181815-15,2026-05-18T22:15:00Z,10.5,77066.3,77074.74,0.04,0.010952,0.64,0.65,0.01,0.645,yes,3.0417,0.0,15.8689,7.9072,yes-hedge,-0.0765,0.432551,0.703206,6.531,0.7,9,e8189a7f-48d6-403d-92c9-71a36667146a,ok,yes,9,0,-0.7,-6.3,0.0,-6.3,6.3,0.36,0.355,0.33999999999999997,0.345,0.305,-0.0765,0.6234999999999999,-0.7,<0,<3bp
2026-05-18T22:15:00+00:00,dh-target,KXBTC15M-26MAY181830-30,2026-05-18T22:30:00Z,4.0,77104.73,77125.5,0.26,0.026937,0.62,0.63,0.01,0.625,yes,3.282,0.0,0.0,0.0,yes,-0.1116,0.564828,0.581065,3.282,0.68,5,6a13322b-d31c-47f3-a598-36459a72a86d,ok,yes,5,1,0.31999999999999995,1.5999999999999996,0.112,1.4879999999999995,3.4000000000000004,0.63,0.625,0.050000000000000044,0.05500000000000005,0.015000000000000013,-0.1116,0.5684,0.31999999999999995,<0,<3bp
2026-05-18T22:15:00+00:00,dh-target,KXBTC15M-26MAY181830-30,2026-05-18T22:30:00Z,4.5,77104.73,77150.57,0.05,0.059452,0.64,0.65,0.01,0.645,yes,7.8562,0.0,3.282,0.0,yes,-0.0375,0.923053,0.851115,4.5742,0.7,7,d1d20b20-8b63-40a1-8368-e0de210d7304,ok,yes,7,1,0.30000000000000004,2.1000000000000005,0.14700000000000002,1.9530000000000005,4.8999999999999995,0.65,0.645,0.04999999999999993,0.05499999999999994,0.014999999999999902,-0.0375,0.6625,0.30000000000000004,<0,3-6bp
2026-05-18T22:15:00+00:00,dh-target,KXBTC15M-26MAY181830-30,2026-05-18T22:30:00Z,6.0,77104.73,77157.25,0.56,0.068115,0.64,0.65,0.01,0.645,yes,11.2423,0.0,7.8562,0.0,yes,0.021,1.037302,1.083803,3.3861,0.7,5,4581cf74-1abe-4e00-b3db-1b107086f56f,ok,yes,5,1,0.30000000000000004,1.5000000000000002,0.10500000000000002,1.3950000000000002,3.5,0.65,0.645,0.04999999999999993,0.05499999999999994,0.014999999999999902,0.021,0.721,0.30000000000000004,0-5c,6-12bp
2026-05-18T22:30:00+00:00,dh-target,KXBTC15M-26MAY181845-45,2026-05-18T22:45:00Z,4.0,77114.62,77091.2,0.0,0.03037,0.46,0.47,0.01,0.465,no,0.0,5.4553,0.0,0.0,no,-0.0216,0.596983,0.913814,5.4553,0.59,9,4f892a6b-b90c-4519-b0f7-24b0c9bbb21c,ok,no,9,1,0.41000000000000003,3.6900000000000004,0.25830000000000003,3.4317,5.31,0.54,0.5349999999999999,0.04999999999999993,0.05500000000000005,0.015000000000000013,-0.0216,0.5684,0.41000000000000003,<0,3-6bp
2026-05-18T22:30:00+00:00,dh-target,KXBTC15M-26MAY181845-45,2026-05-18T22:45:00Z,4.5,77114.62,77070.93,0.61,0.056656,0.35,0.36,0.01,0.355,no,0.0,7.5554,0.0,5.4553,no,-0.0375,0.887711,0.851115,2.1001,0.7,3,42402028-21c7-4b7a-a221-34c6fee2cd5e,ok,no,3,1,0.30000000000000004,0.9000000000000001,0.06300000000000001,0.8370000000000001,2.0999999999999996,0.65,0.645,0.04999999999999993,0.05499999999999994,0.014999999999999902,-0.0375,0.6625,0.30000000000000004,<0,3-6bp
2026-05-18T22:30:00+00:00,dh-target,KXBTC15M-26MAY181845-45,2026-05-18T22:45:00Z,5.0,77114.62,77053.05,0.41,0.079842,0.3,0.31,0.01,0.305,no,0.0,9.9046,0.0,7.5554,no,-0.0444,1.201663,0.824244,2.3492,0.75,3,4d485dec-7aff-4396-9b94-662981f2e3df,ok,no,3,1,0.25,0.75,0.052500000000000005,0.6975,2.25,0.7,0.6950000000000001,0.050000000000000044,0.05499999999999994,0.014999999999999902,-0.0444,0.7056,0.25,<0,6-12bp
2026-05-18T22:30:00+00:00,dh-target,KXBTC15M-26MAY181845-45,2026-05-18T22:45:00Z,11.0,77114.62,77034.94,0.17,0.103327,0.086,0.088,0.002,0.087,no,0.0,11.8548,0.0,9.9046,no,-0.0599,1.549882,0.764882,1.9501,0.964,2,fbe9b42d-05b6-4a03-b571-cb068db1afa6,ok,no,2,1,0.03600000000000003,0.07200000000000006,0.0050400000000000045,0.06696000000000006,1.928,0.914,0.913,0.04999999999999993,0.050999999999999934,0.010999999999999899,-0.0599,0.9041,0.03600000000000003,<0,6-12bp
2026-05-18T22:45:00+00:00,dh-target,KXBTC15M-26MAY181900-00,2026-05-18T23:00:00Z,4.0,77003.53,76950.05,0.15,0.069451,0.34,0.35,0.01,0.345,no,0.0,8.5734,0.0,0.0,no,-0.0475,1.055512,0.812254,8.5734,0.71,12,8bd6e43e-4619-4932-9bbc-5b9dfd62d3ae,ok,yes,12,0,-0.71,-8.52,0.0,-8.52,8.52,0.6599999999999999,0.655,0.050000000000000044,0.05499999999999994,0.014999999999999902,-0.0475,0.6625,-0.71,<0,6-12bp
2026-05-18T22:45:00+00:00,dh-target,KXBTC15M-26MAY181900-00,2026-05-18T23:00:00Z,6.0,77003.53,76876.25,0.32,0.165291,0.09,0.092,0.002,0.091,no,0.0,10.8807,0.0,8.5734,no,-0.1507,2.36044,0.460961,2.3073,0.96,2,096e44e4-a329-4097-a48e-9e055853e276,ok,yes,2,0,-0.96,-1.92,0.0,-1.92,1.92,0.91,0.909,0.04999999999999993,0.050999999999999934,0.010999999999999899,-0.1507,0.8092999999999999,-0.96,<0,>12bp
2026-05-18T22:45:00+00:00,dh-target,KXBTC15M-26MAY181900-00,2026-05-18T23:00:00Z,8.0,77003.53,76903.95,0.5,0.129319,0.12,0.13,0.01,0.125,no,0.0,12.8948,0.0,10.8807,no,-0.086,1.927599,0.668956,2.0141,0.93,2,71d4510f-878a-41b5-836a-4e4574a72294,ok,yes,2,0,-0.93,-1.86,0.0,-1.86,1.86,0.88,0.875,0.050000000000000044,0.05500000000000005,0.015000000000000013,-0.086,0.8440000000000001,-0.93,<0,>12bp
2026-05-18T23:00:00+00:00,dh-target,KXBTC15M-26MAY181915-15,2026-05-18T23:15:00Z,4.5,77022.46,77079.98,0.16,0.07468,0.76,0.78,0.02,0.77,yes,4.6819,0.0,0.0,0.0,yes,-0.1675,1.128107,0.41502,4.6819,0.83,6,c2bf135d-31e2-4223-b62d-d7dc447d2541,ok,yes,6,1,0.17000000000000004,1.0200000000000002,0.07140000000000002,0.9486000000000002,4.9799999999999995,0.78,0.77,0.04999999999999993,0.05999999999999994,0.019999999999999907,-0.1675,0.6625,0.17000000000000004,<0,6-12bp
2026-05-18T23:00:00+00:00,dh-target,KXBTC15M-26MAY181915-15,2026-05-18T23:15:00Z,5.0,77022.46,77095.0,0.47,0.09418,0.81,0.82,0.01,0.815,yes,5.9795,0.0,4.6819,0.0,yes,-0.1644,1.412803,0.423236,1.2976,0.87,1,8b680093-ef5b-4a0c-9308-df554ee0c3fd,ok,yes,1,1,0.13,0.13,0.0091,0.12090000000000001,0.87,0.82,0.815,0.050000000000000044,0.05500000000000005,0.015000000000000013,-0.1644,0.7056,0.13,<0,6-12bp
2026-05-18T23:15:00+00:00,dh-target,KXBTC15M-26MAY181930-30,2026-05-18T23:30:00Z,4.0,77049.0,76975.99,0.46,0.094758,0.26,0.27,0.01,0.265,no,0.0,7.5344,0.0,0.0,no,-0.1275,1.42144,0.530055,7.5344,0.79,10,1041f9af-d7dd-4966-8fc9-5e41a48144ad,ok,no,10,1,0.20999999999999996,2.0999999999999996,0.147,1.9529999999999996,7.9,0.74,0.735,0.050000000000000044,0.05500000000000005,0.015000000000000013,-0.1275,0.6625000000000001,0.20999999999999996,<0,6-12bp
2026-05-18T23:15:00+00:00,dh-target,KXBTC15M-26MAY181930-30,2026-05-18T23:30:00Z,6.0,77049.0,76963.97,0.1,0.110358,0.15,0.17,0.02,0.16,no,0.0,10.7948,0.0,7.5344,no,-0.0907,1.654822,0.652322,3.2604,0.9,4,291d2280-3423-4a26-a97c-1625dd426bfa,ok,no,4,1,0.09999999999999998,0.3999999999999999,0.027999999999999997,0.3719999999999999,3.6,0.85,0.84,0.050000000000000044,0.06000000000000005,0.020000000000000018,-0.0907,0.8093,0.09999999999999998,<0,6-12bp
2026-05-18T23:30:00+00:00,dh-target,KXBTC15M-26MAY181945-45,2026-05-18T23:45:00Z,4.0,77006.48,76949.29,0.08,0.074266,0.23,0.24,0.01,0.235,no,0.0,4.96,0.0,0.0,no,-0.1575,1.122298,0.441948,4.96,0.82,6,046f8e05-fc84-4f54-a88c-9c9c0d7ab1fd,ok,yes,6,0,-0.82,-4.92,0.0,-4.92,4.92,0.77,0.765,0.04999999999999993,0.05499999999999994,0.014999999999999902,-0.1575,0.6625,-0.82,<0,6-12bp
2026-05-18T23:30:00+00:00,dh-target,KXBTC15M-26MAY181945-45,2026-05-18T23:45:00Z,5.0,77006.48,76956.18,0.18,0.065319,0.29,0.31,0.02,0.3,no,0.0,7.8552,0.0,4.96,no,-0.0544,0.999687,0.785771,2.8953,0.76,4,01d73755-26a9-44db-b738-81e9c6eaa019,ok,yes,4,0,-0.76,-3.04,0.0,-3.04,3.04,0.71,0.7,0.050000000000000044,0.06000000000000005,0.020000000000000018,-0.0544,0.7056,-0.76,<0,6-12bp
2026-05-18T23:30:00+00:00,dh-target,KXBTC15M-26MAY181945-45,2026-05-18T23:45:00Z,11.0,77006.48,77008.09,0.0,0.002091,0.62,0.63,0.01,0.625,yes,3.1127,0.0,0.0,7.8552,yes,-0.0406,0.370991,0.839013,3.1127,0.68,5,be7c5d44-0cfe-4455-9428-0f158a44f175,ok,yes,5,1,0.31999999999999995,1.5999999999999996,0.112,1.4879999999999995,3.4000000000000004,0.63,0.625,0.050000000000000044,0.05500000000000005,0.015000000000000013,-0.0406,0.6394000000000001,0.31999999999999995,<0,<3bp
2026-05-18T23:30:00+00:00,dh-target,KXBTC15M-26MAY181945-45,2026-05-18T23:45:00Z,11.0,77006.48,77008.09,0.0,0.002091,0.62,0.63,0.01,0.625,yes,3.1127,0.0,3.1127,7.8552,yes-hedge,-0.0406,0.370991,0.839013,6.7037,0.68,10,4ddb20a6-c682-44fd-8890-1105f8ae13fc,ok,yes,10,0,-0.68,-6.800000000000001,0.0,-6.800000000000001,6.800000000000001,0.38,0.375,0.30000000000000004,0.30500000000000005,0.26500000000000007,-0.0406,0.6394000000000001,-0.68,<0,<3bp
2026-05-18T23:30:00+00:00,dh-target,KXBTC15M-26MAY181945-45,2026-05-18T23:45:00Z,11.5,77006.48,77023.18,0.02,0.021686,0.76,0.77,0.01,0.765,yes,1.9777,0.0,9.8163,7.8552,yes-hedge,-0.1806,0.518246,0.381606,8.0838,0.82,10,d41a8040-947b-4045-a667-175d63ba1f97,ok,yes,10,0,-0.82,-8.2,0.0,-8.2,8.2,0.24,0.235,0.58,0.585,0.5449999999999999,-0.1806,0.6394,-0.82,<0,<3bp
2026-05-18T23:30:00+00:00,dh-target,KXBTC15M-26MAY181945-45,2026-05-18T23:45:00Z,12.0,77006.48,77025.97,0.06,0.02531,0.83,0.85,0.02,0.84,yes,1.485,0.0,17.9001,7.8552,yes-hedge,-0.2322,0.550052,0.269966,6.4163,0.9,7,d9665d47-f98d-4ca3-a65b-51ba710e89ab,ok,yes,7,0,-0.9,-6.3,0.0,-6.3,6.3,0.17000000000000004,0.16000000000000003,0.73,0.74,0.7,-0.2322,0.6678000000000001,-0.9,<0,<3bp
2026-05-18T23:45:00+00:00,dh-target,KXBTC15M-26MAY182000-00,2026-05-19T00:00:00Z,4.0,77063.4,76964.98,0.24,0.127713,0.12,0.14,0.02,0.13,no,0.0,7.271,0.0,0.0,no,-0.1806,1.90537,0.381606,7.271,0.93,8,516c2326-f696-4c3f-b2ea-2e57d9bab173,ok,no,8,1,0.06999999999999995,0.5599999999999996,0.03919999999999998,0.5207999999999996,7.44,0.88,0.87,0.050000000000000044,0.06000000000000005,0.020000000000000018,-0.1806,0.7494000000000001,0.06999999999999995,<0,>12bp
2026-05-18T23:45:00+00:00,dh-target,KXBTC15M-26MAY182000-00,2026-05-19T00:00:00Z,4.5,77063.4,76968.76,0.69,0.122808,0.15,0.16,0.01,0.155,no,0.0,8.4699,0.0,7.271,no,-0.1506,1.836308,0.461245,1.1989,0.9,1,273326c2-e9f4-4a33-844b-ad2dfcff3947,ok,no,1,1,0.09999999999999998,0.09999999999999998,0.006999999999999999,0.09299999999999997,0.9,0.85,0.845,0.050000000000000044,0.05500000000000005,0.015000000000000013,-0.1506,0.7494000000000001,0.09999999999999998,<0,>12bp
2026-05-18T23:45:00+00:00,dh-target,KXBTC15M-26MAY182000-00,2026-05-19T00:00:00Z,6.0,77063.4,76944.26,0.11,0.1546,0.097,0.098,0.001,0.0975,no,0.0,10.8074,0.0,8.4699,no,-0.1437,2.246274,0.481124,2.3375,0.953,2,beb89649-0b68-49c6-af96-3263721b1333,ok,no,2,1,0.04700000000000004,0.09400000000000008,0.006580000000000007,0.08742000000000008,1.906,0.903,0.9025,0.04999999999999993,0.05049999999999999,0.010499999999999954,-0.1437,0.8092999999999999,0.04700000000000004,<0,>12bp
2026-05-19T00:00:00+00:00,dh-target,KXBTC15M-26MAY182015-15,2026-05-19T00:15:00Z,4.0,76955.96,76952.13,0.58,0.004977,0.54,0.56,0.02,0.55,no,0.0,4.7969,0.0,0.0,no,0.0584,0.390168,1.229442,4.7969,0.51,9,d998d8ff-315d-4eef-aca3-e52ec2f8baf2,ok,yes,9,0,-0.51,-4.59,0.0,-4.59,4.59,0.45999999999999996,0.44999999999999996,0.050000000000000044,0.06000000000000005,0.020000000000000073,0.0584,0.5684,-0.51,5-10c,<3bp
2026-05-19T00:00:00+00:00,dh-target,KXBTC15M-26MAY182015-15,2026-05-19T00:15:00Z,4.5,76955.96,76900.97,0.17,0.071456,0.29,0.3,0.01,0.295,no,0.0,6.8088,0.0,4.7969,no,-0.0975,1.083108,0.62864,2.012,0.76,3,a20be2d7-dfd8-4c90-932c-4fdc3671e33b,ok,yes,3,0,-0.76,-2.2800000000000002,0.0,-2.2800000000000002,2.2800000000000002,0.71,0.7050000000000001,0.050000000000000044,0.05499999999999994,0.014999999999999902,-0.0975,0.6625,-0.76,<0,6-12bp
2026-05-19T00:00:00+00:00,dh-target,KXBTC15M-26MAY182015-15,2026-05-19T00:15:00Z,6.0,76955.96,76963.45,0.26,0.009733,0.59,0.6,0.01,0.595,yes,3.314,0.0,0.0,6.8088,yes,-0.0553,0.423606,0.782338,3.314,0.65,5,81072456-607d-404e-a3ee-49621e269434,ok,yes,5,1,0.35,1.75,0.1225,1.6275,3.25,0.6,0.595,0.050000000000000044,0.05500000000000005,0.015000000000000013,-0.0553,0.5947,0.35,<0,<3bp
2026-05-19T00:00:00+00:00,dh-target,KXBTC15M-26MAY182015-15,2026-05-19T00:15:00Z,8.0,76955.96,77003.35,0.16,0.061581,0.78,0.79,0.01,0.785,yes,6.1969,0.0,3.314,6.8088,yes,-0.0908,0.950485,0.65197,2.8828,0.84,3,f8685a0a-a14d-4d3f-8227-f5421d362fea,ok,yes,3,1,0.16000000000000003,0.4800000000000001,0.03360000000000001,0.4464000000000001,2.52,0.79,0.785,0.04999999999999993,0.05499999999999994,0.014999999999999902,-0.0908,0.7492,0.16000000000000003,<0,6-12bp
2026-05-19T00:00:00+00:00,dh-target,KXBTC15M-26MAY182015-15,2026-05-19T00:15:00Z,10.0,76955.96,77000.37,0.42,0.057708,0.87,0.88,0.01,0.875,yes,4.6226,0.0,6.1969,6.8088,yes-hedge,-0.133,0.900923,0.513092,11.2093,0.93,12,7078b75a-6918-47f3-813e-2423879e2409,ok,yes,12,0,-0.93,-11.16,0.0,-11.16,11.16,0.13,0.125,0.8,0.805,0.765,-0.133,0.797,-0.93,<0,3-6bp
2026-05-19T00:15:00+00:00,dh-target,KXBTC15M-26MAY182030-30,2026-05-19T00:30:00Z,4.0,77082.28,77119.77,0.31,0.048636,0.65,0.66,0.01,0.655,yes,3.8537,0.0,0.0,0.0,yes,-0.1416,0.790839,0.487289,3.8537,0.71,5,8a72fd8b-9db9-485f-a33a-d47255123b8b,ok,yes,5,1,0.29000000000000004,1.4500000000000002,0.10150000000000003,1.3485,3.55,0.66,0.655,0.04999999999999993,0.05499999999999994,0.014999999999999902,-0.1416,0.5684,0.29000000000000004,<0,3-6bp
2026-05-19T00:15:00+00:00,dh-target,KXBTC15M-26MAY182030-30,2026-05-19T00:30:00Z,4.5,77082.28,77140.0,0.06,0.074881,0.7,0.71,0.01,0.705,yes,7.1096,0.0,3.8537,0.0,yes,-0.0975,1.130945,0.62864,3.2559,0.76,4,f8d95072-8e8c-4b26-ac72-d6e406c6fe06,ok,yes,4,1,0.24,0.96,0.06720000000000001,0.8927999999999999,3.04,0.71,0.705,0.050000000000000044,0.05500000000000005,0.015000000000000013,-0.0975,0.6625,0.24,<0,6-12bp
2026-05-19T00:15:00+00:00,dh-target,KXBTC15M-26MAY182030-30,2026-05-19T00:30:00Z,5.5,77082.28,77162.54,0.39,0.104123,0.82,0.83,0.01,0.825,yes,9.3872,0.0,7.1096,0.0,yes,-0.1056,1.561803,0.60105,2.2776,0.88,3,af1569df-4f28-4122-aeef-225be33e13e4,ok,yes,3,1,0.12,0.36,0.025200000000000004,0.3348,2.64,0.83,0.825,0.050000000000000044,0.05500000000000005,0.015000000000000013,-0.1056,0.7744,0.12,<0,6-12bp
2026-05-19T00:15:00+00:00,dh-target,KXBTC15M-26MAY182030-30,2026-05-19T00:30:00Z,6.0,77082.28,77235.82,0.07,0.19919,0.913,0.918,0.005,0.9155,yes,11.5684,0.0,9.3872,0.0,yes,-0.1587,2.637255,0.438651,2.1812,0.968,2,c9a6e8f3-86f6-4c4e-9fbc-89b5b94e6ea4,ok,yes,2,1,0.03200000000000003,0.06400000000000006,0.004480000000000005,0.05952000000000005,1.936,0.918,0.9155,0.04999999999999993,0.05249999999999999,0.012499999999999956,-0.1587,0.8092999999999999,0.03200000000000003,<0,>12bp
2026-05-19T00:30:00+00:00,dh-target,KXBTC15M-26MAY182045-45,2026-05-19T00:45:00Z,4.0,77161.89,77158.67,0.1,0.004173,0.52,0.53,0.01,0.525,no,0.0,4.4338,0.0,0.0,no,0.0384,0.384744,1.152403,4.4338,0.53,8,fe65e68b-9258-41ab-94fe-716269d49299,ok,no,8,1,0.47,3.76,0.2632,3.4968,4.24,0.48,0.475,0.050000000000000044,0.05500000000000005,0.015000000000000013,0.0384,0.5684,0.47,0-5c,<3bp
2026-05-19T00:30:00+00:00,dh-target,KXBTC15M-26MAY182045-45,2026-05-19T00:45:00Z,5.5,77161.89,77189.99,0.37,0.036417,0.66,0.67,0.01,0.665,yes,3.3326,0.0,0.0,4.4338,yes,-0.1349,0.656919,0.507315,3.3326,0.72,5,130c5f9d-0d48-4485-81f3-a9117a07700a,ok,no,5,0,-0.72,-3.5999999999999996,0.0,-3.5999999999999996,3.5999999999999996,0.67,0.665,0.04999999999999993,0.05499999999999994,0.014999999999999902,-0.1349,0.5851,-0.72,<0,3-6bp
2026-05-19T00:30:00+00:00,dh-target,KXBTC15M-26MAY182045-45,2026-05-19T00:45:00Z,10.0,77161.89,77119.59,0.62,0.05482,0.28,0.29,0.01,0.285,no,0.0,9.5798,3.3326,4.4338,no,0.027,0.864931,1.107582,5.146,0.77,7,29baf366-eb0f-4a99-af25-3502aca8e7f7,ok,no,7,1,0.22999999999999998,1.6099999999999999,0.1127,1.4972999999999999,5.390000000000001,0.72,0.7150000000000001,0.050000000000000044,0.05499999999999994,0.014999999999999902,0.027,0.797,0.22999999999999998,0-5c,3-6bp
2026-05-19T00:30:00+00:00,dh-target,KXBTC15M-26MAY182045-45,2026-05-19T00:45:00Z,10.0,77161.89,77119.59,0.62,0.05482,0.28,0.29,0.01,0.285,no,0.0,9.5798,3.3326,9.5798,no-hedge,0.027,0.864931,1.107582,3.5641,0.77,5,172055ab-5f36-4669-b5e6-2e701abd5103,ok,no,5,0,-0.77,-3.85,0.0,-3.85,3.85,0.72,0.7150000000000001,0.050000000000000044,0.05499999999999994,0.014999999999999902,0.027,0.797,-0.77,0-5c,3-6bp
2026-05-19T00:30:00+00:00,dh-target,KXBTC15M-26MAY182045-45,2026-05-19T00:45:00Z,10.5,77161.89,77106.68,0.03,0.071551,0.18,0.19,0.01,0.185,no,0.0,7.7647,3.3326,13.1439,no-hedge,-0.073,1.084415,0.716025,4.0269,0.87,5,95219923-f5c4-41e3-8727-2291e304bbb3,ok,no,5,0,-0.87,-4.35,0.0,-4.35,4.35,0.8200000000000001,0.815,0.04999999999999993,0.05500000000000005,0.015000000000000013,-0.073,0.797,-0.87,<0,6-12bp
2026-05-19T00:30:00+00:00,dh-target,KXBTC15M-26MAY182045-45,2026-05-19T00:45:00Z,11.5,77161.89,77099.99,0.14,0.080221,0.12,0.13,0.01,0.125,no,0.0,7.2554,3.3326,17.1709,no-hedge,-0.1056,1.207124,0.60105,4.3047,0.93,5,da3bee47-3361-475a-aba9-c76e1ee1889a,ok,no,5,0,-0.93,-4.65,0.0,-4.65,4.65,0.88,0.875,0.050000000000000044,0.05500000000000005,0.015000000000000013,-0.1056,0.8244,-0.93,<0,6-12bp
2026-05-19T00:30:00+00:00,dh-target,KXBTC15M-26MAY182045-45,2026-05-19T00:45:00Z,12.0,77161.89,77099.76,0.03,0.080519,0.083,0.088,0.005,0.0855,no,0.0,6.7239,3.3326,21.4755,no-hedge,-0.1196,1.211427,0.555039,4.4759,0.967,5,5ae36e0e-8ba4-45bf-9809-5e7a5b572f73,ok,no,5,0,-0.967,-4.835,0.0,-4.835,4.835,0.917,0.9145,0.04999999999999993,0.05249999999999999,0.012499999999999956,-0.1196,0.8473999999999999,-0.967,<0,6-12bp
2026-05-19T00:45:00+00:00,dh-target,KXBTC15M-26MAY182100-00,2026-05-19T01:00:00Z,4.0,77121.16,77138.3,0.01,0.022225,0.64,0.65,0.01,0.645,yes,2.7052,0.0,0.0,0.0,yes,-0.1316,0.522878,0.517376,2.7052,0.7,4,8c457999-6086-43e5-8713-ae6962965217,ok,no,4,0,-0.7,-2.8,0.0,-2.8,2.8,0.65,0.645,0.04999999999999993,0.05499999999999994,0.014999999999999902,-0.1316,0.5684,-0.7,<0,<3bp
2026-05-19T00:45:00+00:00,dh-target,KXBTC15M-26MAY182100-00,2026-05-19T01:00:00Z,5.0,77121.16,77164.01,0.67,0.055562,0.7,0.71,0.01,0.705,yes,6.8684,0.0,2.7052,0.0,yes,-0.0544,0.874096,0.785771,4.1631,0.76,5,89f45f74-14ab-4b43-b502-c32771831282,ok,no,5,0,-0.76,-3.8,0.0,-3.8,3.8,0.71,0.705,0.050000000000000044,0.05500000000000005,0.015000000000000013,-0.0544,0.7056,-0.76,<0,3-6bp
2026-05-19T00:45:00+00:00,dh-target,KXBTC15M-26MAY182100-00,2026-05-19T01:00:00Z,6.0,77121.16,77233.5,0.41,0.145667,0.89,0.9,0.01,0.895,yes,10.49,0.0,6.8684,0.0,yes,-0.1407,2.141048,0.489948,3.6216,0.95,4,f7976418-9602-44d7-873e-f3fb763c6204,ok,no,4,0,-0.95,-3.8,0.0,-3.8,3.8,0.9,0.895,0.04999999999999993,0.05499999999999994,0.014999999999999902,-0.1407,0.8092999999999999,-0.95,<0,>12bp
2026-05-19T00:45:00+00:00,dh-target,KXBTC15M-26MAY182100-00,2026-05-19T01:00:00Z,12.5,77121.16,77115.51,0.23,0.007326,0.57,0.62,0.05,0.595,no,0.0,6.6481,10.49,0.0,no,0.1878,0.406395,1.635864,6.6481,0.48,14,b10df458-bc07-4eac-ba18-01adc8ca722d,ok,no,14,1,0.52,7.28,0.5096,6.7704,6.72,0.43000000000000005,0.405,0.04999999999999993,0.07499999999999996,0.034999999999999976,0.1878,0.6678,0.52,10-20c,<3bp
2026-05-19T00:45:00+00:00,dh-target,KXBTC15M-26MAY182100-00,2026-05-19T01:00:00Z,12.5,77121.16,77115.51,0.23,0.007326,0.57,0.62,0.05,0.595,no,0.0,6.6481,10.49,6.6481,no-hedge,0.1878,0.406395,1.635864,6.3143,0.48,13,3e65551b-80c7-4e49-b090-e3be18332fc1,ok,no,13,0,-0.48,-6.24,0.0,-6.24,6.24,0.43000000000000005,0.405,0.04999999999999993,0.07499999999999996,0.034999999999999976,0.1878,0.6678,-0.48,10-20c,<3bp
2026-05-19T00:45:00+00:00,dh-target,KXBTC15M-26MAY182100-00,2026-05-19T01:00:00Z,13.0,77121.16,77106.91,0.18,0.018477,0.47,0.48,0.01,0.475,no,0.0,6.9697,10.49,12.9623,no-hedge,0.1115,0.491306,1.418605,7.6297,0.58,13,10a218b8-4f0c-43c7-a779-1d981f822187,ok,no,13,0,-0.58,-7.539999999999999,0.0,-7.539999999999999,7.539999999999999,0.53,0.525,0.04999999999999993,0.05499999999999994,0.014999999999999902,0.1115,0.6915,-0.58,10-20c,<3bp
2026-05-19T01:00:00+00:00,dh-target,KXBTC15M-26MAY182115-15,2026-05-19T01:15:00Z,4.0,77105.87,77023.05,0.15,0.107411,0.21,0.22,0.01,0.215,no,0.0,10.5143,0.0,0.0,no,-0.0906,1.610958,0.652674,10.5143,0.84,13,f41f0560-5358-4d5d-b780-8ead344feaa2,ok,no,13,1,0.16000000000000003,2.0800000000000005,0.14560000000000003,1.9344000000000006,10.92,0.79,0.785,0.04999999999999993,0.05499999999999994,0.014999999999999902,-0.0906,0.7494,0.16000000000000003,<0,6-12bp
2026-05-19T01:00:00+00:00,dh-target,KXBTC15M-26MAY182115-15,2026-05-19T01:15:00Z,5.0,77105.87,77025.6,0.32,0.104104,0.23,0.24,0.01,0.235,no,0.0,12.7982,0.0,10.5143,no,-0.0456,1.56152,0.819596,2.2839,0.82,3,b4b3bbbf-b932-4099-9a31-b18fde09191d,ok,no,3,1,0.18000000000000005,0.5400000000000001,0.037800000000000014,0.5022000000000001,2.46,0.77,0.765,0.04999999999999993,0.05499999999999994,0.014999999999999902,-0.0456,0.7744,0.18000000000000005,<0,6-12bp
2026-05-19T01:00:00+00:00,dh-target,KXBTC15M-26MAY182115-15,2026-05-19T01:15:00Z,5.5,77105.87,77019.52,0.15,0.111989,0.24,0.25,0.01,0.245,no,0.0,14.4149,0.0,12.7982,no,-0.0356,1.678977,0.858555,1.6168,0.81,2,175b8222-4d39-4808-9f78-24ffe370baa3,ok,no,2,1,0.18999999999999995,0.3799999999999999,0.026599999999999995,0.3533999999999999,1.62,0.76,0.755,0.050000000000000044,0.05500000000000005,0.015000000000000013,-0.0356,0.7744000000000001,0.18999999999999995,<0,6-12bp
2026-05-19T01:15:00+00:00,dh-target,KXBTC15M-26MAY182130-30,2026-05-19T01:30:00Z,4.0,77064.9,76956.8,0.71,0.140271,0.19,0.2,0.01,0.195,no,0.0,12.1163,0.0,0.0,no,-0.1106,2.073403,0.584368,12.1163,0.86,14,44d0266e-d2af-4a31-a1cf-f4f4aa19a5a8,ok,no,14,1,0.14,1.9600000000000002,0.13720000000000002,1.8228000000000002,12.04,0.81,0.8049999999999999,0.04999999999999993,0.05500000000000005,0.015000000000000013,-0.1106,0.7494,0.14,<0,>12bp
2026-05-19T01:15:00+00:00,dh-target,KXBTC15M-26MAY182130-30,2026-05-19T01:30:00Z,4.5,77064.9,76894.58,1.93,0.221009,0.11,0.12,0.01,0.115,no,0.0,18.5382,0.0,12.1163,no,-0.0849,2.755058,0.67288,6.4219,0.94,7,6d186efe-d5ba-4c9b-b83f-f1cc988cebd9,ok,no,7,1,0.06000000000000005,0.4200000000000004,0.02940000000000003,0.39060000000000034,6.58,0.89,0.885,0.04999999999999993,0.05499999999999994,0.014999999999999902,-0.0849,0.8551,0.06000000000000005,<0,>12bp
2026-05-19T01:15:00+00:00,dh-target,KXBTC15M-26MAY182130-30,2026-05-19T01:30:00Z,5.5,77064.9,76900.0,0.03,0.213975,0.11,0.13,0.02,0.12,no,0.0,21.9062,0.0,18.5382,no,-0.0494,2.721497,0.804932,3.368,0.94,4,e78739d0-ff0f-4559-8f21-daab4439d3b6,ok,no,4,1,0.06000000000000005,0.2400000000000002,0.016800000000000016,0.2232000000000002,3.76,0.89,0.88,0.04999999999999993,0.05999999999999994,0.019999999999999907,-0.0494,0.8906,0.06000000000000005,<0,>12bp
2026-05-19T01:30:00+00:00,dh-target,KXBTC15M-26MAY182145-45,2026-05-19T01:45:00Z,4.0,76704.67,76812.9,0.31,0.1411,0.79,0.8,0.01,0.795,yes,12.879,0.0,0.0,0.0,yes,-0.1006,2.083977,0.617999,12.879,0.85,15,7698e4a7-8af1-4cac-a3d0-54764fe528a0,ok,yes,15,1,0.15000000000000002,2.2500000000000004,0.15750000000000003,2.0925000000000002,12.75,0.8,0.795,0.04999999999999993,0.05499999999999994,0.014999999999999902,-0.1006,0.7494,0.15000000000000002,<0,>12bp
2026-05-19T01:45:00+00:00,dh-target,KXBTC15M-26MAY182200-00,2026-05-19T02:00:00Z,4.0,76817.67,76702.48,0.51,0.149952,0.14,0.15,0.01,0.145,no,0.0,9.5043,0.0,0.0,no,-0.1606,2.192615,0.433469,9.5043,0.91,10,fd3403e3-7ed0-4cab-9a4b-28100c83f354,ok,no,10,1,0.08999999999999997,0.8999999999999997,0.06299999999999999,0.8369999999999997,9.1,0.86,0.855,0.050000000000000044,0.05500000000000005,0.015000000000000013,-0.1606,0.7494000000000001,0.08999999999999997,<0,>12bp
2026-05-19T01:45:00+00:00,dh-target,KXBTC15M-26MAY182200-00,2026-05-19T02:00:00Z,6.0,76817.67,76724.99,0.35,0.120649,0.14,0.15,0.01,0.145,no,0.0,11.1513,0.0,9.5043,no,-0.1007,1.805411,0.617658,1.647,0.91,2,da448e8a-5ae9-4550-84d9-c03f1084f7e2,ok,no,2,1,0.08999999999999997,0.17999999999999994,0.012599999999999997,0.16739999999999994,1.82,0.86,0.855,0.050000000000000044,0.05500000000000005,0.015000000000000013,-0.1007,0.8093,0.08999999999999997,<0,>12bp
2026-05-19T02:00:00+00:00,dh-target,KXBTC15M-26MAY182215-15,2026-05-19T02:15:00Z,4.0,76638.76,76522.68,0.47,0.151464,0.17,0.18,0.01,0.175,no,0.0,11.5036,0.0,0.0,no,-0.1306,2.210327,0.52045,11.5036,0.88,13,860c3f05-1c7e-461d-b37d-dd7f8ad8b7d9,ok,yes,13,0,-0.88,-11.44,0.0,-11.44,11.44,0.83,0.825,0.050000000000000044,0.05500000000000005,0.015000000000000013,-0.1306,0.7494000000000001,-0.88,<0,>12bp
2026-05-19T02:00:00+00:00,dh-target,KXBTC15M-26MAY182215-15,2026-05-19T02:15:00Z,5.5,76638.76,76479.34,0.98,0.208015,0.095,0.098,0.003,0.0965,no,0.0,20.119,0.0,11.5036,no,-0.0644,2.689881,0.747951,8.6153,0.955,9,e0ecc639-8564-4520-9fac-1c17d7db3212,ok,yes,9,0,-0.955,-8.594999999999999,0.0,-8.594999999999999,8.594999999999999,0.905,0.9035,0.04999999999999993,0.05149999999999999,0.011499999999999955,-0.0644,0.8906,-0.955,<0,>12bp
2026-05-19T02:15:00+00:00,dh-target,KXBTC15M-26MAY182230-30,2026-05-19T02:30:00Z,4.0,76656.01,76705.35,0.3,0.064365,0.71,0.72,0.01,0.715,yes,5.8696,0.0,0.0,0.0,yes,-0.1075,0.987014,0.594679,5.8696,0.77,8,66b324c2-8320-4add-a0cf-79e37b790805,ok,yes,8,1,0.22999999999999998,1.8399999999999999,0.1288,1.7111999999999998,6.16,0.72,0.715,0.050000000000000044,0.05500000000000005,0.015000000000000013,-0.1075,0.6625,0.22999999999999998,<0,6-12bp
2026-05-19T02:15:00+00:00,dh-target,KXBTC15M-26MAY182230-30,2026-05-19T02:30:00Z,5.0,76656.01,76713.11,0.46,0.074489,0.73,0.74,0.01,0.735,yes,7.5928,0.0,5.8696,0.0,yes,-0.0844,1.12542,0.674667,1.7233,0.79,2,75ce63d2-8539-4f54-9f44-44bebba8734f,ok,yes,2,1,0.20999999999999996,0.41999999999999993,0.0294,0.39059999999999995,1.58,0.74,0.735,0.050000000000000044,0.05500000000000005,0.015000000000000013,-0.0844,0.7056,0.20999999999999996,<0,6-12bp
2026-05-19T02:15:00+00:00,dh-target,KXBTC15M-26MAY182230-30,2026-05-19T02:30:00Z,5.5,76656.01,76738.58,0.2,0.107715,0.79,0.81,0.02,0.8,yes,10.83,0.0,7.5928,0.0,yes,-0.0856,1.615496,0.670382,3.2371,0.86,4,56ed0311-6bef-469e-a7a1-a73eb9f5b1c4,ok,yes,4,1,0.14,0.56,0.039200000000000006,0.5208,3.44,0.81,0.8,0.04999999999999993,0.05999999999999994,0.019999999999999907,-0.0856,0.7744,0.14,<0,6-12bp
2026-05-19T02:15:00+00:00,dh-target,KXBTC15M-26MAY182230-30,2026-05-19T02:30:00Z,6.0,76656.01,76759.02,0.2,0.13438,0.85,0.86,0.01,0.855,yes,12.3303,0.0,10.83,0.0,yes,-0.1007,1.996292,0.617658,1.5003,0.91,2,65489880-024a-4917-a209-fcd045f24075,ok,yes,2,1,0.08999999999999997,0.17999999999999994,0.012599999999999997,0.16739999999999994,1.82,0.86,0.855,0.050000000000000044,0.05500000000000005,0.015000000000000013,-0.1007,0.8093,0.08999999999999997,<0,>12bp
2026-05-19T02:30:00+00:00,dh-target,KXBTC15M-26MAY182245-45,2026-05-19T02:45:00Z,4.0,76793.77,76769.42,0.13,0.031708,0.44,0.45,0.01,0.445,no,0.0,5.0932,0.0,0.0,no,-0.0416,0.609881,0.835119,5.0932,0.61,8,b8118d15-0814-4ea6-bb09-868af18c804b,ok,no,8,1,0.39,3.12,0.21840000000000004,2.9016,4.88,0.56,0.5549999999999999,0.04999999999999993,0.05500000000000005,0.015000000000000013,-0.0416,0.5684,0.39,<0,3-6bp
2026-05-19T02:30:00+00:00,dh-target,KXBTC15M-26MAY182245-45,2026-05-19T02:45:00Z,5.0,76793.77,76723.62,0.15,0.091349,0.24,0.25,0.01,0.245,no,0.0,8.2931,0.0,5.0932,no,-0.1044,1.370551,0.605093,3.1999,0.81,4,bf753176-7e85-4b18-939c-e23e4ffdb204,ok,no,4,1,0.18999999999999995,0.7599999999999998,0.05319999999999999,0.7067999999999998,3.24,0.76,0.755,0.050000000000000044,0.05500000000000005,0.015000000000000013,-0.1044,0.7056,0.18999999999999995,<0,6-12bp
2026-05-19T02:30:00+00:00,dh-target,KXBTC15M-26MAY182245-45,2026-05-19T02:45:00Z,6.5,76793.77,76705.01,0.33,0.115582,0.15,0.16,0.01,0.155,no,0.0,11.2973,0.0,8.2931,no,-0.0907,1.731861,0.652322,3.0042,0.9,3,6f4dc6cf-8912-4aaa-89d4-ef0c15d6e4d8,ok,no,3,1,0.09999999999999998,0.29999999999999993,0.020999999999999998,0.2789999999999999,2.7,0.85,0.845,0.050000000000000044,0.05500000000000005,0.015000000000000013,-0.0907,0.8093,0.09999999999999998,<0,6-12bp
2026-05-19T02:30:00+00:00,dh-target,KXBTC15M-26MAY182245-45,2026-05-19T02:45:00Z,7.0,76793.77,76684.21,0.26,0.142668,0.11,0.12,0.01,0.115,no,0.0,12.4688,0.0,11.2973,no,-0.1081,2.103812,0.592675,1.1715,0.94,1,ac9e8656-23f4-4863-b487-00ca589ea048,ok,no,1,1,0.06000000000000005,0.06000000000000005,0.004200000000000004,0.05580000000000005,0.94,0.89,0.885,0.04999999999999993,0.05499999999999994,0.014999999999999902,-0.1081,0.8319,0.06000000000000005,<0,>12bp
2026-05-19T02:45:00+00:00,dh-target,KXBTC15M-26MAY182300-00,2026-05-19T03:00:00Z,4.0,76692.74,76659.4,0.35,0.043472,0.39,0.4,0.01,0.395,no,0.0,4.753,0.0,0.0,no,-0.0916,0.732175,0.649161,4.753,0.66,7,68fb22c8-0f5c-4048-9011-29f029b81ae9,ok,no,7,1,0.33999999999999997,2.38,0.16660000000000003,2.2134,4.62,0.61,0.605,0.050000000000000044,0.05500000000000005,0.015000000000000013,-0.0916,0.5684,0.33999999999999997,<0,3-6bp
2026-05-19T02:45:00+00:00,dh-target,KXBTC15M-26MAY182300-00,2026-05-19T03:00:00Z,4.5,76692.74,76645.01,0.05,0.062235,0.31,0.32,0.01,0.315,no,0.0,6.7089,0.0,4.753,no,-0.0775,0.959007,0.699563,1.9559,0.74,3,38dd833b-59d7-47b2-b930-0eac878bc44a,ok,no,3,1,0.26,0.78,0.0546,0.7254,2.2199999999999998,0.69,0.685,0.050000000000000044,0.05499999999999994,0.014999999999999902,-0.0775,0.6625,0.26,<0,6-12bp
2026-05-19T02:45:00+00:00,dh-target,KXBTC15M-26MAY182300-00,2026-05-19T03:00:00Z,5.0,76692.74,76702.26,0.3,0.012413,0.63,0.64,0.01,0.635,yes,2.676,0.0,0.0,6.7089,yes,-0.1049,0.443485,0.603407,2.676,0.69,4,a4aedd3d-0be4-4e91-8dd7-fe82fd9a2e37,ok,no,4,0,-0.69,-2.76,0.0,-2.76,2.76,0.64,0.635,0.04999999999999993,0.05499999999999994,0.014999999999999902,-0.1049,0.5851,-0.69,<0,<3bp
2026-05-19T02:45:00+00:00,dh-target,KXBTC15M-26MAY182300-00,2026-05-19T03:00:00Z,7.5,76692.74,76621.19,0.53,0.093294,0.21,0.22,0.01,0.215,no,0.0,8.1001,2.676,6.7089,no,-0.1123,1.399566,0.578759,1.3913,0.84,2,d8c780a6-d7af-4b34-80e6-63a023ee77e8,ok,no,2,1,0.16000000000000003,0.32000000000000006,0.022400000000000007,0.29760000000000003,1.68,0.79,0.785,0.04999999999999993,0.05499999999999994,0.014999999999999902,-0.1123,0.7277,0.16000000000000003,<0,6-12bp
2026-05-19T02:45:00+00:00,dh-target,KXBTC15M-26MAY182300-00,2026-05-19T03:00:00Z,8.0,76692.74,76589.66,0.07,0.134406,0.084,0.087,0.003,0.0855,no,0.0,10.9291,2.676,8.1001,no,-0.122,1.996652,0.547372,2.829,0.966,3,ae0a2072-9d2b-492f-88d7-e37c2b5969d5,ok,no,3,1,0.03400000000000003,0.10200000000000009,0.0071400000000000075,0.09486000000000008,2.8979999999999997,0.916,0.9145,0.04999999999999993,0.05149999999999999,0.011499999999999955,-0.122,0.844,0.03400000000000003,<0,>12bp
2026-05-19T03:00:00+00:00,dh-target,KXBTC15M-26MAY182315-15,2026-05-19T03:15:00Z,4.0,76563.0,76530.55,0.09,0.042383,0.38,0.4,0.02,0.39,no,0.0,4.4262,0.0,0.0,no,-0.1016,0.72019,0.614588,4.4262,0.67,7,9d0cb67d-d857-4cfc-8144-845d6b547bc6,ok,yes,7,0,-0.67,-4.69,0.0,-4.69,4.69,0.62,0.61,0.050000000000000044,0.06000000000000005,0.020000000000000018,-0.1016,0.5684,-0.67,<0,3-6bp
2026-05-19T03:00:00+00:00,dh-target,KXBTC15M-26MAY182315-15,2026-05-19T03:15:00Z,5.5,76563.0,76573.75,0.23,0.014041,0.61,0.62,0.01,0.615,yes,3.0678,0.0,0.0,4.4262,yes,-0.0849,0.455928,0.67288,3.0678,0.67,5,d1576cc2-66a4-414d-9f0b-05ec26f46aee,ok,yes,5,1,0.32999999999999996,1.65,0.11549999999999999,1.5345,3.35,0.62,0.615,0.050000000000000044,0.05500000000000005,0.015000000000000013,-0.0849,0.5851000000000001,0.32999999999999996,<0,<3bp
2026-05-19T03:00:00+00:00,dh-target,KXBTC15M-26MAY182315-15,2026-05-19T03:15:00Z,7.0,76563.0,76617.24,0.37,0.070844,0.82,0.83,0.01,0.825,yes,4.905,0.0,3.0678,4.4262,yes,-0.1523,1.07464,0.456436,1.8372,0.88,2,3dc59659-fae5-4582-9bf3-c1c082578ec7,ok,yes,2,1,0.12,0.24,0.016800000000000002,0.22319999999999998,1.76,0.83,0.825,0.050000000000000044,0.05500000000000005,0.015000000000000013,-0.1523,0.7277,0.12,<0,6-12bp
2026-05-19T03:00:00+00:00,dh-target,KXBTC15M-26MAY182315-15,2026-05-19T03:15:00Z,9.5,76563.0,76630.98,0.42,0.08879,0.87,0.88,0.01,0.875,yes,6.0672,0.0,4.905,4.4262,yes,-0.1527,1.332545,0.45531,1.1622,0.93,1,964d3eee-fb4b-4b35-a123-13c897f6de65,ok,yes,1,1,0.06999999999999995,0.06999999999999995,0.004899999999999997,0.06509999999999995,0.93,0.88,0.875,0.050000000000000044,0.05500000000000005,0.015000000000000013,-0.1527,0.7773000000000001,0.06999999999999995,<0,6-12bp
2026-05-19T03:15:00+00:00,dh-target,KXBTC15M-26MAY182330-30,2026-05-19T03:30:00Z,4.0,76708.98,76788.09,0.14,0.10313,0.82,0.83,0.01,0.825,yes,8.051,0.0,0.0,0.0,yes,-0.1306,1.546935,0.52045,8.051,0.88,9,8023ff69-f7b8-4526-b671-26e647fdc7d3,ok,no,9,0,-0.88,-7.92,0.0,-7.92,7.92,0.83,0.825,0.050000000000000044,0.05500000000000005,0.015000000000000013,-0.1306,0.7494000000000001,-0.88,<0,6-12bp
2026-05-19T03:15:00+00:00,dh-target,KXBTC15M-26MAY182330-30,2026-05-19T03:30:00Z,5.0,76708.98,76702.36,0.08,0.00863,0.45,0.46,0.01,0.455,no,0.0,3.909,8.051,0.0,no,-0.0149,0.415645,0.94047,3.909,0.6,7,31c3e879-3011-43ca-bcaa-b14d86a5e8bc,ok,no,7,1,0.4,2.8000000000000003,0.19600000000000004,2.604,4.2,0.55,0.5449999999999999,0.04999999999999993,0.05500000000000005,0.015000000000000013,-0.0149,0.5851,0.4,<0,<3bp
2026-05-19T03:15:00+00:00,dh-target,KXBTC15M-26MAY182330-30,2026-05-19T03:30:00Z,7.5,76708.98,76682.11,0.15,0.035028,0.42,0.43,0.01,0.425,no,0.0,5.8254,8.051,3.909,no,-0.0235,0.642783,0.906276,1.9164,0.63,3,17e6a415-d677-4a65-bbab-6d1e870a74fc,ok,no,3,1,0.37,1.1099999999999999,0.0777,1.0322999999999998,1.8900000000000001,0.5800000000000001,0.575,0.04999999999999993,0.05500000000000005,0.015000000000000013,-0.0235,0.6065,0.37,<0,3-6bp
2026-05-19T03:15:00+00:00,dh-target,KXBTC15M-26MAY182330-30,2026-05-19T03:30:00Z,8.5,76708.98,76670.2,0.59,0.050555,0.32,0.33,0.01,0.325,no,0.0,8.7573,8.051,5.8254,no,0.0192,0.813385,1.076649,2.9319,0.73,4,feb793a2-8f2e-4015-b875-0ea151453e5f,ok,no,4,1,0.27,1.08,0.07560000000000001,1.0044,2.92,0.6799999999999999,0.675,0.050000000000000044,0.05499999999999994,0.014999999999999902,0.0192,0.7492,0.27,0-5c,3-6bp
2026-05-19T03:15:00+00:00,dh-target,KXBTC15M-26MAY182330-30,2026-05-19T03:30:00Z,9.0,76708.98,76625.54,0.25,0.108775,0.14,0.15,0.01,0.145,no,0.0,14.603,8.051,8.7573,no,-0.0263,1.631284,0.895186,5.8457,0.91,6,6e901cac-5d42-48dd-b5a2-29bbbb0968bf,ok,no,6,1,0.08999999999999997,0.5399999999999998,0.037799999999999986,0.5021999999999999,5.46,0.86,0.855,0.050000000000000044,0.05500000000000005,0.015000000000000013,-0.0263,0.8837,0.08999999999999997,<0,6-12bp
2026-05-19T03:15:00+00:00,dh-target,KXBTC15M-26MAY182330-30,2026-05-19T03:30:00Z,10.0,76708.98,76661.9,0.06,0.061375,0.19,0.2,0.01,0.195,no,0.0,7.139,8.051,14.603,no-hedge,-0.063,0.947813,0.753202,7.868,0.86,9,a396f1eb-3f56-4bbd-81cf-8d13188800a3,ok,no,9,0,-0.86,-7.74,0.0,-7.74,7.74,0.81,0.8049999999999999,0.04999999999999993,0.05500000000000005,0.015000000000000013,-0.063,0.7969999999999999,-0.86,<0,6-12bp
2026-05-19T03:15:00+00:00,dh-target,KXBTC15M-26MAY182330-30,2026-05-19T03:30:00Z,10.5,76708.98,76665.43,0.07,0.056773,0.19,0.2,0.01,0.195,no,0.0,6.6973,8.051,22.4711,no-hedge,-0.063,0.889175,0.753202,7.868,0.86,9,2fb180ce-0b07-4cca-b937-4eacfc86b7f1,ok,no,9,0,-0.86,-7.74,0.0,-7.74,7.74,0.81,0.8049999999999999,0.04999999999999993,0.05500000000000005,0.015000000000000013,-0.063,0.7969999999999999,-0.86,<0,3-6bp
2026-05-19T03:30:00+00:00,dh-target,KXBTC15M-26MAY182345-45,2026-05-19T03:45:00Z,4.0,76679.44,76732.52,0.46,0.069223,0.67,0.68,0.01,0.675,yes,7.7496,0.0,0.0,0.0,yes,-0.0675,1.052393,0.736375,7.7496,0.73,11,a6515ecc-dc19-4842-9a2c-0c86cf3ade1c,ok,yes,11,1,0.27,2.97,0.20790000000000003,2.7621,8.03,0.68,0.675,0.04999999999999993,0.05499999999999994,0.014999999999999902,-0.0675,0.6625,0.27,<0,6-12bp
2026-05-19T03:30:00+00:00,dh-target,KXBTC15M-26MAY182345-45,2026-05-19T03:45:00Z,8.5,76679.44,76756.35,0.32,0.100301,0.9,0.901,0.001,0.9005,yes,8.9722,0.0,7.7496,0.0,yes,-0.107,1.50451,0.596351,1.2226,0.951,1,d16e023d-40b0-4cde-87a2-f5e087de0914,ok,yes,1,1,0.049000000000000044,0.049000000000000044,0.0034300000000000034,0.04557000000000004,0.951,0.901,0.9005,0.04999999999999993,0.05049999999999999,0.010499999999999954,-0.107,0.844,0.049000000000000044,<0,6-12bp
2026-05-19T03:45:00+00:00,dh-target,KXBTC15M-26MAY190000-00,2026-05-19T04:00:00Z,4.0,76785.07,76768.02,0.17,0.022205,0.42,0.43,0.01,0.425,no,0.0,3.9646,0.0,0.0,no,-0.0616,0.522706,0.758468,3.9646,0.63,6,8e441984-c8a6-4a31-addc-78d33c70dccc,ok,no,6,1,0.37,2.2199999999999998,0.1554,2.0645999999999995,3.7800000000000002,0.5800000000000001,0.575,0.04999999999999993,0.05500000000000005,0.015000000000000013,-0.0616,0.5684,0.37,<0,<3bp
2026-05-19T03:45:00+00:00,dh-target,KXBTC15M-26MAY190000-00,2026-05-19T04:00:00Z,5.5,76785.07,76794.53,0.26,0.01232,0.56,0.57,0.01,0.565,yes,3.8137,0.0,0.0,3.9646,yes,-0.0349,0.442782,0.8613,3.8137,0.62,6,719a6b46-6202-4d83-81fd-f1235a55710c,ok,no,6,0,-0.62,-3.7199999999999998,0.0,-3.7199999999999998,3.7199999999999998,0.57,0.565,0.050000000000000044,0.05500000000000005,0.015000000000000013,-0.0349,0.5851,-0.62,<0,<3bp
2026-05-19T03:45:00+00:00,dh-target,KXBTC15M-26MAY190000-00,2026-05-19T04:00:00Z,9.0,76785.07,76740.0,0.17,0.058696,0.2,0.22,0.02,0.21,no,0.0,6.5505,3.8137,3.9646,no,-0.0727,0.913428,0.717129,2.5859,0.85,3,fb96ce06-945d-4592-8494-cfa94837a59a,ok,no,3,1,0.15000000000000002,0.45000000000000007,0.03150000000000001,0.41850000000000004,2.55,0.8,0.79,0.04999999999999993,0.05999999999999994,0.019999999999999907,-0.0727,0.7773,0.15000000000000002,<0,3-6bp
2026-05-19T03:45:00+00:00,dh-target,KXBTC15M-26MAY190000-00,2026-05-19T04:00:00Z,10.0,76785.07,76747.53,0.06,0.04889,0.25,0.26,0.01,0.255,no,0.0,3.1104,3.8137,6.5505,no-hedge,-0.1765,0.793794,0.391838,4.9209,0.8,6,9df63308-9601-4264-b969-2b1c0a1fd578,ok,no,6,0,-0.8,-4.800000000000001,0.0,-4.800000000000001,4.800000000000001,0.75,0.745,0.050000000000000044,0.05500000000000005,0.015000000000000013,-0.1765,0.6235,-0.8,<0,3-6bp
2026-05-19T03:45:00+00:00,dh-target,KXBTC15M-26MAY190000-00,2026-05-19T04:00:00Z,10.5,76785.07,76725.99,0.48,0.076942,0.1,0.11,0.01,0.105,no,0.0,5.2724,3.8137,11.4713,no-hedge,-0.153,1.160133,0.454467,5.8435,0.95,6,d32a3f91-d2f5-4036-8672-a666e5a08adc,ok,no,6,0,-0.95,-5.699999999999999,0.0,-5.699999999999999,5.699999999999999,0.9,0.895,0.04999999999999993,0.05499999999999994,0.014999999999999902,-0.153,0.7969999999999999,-0.95,<0,6-12bp
2026-05-19T03:45:00+00:00,dh-target,KXBTC15M-26MAY190000-00,2026-05-19T04:00:00Z,11.0,76785.07,76724.22,0.34,0.079247,0.081,0.087,0.006,0.084,no,0.0,5.709,3.8137,17.3149,no-hedge,-0.1446,1.193101,0.478498,5.9604,0.969,6,9b34270b-1963-4844-b29f-a2c4258449d0,ok,no,6,0,-0.969,-5.814,0.0,-5.814,5.814,0.919,0.916,0.04999999999999993,0.052999999999999936,0.0129999999999999,-0.1446,0.8244,-0.969,<0,6-12bp
2026-05-19T04:00:00+00:00,dh-target,KXBTC15M-26MAY190015-15,2026-05-19T04:15:00Z,4.0,76715.48,76710.75,0.15,0.006166,0.53,0.54,0.01,0.535,no,0.0,4.7447,0.0,0.0,no,0.0484,0.39831,1.191217,4.7447,0.52,9,c4ce1a6f-b8d5-4887-8105-8f9da99dfae8,ok,yes,9,0,-0.52,-4.68,0.0,-4.68,4.68,0.47,0.46499999999999997,0.050000000000000044,0.05500000000000005,0.015000000000000013,0.0484,0.5684,-0.52,0-5c,<3bp
2026-05-19T04:00:00+00:00,dh-target,KXBTC15M-26MAY190015-15,2026-05-19T04:15:00Z,4.5,76715.48,76727.86,0.02,0.016138,0.58,0.59,0.01,0.585,yes,3.4067,0.0,0.0,4.7447,yes,-0.0716,0.47238,0.721182,3.4067,0.64,5,b0a22e94-07c6-4853-a4be-aab6066f4e44,ok,yes,5,1,0.36,1.7999999999999998,0.126,1.674,3.2,0.59,0.585,0.050000000000000044,0.05500000000000005,0.015000000000000013,-0.0716,0.5684,0.36,<0,<3bp
2026-05-19T04:00:00+00:00,dh-target,KXBTC15M-26MAY190015-15,2026-05-19T04:15:00Z,6.0,76715.48,76766.9,0.53,0.067027,0.74,0.75,0.01,0.745,yes,7.0979,0.0,3.4067,4.7447,yes,-0.079,1.022581,0.694114,3.6912,0.8,5,52191886-cde8-4610-8ca0-17edd6fa2195,ok,yes,5,1,0.19999999999999996,0.9999999999999998,0.06999999999999999,0.9299999999999998,4.0,0.75,0.745,0.050000000000000044,0.05500000000000005,0.015000000000000013,-0.079,0.7210000000000001,0.19999999999999996,<0,6-12bp
2026-05-19T04:00:00+00:00,dh-target,KXBTC15M-26MAY190015-15,2026-05-19T04:15:00Z,10.0,76715.48,76789.82,0.2,0.096904,0.918,0.919,0.001,0.9185,yes,5.8623,0.0,7.0979,4.7447,yes-hedge,-0.172,1.453568,0.403304,8.8416,0.969,9,18b8b693-358b-4d04-9ff3-0d1093172889,ok,yes,9,0,-0.969,-8.721,0.0,-8.721,8.721,0.08199999999999996,0.08150000000000002,0.887,0.8875,0.8474999999999999,-0.172,0.7969999999999999,-0.969,<0,6-12bp
2026-05-19T04:15:00+00:00,dh-target,KXBTC15M-26MAY190030-30,2026-05-19T04:30:00Z,4.0,76834.61,76759.91,0.78,0.097222,0.22,0.23,0.01,0.225,no,0.0,6.0524,0.0,0.0,no,-0.1675,1.458338,0.41502,6.0524,0.83,7,74640442-4362-4ed1-9ca2-ef1ef2d17a5e,ok,no,7,1,0.17000000000000004,1.1900000000000004,0.08330000000000003,1.1067000000000005,5.81,0.78,0.775,0.04999999999999993,0.05499999999999994,0.014999999999999902,-0.1675,0.6625,0.17000000000000004,<0,6-12bp
2026-05-19T04:15:00+00:00,dh-target,KXBTC15M-26MAY190030-30,2026-05-19T04:30:00Z,4.5,76834.61,76728.28,0.22,0.138388,0.13,0.14,0.01,0.135,no,0.0,8.3383,0.0,6.0524,no,-0.1706,2.04911,0.406923,2.2859,0.92,2,37737d98-195d-4c40-89fe-50c0cec4ee9a,ok,no,2,1,0.07999999999999996,0.15999999999999992,0.011199999999999995,0.14879999999999993,1.84,0.87,0.865,0.050000000000000044,0.05500000000000005,0.015000000000000013,-0.1706,0.7494000000000001,0.07999999999999996,<0,>12bp
2026-05-19T04:15:00+00:00,dh-target,KXBTC15M-26MAY190030-30,2026-05-19T04:30:00Z,5.0,76834.61,76720.95,0.47,0.147928,0.13,0.14,0.01,0.135,no,0.0,10.3132,0.0,8.3383,no,-0.1456,2.168502,0.475592,1.9749,0.92,2,6f4d6408-af96-4504-85d9-94ea9712f9ce,ok,no,2,1,0.07999999999999996,0.15999999999999992,0.011199999999999995,0.14879999999999993,1.84,0.87,0.865,0.050000000000000044,0.05500000000000005,0.015000000000000013,-0.1456,0.7744,0.07999999999999996,<0,>12bp
2026-05-19T04:30:00+00:00,dh-target,KXBTC15M-26MAY190045-45,2026-05-19T04:45:00Z,4.0,76669.63,76737.45,0.03,0.088457,0.86,0.87,0.01,0.865,yes,3.0017,0.0,0.0,0.0,yes,-0.2575,1.327627,0.226092,3.0017,0.92,3,bccde201-f1d4-4686-8887-8dba60e4bd5a,ok,yes,3,1,0.07999999999999996,0.23999999999999988,0.016799999999999992,0.2231999999999999,2.7600000000000002,0.87,0.865,0.050000000000000044,0.05500000000000005,0.015000000000000013,-0.2575,0.6625000000000001,0.07999999999999996,<0,6-12bp
2026-05-19T04:30:00+00:00,dh-target,KXBTC15M-26MAY190045-45,2026-05-19T04:45:00Z,4.5,76669.63,76751.74,0.42,0.107096,0.85,0.86,0.01,0.855,yes,6.9626,0.0,3.0017,0.0,yes,-0.1606,1.60626,0.433469,3.961,0.91,4,df44988c-e0e9-49f4-a815-56c887aa2fcf,ok,yes,4,1,0.08999999999999997,0.3599999999999999,0.025199999999999993,0.3347999999999999,3.64,0.86,0.855,0.050000000000000044,0.05500000000000005,0.015000000000000013,-0.1606,0.7494000000000001,0.08999999999999997,<0,6-12bp
2026-05-19T04:45:00+00:00,dh-target,KXBTC15M-26MAY190100-00,2026-05-19T05:00:00Z,4.0,76823.61,76833.24,0.64,0.012535,0.6,0.61,0.01,0.605,yes,2.8849,0.0,0.0,0.0,yes,-0.0916,0.444408,0.649161,2.8849,0.66,4,a51495cb-47ea-4d16-b549-30f57dc04243,ok,yes,4,1,0.33999999999999997,1.3599999999999999,0.0952,1.2648,2.64,0.61,0.605,0.050000000000000044,0.05500000000000005,0.015000000000000013,-0.0916,0.5684,0.33999999999999997,<0,<3bp
2026-05-19T04:45:00+00:00,dh-target,KXBTC15M-26MAY190100-00,2026-05-19T05:00:00Z,5.5,76823.61,76819.04,0.08,0.005949,0.48,0.5,0.02,0.49,no,0.0,4.2075,2.8849,0.0,no,0.0151,0.396813,1.060327,4.2075,0.57,7,3e807932-8e86-4949-887d-d80107deff57,ok,yes,7,0,-0.57,-3.9899999999999998,0.0,-3.9899999999999998,3.9899999999999998,0.52,0.51,0.04999999999999993,0.05999999999999994,0.019999999999999907,0.0151,0.5851,-0.57,0-5c,<3bp
2026-05-19T04:45:00+00:00,dh-target,KXBTC15M-26MAY190100-00,2026-05-19T05:00:00Z,7.0,76823.61,76864.95,0.15,0.053812,0.77,0.78,0.01,0.775,yes,5.2195,0.0,2.8849,4.2075,yes,-0.1023,0.852572,0.612207,2.3346,0.83,3,a48c8fa7-437b-4b54-a20e-13c71e9cc235,ok,yes,3,1,0.17000000000000004,0.5100000000000001,0.03570000000000001,0.4743000000000001,2.4899999999999998,0.78,0.775,0.04999999999999993,0.05499999999999994,0.014999999999999902,-0.1023,0.7277,0.17000000000000004,<0,3-6bp
2026-05-19T04:45:00+00:00,dh-target,KXBTC15M-26MAY190100-00,2026-05-19T05:00:00Z,10.0,76823.61,76857.97,0.5,0.044726,0.84,0.85,0.01,0.845,yes,1.4726,0.0,5.2195,4.2075,yes-hedge,-0.2765,0.746142,0.197356,6.6434,0.9,7,6ce3293e-f4c9-4090-8873-ec25f5b0a9a1,ok,yes,7,0,-0.9,-6.3,0.0,-6.3,6.3,0.16000000000000003,0.15500000000000003,0.74,0.745,0.705,-0.2765,0.6234999999999999,-0.9,<0,3-6bp
2026-05-19T04:45:00+00:00,dh-target,KXBTC15M-26MAY190100-00,2026-05-19T05:00:00Z,10.5,76823.61,76863.5,0.06,0.051924,0.88,0.89,0.01,0.885,yes,4.009,0.0,11.8629,4.2075,yes-hedge,-0.143,0.829724,0.483173,6.9387,0.94,7,45fa2fca-fda9-48bc-a01c-f0a3d77b5dc0,ok,yes,7,0,-0.94,-6.58,0.0,-6.58,6.58,0.12,0.11499999999999999,0.82,0.825,0.7849999999999999,-0.143,0.7969999999999999,-0.94,<0,3-6bp
2026-05-19T04:45:00+00:00,dh-target,KXBTC15M-26MAY190100-00,2026-05-19T05:00:00Z,11.0,76823.61,76852.96,0.28,0.038204,0.87,0.88,0.01,0.875,yes,1.2035,0.0,18.8017,4.2075,yes-hedge,-0.2906,0.675445,0.17818,6.8649,0.93,7,fe221f10-d4b5-4288-8473-807116b9281d,ok,yes,7,0,-0.93,-6.510000000000001,0.0,-6.510000000000001,6.510000000000001,0.13,0.125,0.8,0.805,0.765,-0.2906,0.6394,-0.93,<0,3-6bp
2026-05-19T04:45:00+00:00,dh-target,KXBTC15M-26MAY190100-00,2026-05-19T05:00:00Z,11.5,76823.61,76872.74,0.07,0.063952,0.948,0.952,0.004,0.95,yes,3.8189,0.0,25.6666,4.2075,yes-hedge,-0.1776,0.981541,0.389072,7.3078,0.99,7,feaac84a-5294-4c14-9df5-9694929c616f,ok,yes,7,0,-0.99,-6.93,0.0,-6.93,6.93,0.052000000000000046,0.050000000000000044,0.938,0.94,0.8999999999999999,-0.1776,0.8124,-0.99,<0,6-12bp
2026-05-19T04:45:00+00:00,dh-target,KXBTC15M-26MAY190100-00,2026-05-19T05:00:00Z,12.0,76823.61,76878.03,0.12,0.070838,0.963,0.969,0.006,0.966,yes,4.3448,0.0,32.9743,4.2075,yes-hedge,-0.1716,1.074557,0.404336,7.3078,0.99,7,2f07de94-d1f5-4d45-9339-40e55fd61614,ok,yes,7,0,-0.99,-6.93,0.0,-6.93,6.93,0.03700000000000003,0.03400000000000003,0.953,0.956,0.9159999999999999,-0.1716,0.8184,-0.99,<0,6-12bp
2026-05-19T04:45:00+00:00,dh-target,KXBTC15M-26MAY190100-00,2026-05-19T05:00:00Z,12.5,76823.61,76857.66,1.06,0.044322,0.919,0.922,0.003,0.9205,yes,1.1962,0.0,40.2821,4.2075,yes-hedge,-0.3042,0.741627,0.161292,7.1749,0.972,7,de1e27e0-c2d5-43c1-a1dc-3e12628b2a5e,ok,yes,7,0,-0.972,-6.804,0.0,-6.804,6.804,0.08099999999999996,0.07950000000000002,0.891,0.8925,0.8524999999999999,-0.3042,0.6678,-0.972,<0,3-6bp
2026-05-19T04:45:00+00:00,dh-target,KXBTC15M-26MAY190100-00,2026-05-19T05:00:00Z,13.0,76823.61,76850.93,0.56,0.035562,0.914,0.915,0.001,0.9145,yes,1.3072,0.0,47.4571,4.2075,yes-hedge,-0.2735,0.648188,0.201667,7.1233,0.965,7,b4773b5b-8b7d-47e8-bc0b-f735b18adb26,ok,yes,7,0,-0.965,-6.755,0.0,-6.755,6.755,0.08599999999999997,0.08550000000000002,0.879,0.8795,0.8394999999999999,-0.2735,0.6915,-0.965,<0,3-6bp
2026-05-19T04:45:00+00:00,dh-target,KXBTC15M-26MAY190100-00,2026-05-19T05:00:00Z,13.5,76823.61,76848.01,0.11,0.031761,0.933,0.945,0.012,0.939,yes,0.9896,0.0,54.5803,4.2075,yes-hedge,-0.3035,0.610394,0.162125,4.4122,0.99,4,b908e337-59f1-41ff-8606-ff7b76d543bb,ok,yes,4,0,-0.99,-3.96,0.0,-3.96,3.96,0.06699999999999995,0.061000000000000054,0.923,0.9289999999999999,0.8889999999999999,-0.3035,0.6865,-0.99,<0,3-6bp
2026-05-19T05:15:00+00:00,dh-target,KXBTC15M-26MAY190130-30,2026-05-19T05:30:00Z,4.0,76801.44,76732.93,0.23,0.089204,0.21,0.22,0.01,0.215,no,0.0,5.2118,0.0,0.0,no,-0.1775,1.338687,0.389323,5.2118,0.84,6,f296e509-cefc-4f18-af33-eed7bf2dcd5b,ok,no,6,1,0.16000000000000003,0.9600000000000002,0.06720000000000002,0.8928000000000001,5.04,0.79,0.785,0.04999999999999993,0.05499999999999994,0.014999999999999902,-0.1775,0.6625,0.16000000000000003,<0,6-12bp
2026-05-19T05:15:00+00:00,dh-target,KXBTC15M-26MAY190130-30,2026-05-19T05:30:00Z,4.5,76801.44,76706.07,0.45,0.124177,0.14,0.15,0.01,0.145,no,0.0,8.0441,0.0,5.2118,no,-0.1606,1.855755,0.433469,2.8323,0.91,3,e09d4c3e-217f-41fe-956e-3a75580af0e0,ok,no,3,1,0.08999999999999997,0.2699999999999999,0.018899999999999993,0.25109999999999993,2.73,0.86,0.855,0.050000000000000044,0.05500000000000005,0.015000000000000013,-0.1606,0.7494000000000001,0.08999999999999997,<0,>12bp
2026-05-19T05:15:00+00:00,dh-target,KXBTC15M-26MAY190130-30,2026-05-19T05:30:00Z,5.0,76801.44,76694.16,0.01,0.139685,0.12,0.13,0.01,0.125,no,0.0,9.2387,0.0,8.0441,no,-0.1556,2.065874,0.447203,1.1945,0.93,1,590ee516-3f51-4755-8b80-01c770127290,ok,no,1,1,0.06999999999999995,0.06999999999999995,0.004899999999999997,0.06509999999999995,0.93,0.88,0.875,0.050000000000000044,0.05500000000000005,0.015000000000000013,-0.1556,0.7744000000000001,0.06999999999999995,<0,>12bp
2026-05-19T05:30:00+00:00,dh-target,KXBTC15M-26MAY190145-45,2026-05-19T05:45:00Z,4.0,76754.57,76776.62,1.02,0.028728,0.64,0.65,0.01,0.645,yes,3.0082,0.0,0.0,0.0,yes,-0.1316,0.58143,0.517376,3.0082,0.7,4,2d3599ab-2640-403d-bf06-d5919cff0f43,ok,yes,4,1,0.30000000000000004,1.2000000000000002,0.08400000000000002,1.116,2.8,0.65,0.645,0.04999999999999993,0.05499999999999994,0.014999999999999902,-0.1316,0.5684,0.30000000000000004,<0,<3bp
2026-05-19T05:30:00+00:00,dh-target,KXBTC15M-26MAY190145-45,2026-05-19T05:45:00Z,5.5,76754.57,76732.96,0.08,0.028155,0.43,0.44,0.01,0.435,no,0.0,4.9617,3.0082,0.0,no,-0.0349,0.576075,0.8613,4.9617,0.62,8,e9116bbd-3c47-4433-af8f-17f09bb60ea6,ok,yes,8,0,-0.62,-4.96,0.0,-4.96,4.96,0.5700000000000001,0.565,0.04999999999999993,0.05500000000000005,0.015000000000000013,-0.0349,0.5851,-0.62,<0,<3bp
2026-05-19T05:30:00+00:00,dh-target,KXBTC15M-26MAY190145-45,2026-05-19T05:45:00Z,7.0,76754.57,76798.0,0.1,0.056583,0.78,0.79,0.01,0.785,yes,5.1324,0.0,3.0082,4.9617,yes,-0.1123,0.886799,0.578759,2.1243,0.84,3,36f2d9a9-3115-4704-839b-cd202dc4c3e8,ok,yes,3,1,0.16000000000000003,0.4800000000000001,0.03360000000000001,0.4464000000000001,2.52,0.79,0.785,0.04999999999999993,0.05499999999999994,0.014999999999999902,-0.1123,0.7277,0.16000000000000003,<0,3-6bp
2026-05-19T05:30:00+00:00,dh-target,KXBTC15M-26MAY190145-45,2026-05-19T05:45:00Z,8.0,76754.57,76836.88,0.75,0.107238,0.89,0.9,0.01,0.895,yes,9.6455,0.0,5.1324,4.9617,yes,-0.106,1.60838,0.599705,4.5131,0.95,5,ab5125e0-60a2-445a-b5e9-e7693697e863,ok,yes,5,1,0.050000000000000044,0.2500000000000002,0.01750000000000002,0.2325000000000002,4.75,0.9,0.895,0.04999999999999993,0.05499999999999994,0.014999999999999902,-0.106,0.844,0.050000000000000044,<0,6-12bp
2026-05-19T05:45:00+00:00,dh-target,KXBTC15M-26MAY190200-00,2026-05-19T06:00:00Z,4.5,76874.33,76914.61,0.14,0.052397,0.73,0.74,0.01,0.735,yes,4.4282,0.0,0.0,0.0,yes,-0.1275,0.835415,0.530055,4.4282,0.79,6,94d3d914-3797-4bab-94ae-1db6e93dbea4,ok,no,6,0,-0.79,-4.74,0.0,-4.74,4.74,0.74,0.735,0.050000000000000044,0.05500000000000005,0.015000000000000013,-0.1275,0.6625000000000001,-0.79,<0,3-6bp
2026-05-19T05:45:00+00:00,dh-target,KXBTC15M-26MAY190200-00,2026-05-19T06:00:00Z,9.5,76874.33,76873.43,0.78,0.001171,0.56,0.58,0.02,0.57,no,0.0,5.4291,4.4282,0.0,no,0.1331,0.36505,1.487214,5.4291,0.49,11,722d5499-07f5-46ba-b700-be79d714b485,ok,no,11,1,0.51,5.61,0.39270000000000005,5.2173,5.39,0.43999999999999995,0.43000000000000005,0.050000000000000044,0.05999999999999994,0.019999999999999962,0.1331,0.6231,0.51,10-20c,<3bp
2026-05-19T05:45:00+00:00,dh-target,KXBTC15M-26MAY190200-00,2026-05-19T06:00:00Z,10.0,76874.33,76865.46,0.11,0.011538,0.41,0.42,0.01,0.415,no,0.0,4.0812,4.4282,5.4291,no-hedge,-0.0165,0.436913,0.934096,3.5874,0.64,6,a29e8188-63b9-4020-8cf0-60d9b00b868a,ok,no,6,0,-0.64,-3.84,0.0,-3.84,3.84,0.5900000000000001,0.585,0.04999999999999993,0.05500000000000005,0.015000000000000013,-0.0165,0.6235,-0.64,<0,<3bp
2026-05-19T06:00:00+00:00,dh-target,KXBTC15M-26MAY190215-15,2026-05-19T06:15:00Z,4.0,76867.02,76913.64,0.93,0.06065,0.73,0.74,0.01,0.735,yes,4.9743,0.0,0.0,0.0,yes,-0.1275,0.938442,0.530055,4.9743,0.79,6,5ce6288e-7351-4898-b065-5915a8b4c835,ok,yes,6,1,0.20999999999999996,1.2599999999999998,0.0882,1.1717999999999997,4.74,0.74,0.735,0.050000000000000044,0.05500000000000005,0.015000000000000013,-0.1275,0.6625000000000001,0.20999999999999996,<0,6-12bp
2026-05-19T06:15:00+00:00,dh-target,KXBTC15M-26MAY190230-30,2026-05-19T06:30:00Z,4.0,76944.16,76926.59,0.47,0.022835,0.42,0.44,0.02,0.43,no,0.0,4.006,0.0,0.0,no,-0.0616,0.528166,0.758468,4.006,0.63,6,52efdde2-5434-4554-8bfd-13e1f22f868e,ok,yes,6,0,-0.63,-3.7800000000000002,0.0,-3.7800000000000002,3.7800000000000002,0.5800000000000001,0.5700000000000001,0.04999999999999993,0.05999999999999994,0.019999999999999907,-0.0616,0.5684,-0.63,<0,<3bp
2026-05-19T06:15:00+00:00,dh-target,KXBTC15M-26MAY190230-30,2026-05-19T06:30:00Z,7.0,76944.16,76947.98,0.52,0.004965,0.55,0.56,0.01,0.555,yes,3.8462,0.0,0.0,4.006,yes,-0.0035,0.390085,0.986001,3.8462,0.61,6,6828cbbb-eac5-48aa-a3f9-c6ec1fd5d906,ok,yes,6,1,0.39,2.34,0.16380000000000003,2.1761999999999997,3.66,0.56,0.555,0.04999999999999993,0.05499999999999994,0.014999999999999902,-0.0035,0.6065,0.39,<0,<3bp
2026-05-19T06:15:00+00:00,dh-target,KXBTC15M-26MAY190230-30,2026-05-19T06:30:00Z,8.5,76944.16,76940.32,0.2,0.004991,0.54,0.55,0.01,0.545,no,0.0,5.3113,3.8462,4.006,no,0.0945,0.390262,1.360969,1.3054,0.51,3,24b983c6-9738-45b8-a7dc-db40a93badd4,ok,yes,3,0,-0.51,-1.53,0.0,-1.53,1.53,0.45999999999999996,0.45499999999999996,0.050000000000000044,0.05500000000000005,0.015000000000000069,0.0945,0.6045,-0.51,5-10c,<3bp
2026-05-19T06:15:00+00:00,dh-target,KXBTC15M-26MAY190230-30,2026-05-19T06:30:00Z,10.0,76944.16,76900.92,0.41,0.056197,0.2,0.21,0.01,0.205,no,0.0,6.9775,3.8462,5.3113,no,-0.053,0.88198,0.79112,1.6662,0.85,2,72773a2d-8297-497c-81cc-d96a66e2fb86,ok,yes,2,0,-0.85,-1.7,0.0,-1.7,1.7,0.8,0.795,0.04999999999999993,0.05499999999999994,0.014999999999999902,-0.053,0.7969999999999999,-0.85,<0,3-6bp
2026-05-19T06:15:00+00:00,dh-target,KXBTC15M-26MAY190230-30,2026-05-19T06:30:00Z,10.0,76944.16,76900.92,0.41,0.056197,0.2,0.21,0.01,0.205,no,0.0,6.9775,3.8462,6.9775,no-hedge,-0.053,0.88198,0.79112,5.3595,0.85,6,db5a42a1-6483-4365-aad2-36efb81d61b9,ok,yes,6,0,-0.85,-5.1,0.0,-5.1,5.1,0.8,0.795,0.04999999999999993,0.05499999999999994,0.014999999999999902,-0.053,0.7969999999999999,-0.85,<0,3-6bp
2026-05-19T06:15:00+00:00,dh-target,KXBTC15M-26MAY190230-30,2026-05-19T06:30:00Z,12.5,76944.16,76953.67,0.04,0.01236,0.75,0.77,0.02,0.76,yes,2.0236,0.0,3.8462,12.337,yes-hedge,-0.1522,0.44308,0.456718,14.0907,0.82,17,4af9c574-27ed-4ac5-8a8d-b4d4b67b905c,ok,yes,17,0,-0.82,-13.94,0.0,-13.94,13.94,0.25,0.24,0.57,0.58,0.54,-0.1522,0.6678,-0.82,<0,<3bp
2026-05-19T06:30:00+00:00,dh-target,KXBTC15M-26MAY190245-45,2026-05-19T06:45:00Z,4.5,76950.47,76957.77,1.12,0.009487,0.55,0.56,0.01,0.555,yes,5.284,0.0,0.0,0.0,yes,-0.0416,0.421817,0.835119,5.284,0.61,9,d438817c-f427-4051-8505-ef6ffb85d883,ok,yes,9,1,0.39,3.5100000000000002,0.24570000000000003,3.2643000000000004,5.49,0.56,0.555,0.04999999999999993,0.05499999999999994,0.014999999999999902,-0.0416,0.5684,0.39,<0,<3bp
2026-05-19T06:30:00+00:00,dh-target,KXBTC15M-26MAY190245-45,2026-05-19T06:45:00Z,6.0,76950.47,76930.62,0.01,0.025796,0.47,0.48,0.01,0.475,no,0.0,8.805,5.284,0.0,no,0.0147,0.554434,1.058732,8.805,0.58,15,9bee61d3-088b-4188-aa9d-6e9bae563a2c,ok,yes,15,0,-0.58,-8.7,0.0,-8.7,8.7,0.53,0.525,0.04999999999999993,0.05499999999999994,0.014999999999999902,0.0147,0.5947,-0.58,0-5c,<3bp
2026-05-19T06:30:00+00:00,dh-target,KXBTC15M-26MAY190245-45,2026-05-19T06:45:00Z,7.5,76950.47,76889.1,1.47,0.079753,0.22,0.23,0.01,0.225,no,0.0,11.0231,5.284,8.805,no,-0.1023,1.200372,0.612207,2.2182,0.83,3,9744b9d5-cbc2-4e1d-8e07-8e4854e74dbd,ok,yes,3,0,-0.83,-2.4899999999999998,0.0,-2.4899999999999998,2.4899999999999998,0.78,0.775,0.04999999999999993,0.05499999999999994,0.014999999999999902,-0.1023,0.7277,-0.83,<0,6-12bp
2026-05-19T06:30:00+00:00,dh-target,KXBTC15M-26MAY190245-45,2026-05-19T06:45:00Z,8.0,76950.47,76899.6,0.04,0.066107,0.25,0.26,0.01,0.255,no,0.0,12.1159,5.284,11.0231,no,-0.0508,1.010223,0.799551,1.0927,0.8,1,8ab04410-a183-4280-ac57-f619d2c92fed,ok,yes,1,0,-0.8,-0.8,0.0,-0.8,0.8,0.75,0.745,0.050000000000000044,0.05500000000000005,0.015000000000000013,-0.0508,0.7492000000000001,-0.8,<0,6-12bp
2026-05-19T06:30:00+00:00,dh-target,KXBTC15M-26MAY190245-45,2026-05-19T06:45:00Z,9.5,76950.47,76991.79,0.01,0.053697,0.76,0.77,0.01,0.765,yes,10.6078,0.0,5.284,12.1159,yes,-0.0427,0.851173,0.830842,5.3238,0.82,6,afd56b67-02dd-455c-96e9-f3fc94eb72ca,ok,yes,6,1,0.18000000000000005,1.0800000000000003,0.07560000000000003,1.0044000000000002,4.92,0.77,0.765,0.04999999999999993,0.05499999999999994,0.014999999999999902,-0.0427,0.7773,0.18000000000000005,<0,3-6bp
2026-05-19T06:30:00+00:00,dh-target,KXBTC15M-26MAY190245-45,2026-05-19T06:45:00Z,10.0,76950.47,76996.56,0.53,0.059896,0.79,0.8,0.01,0.795,yes,11.0211,0.0,10.6078,12.1159,yes-hedge,-0.053,0.928738,0.79112,16.3365,0.85,19,aaf2830c-da00-439e-8773-7e37f12d6950,ok,yes,19,0,-0.85,-16.15,0.0,-16.15,16.15,0.20999999999999996,0.20499999999999996,0.64,0.645,0.605,-0.053,0.7969999999999999,-0.85,<0,3-6bp
2026-05-19T06:45:00+00:00,dh-target,KXBTC15M-26MAY190300-00,2026-05-19T07:00:00Z,4.0,77012.59,77007.3,0.31,0.006869,0.5,0.51,0.01,0.505,no,0.0,6.4922,0.0,0.0,no,0.0184,0.403194,1.073467,6.4922,0.55,12,dc19ee78-6c68-49b1-97b6-b2d6efe72145,ok,unknown,12,0,-0.55,-6.6000000000000005,0.0,-6.6000000000000005,6.6000000000000005,0.5,0.495,0.050000000000000044,0.05500000000000005,0.015000000000000013,0.0184,0.5684,-0.55,0-5c,<3bp
2026-05-19T06:45:00+00:00,dh-target,KXBTC15M-26MAY190300-00,2026-05-19T07:00:00Z,6.0,77012.59,77025.44,0.15,0.016686,0.61,0.63,0.02,0.62,yes,4.8018,0.0,0.0,6.4922,yes,-0.0853,0.476759,0.671452,4.8018,0.68,7,9976c5a1-7398-4fe1-a4ce-1578b42f9631,ok,unknown,7,0,-0.68,-4.760000000000001,0.0,-4.760000000000001,4.760000000000001,0.63,0.62,0.050000000000000044,0.06000000000000005,0.020000000000000018,-0.0853,0.5947,-0.68,<0,<3bp
2026-05-19T06:45:00+00:00,dh-target,KXBTC15M-26MAY190300-00,2026-05-19T07:00:00Z,6.5,77012.59,77013.05,0.09,0.000597,0.49,0.5,0.01,0.495,yes,6.3799,0.0,4.8018,6.4922,yes,0.0447,0.361389,1.176919,1.5781,0.55,3,b026b626-d90d-440c-98ef-baacfe66c03c,ok,unknown,3,0,-0.55,-1.6500000000000001,0.0,-1.6500000000000001,1.6500000000000001,0.5,0.495,0.050000000000000044,0.05500000000000005,0.015000000000000013,0.0447,0.5947,-0.55,0-5c,<3bp
2026-05-19T06:45:00+00:00,dh-target,KXBTC15M-26MAY190300-00,2026-05-19T07:00:00Z,7.0,77012.59,77006.01,0.27,0.008544,0.5,0.51,0.01,0.505,no,0.0,7.6089,6.3799,6.4922,no,0.0565,0.41503,1.222229,1.1167,0.55,2,e898fc85-05c0-4dc7-967f-254c6ef476bf,ok,unknown,2,0,-0.55,-1.1,0.0,-1.1,1.1,0.5,0.495,0.050000000000000044,0.05500000000000005,0.015000000000000013,0.0565,0.6065,-0.55,5-10c,<3bp
2026-05-19T06:45:00+00:00,dh-target,KXBTC15M-26MAY190300-00,2026-05-19T07:00:00Z,9.5,77012.59,77003.02,0.4,0.012427,0.53,0.54,0.01,0.535,no,0.0,9.2522,6.3799,7.6089,no,0.1031,0.443586,1.390509,1.6432,0.52,3,82a13198-eab4-4b4a-a5fd-77b6e625141c,ok,unknown,3,0,-0.52,-1.56,0.0,-1.56,1.56,0.47,0.46499999999999997,0.050000000000000044,0.05500000000000005,0.015000000000000013,0.1031,0.6231,-0.52,10-20c,<3bp
2026-05-19T06:45:00+00:00,dh-target,KXBTC15M-26MAY190300-00,2026-05-19T07:00:00Z,10.0,77012.59,76995.9,0.12,0.021672,0.41,0.42,0.01,0.415,no,0.0,7.2596,6.3799,9.2522,no-hedge,-0.0165,0.51812,0.934096,6.3556,0.64,10,822ad8f8-40e3-473f-b1b9-fc1186a64d24,ok,unknown,10,0,-0.64,-6.4,0.0,-6.4,6.4,0.5900000000000001,0.585,0.04999999999999993,0.05500000000000005,0.015000000000000013,-0.0165,0.6235,-0.64,<0,<3bp
2026-05-19T06:45:00+00:00,dh-target,KXBTC15M-26MAY190300-00,2026-05-19T07:00:00Z,10.5,77012.59,77013.14,0.66,0.000714,0.6,0.62,0.02,0.61,yes,4.4331,0.0,6.3799,15.6078,yes-hedge,-0.0465,0.362132,0.816116,18.0399,0.67,27,5176e36b-4ede-4719-83cc-fab18a25b649,ok,unknown,27,0,-0.67,-18.09,0.0,-18.09,18.09,0.4,0.39,0.27,0.28,0.24000000000000005,-0.0465,0.6235,-0.67,<0,<3bp
2026-05-19T06:45:00+00:00,dh-target,KXBTC15M-26MAY190300-00,2026-05-19T07:00:00Z,11.0,77012.59,77003.08,0.55,0.012349,0.41,0.42,0.01,0.415,no,0.0,6.629,24.4197,15.6078,no-hedge,-0.0006,0.442997,0.9976,17.2321,0.64,27,878bda1e-d6ca-4d2e-b04f-5ca5effb69ec,ok,unknown,27,0,-0.64,-17.28,0.0,-17.28,17.28,0.5900000000000001,0.585,0.04999999999999993,0.05500000000000005,0.015000000000000013,-0.0006,0.6394,-0.64,<0,<3bp
2026-05-19T07:00:00+00:00,dh-target,KXBTC15M-26MAY190315-15,2026-05-19T07:15:00Z,4.0,76976.97,76920.56,0.41,0.073282,0.28,0.29,0.01,0.285,no,0.0,9.888,0.0,0.0,no,-0.1075,1.108497,0.594679,9.888,0.77,13,46bd73d9-74de-425f-a492-f25d1cc253db,ok,yes,13,0,-0.77,-10.01,0.0,-10.01,10.01,0.72,0.7150000000000001,0.050000000000000044,0.05499999999999994,0.014999999999999902,-0.1075,0.6625,-0.77,<0,6-12bp
2026-05-19T07:00:00+00:00,dh-target,KXBTC15M-26MAY190315-15,2026-05-19T07:15:00Z,8.0,76976.97,77000.09,0.13,0.030035,0.68,0.69,0.01,0.685,yes,4.5023,0.0,0.0,9.888,yes,-0.1355,0.593781,0.5055,4.5023,0.74,6,db2464d3-323a-4ee8-820c-bf800947d93f,ok,yes,6,1,0.26,1.56,0.1092,1.4508,4.4399999999999995,0.69,0.685,0.050000000000000044,0.05499999999999994,0.014999999999999902,-0.1355,0.6045,0.26,<0,3-6bp
2026-05-19T07:00:00+00:00,dh-target,KXBTC15M-26MAY190315-15,2026-05-19T07:15:00Z,9.5,76976.97,77043.59,0.18,0.086545,0.902,0.906,0.004,0.904,yes,7.5297,0.0,4.5023,9.888,yes,-0.1787,1.29939,0.386322,3.0274,0.956,3,4d6ff591-8768-4ff4-939f-67dfa06f3e5a,ok,yes,3,1,0.04400000000000004,0.13200000000000012,0.009240000000000009,0.1227600000000001,2.868,0.906,0.904,0.04999999999999993,0.051999999999999935,0.0119999999999999,-0.1787,0.7773,0.04400000000000004,<0,6-12bp
2026-05-19T07:00:00+00:00,dh-target,KXBTC15M-26MAY190315-15,2026-05-19T07:15:00Z,10.0,76976.97,77012.28,0.57,0.045871,0.81,0.82,0.01,0.815,yes,2.7821,0.0,7.5297,9.888,yes-hedge,-0.2465,0.759053,0.244348,11.1721,0.87,13,0d109a41-b10b-4e89-9832-46187ca9984a,ok,yes,13,0,-0.87,-11.31,0.0,-11.31,11.31,0.18999999999999995,0.18500000000000005,0.68,0.6849999999999999,0.6449999999999999,-0.2465,0.6234999999999999,-0.87,<0,3-6bp
2026-05-19T07:15:00+00:00,dh-target,KXBTC15M-26MAY190330-30,2026-05-19T07:30:00Z,4.0,77077.65,77133.37,0.08,0.072291,0.78,0.79,0.01,0.785,yes,6.3928,0.0,0.0,0.0,yes,-0.1775,1.094682,0.389323,6.3928,0.84,8,c189e77a-5e3e-4323-97c7-26dcf929890c,ok,yes,8,1,0.16000000000000003,1.2800000000000002,0.08960000000000003,1.1904000000000001,6.72,0.79,0.785,0.04999999999999993,0.05499999999999994,0.014999999999999902,-0.1775,0.6625,0.16000000000000003,<0,6-12bp
2026-05-19T07:15:00+00:00,dh-target,KXBTC15M-26MAY190330-30,2026-05-19T07:30:00Z,5.0,77077.65,77141.26,0.06,0.082527,0.81,0.82,0.01,0.815,yes,7.8756,0.0,6.3928,0.0,yes,-0.1644,1.240543,0.423236,1.4829,0.87,2,3f090378-f46a-40e4-935b-5ccbef540e4c,ok,yes,2,1,0.13,0.26,0.0182,0.24180000000000001,1.74,0.82,0.815,0.050000000000000044,0.05500000000000005,0.015000000000000013,-0.1644,0.7056,0.13,<0,6-12bp
2026-05-19T07:15:00+00:00,dh-target,KXBTC15M-26MAY190330-30,2026-05-19T07:30:00Z,7.0,77077.65,77165.92,0.07,0.114521,0.903,0.904,0.001,0.9035,yes,14.0836,0.0,7.8756,0.0,yes,-0.1221,1.716295,0.547054,6.208,0.954,7,79a960a1-da61-4e8d-b7e8-261b41ff6f4f,ok,yes,7,1,0.04600000000000004,0.3220000000000003,0.022540000000000022,0.2994600000000003,6.678,0.904,0.9035,0.04999999999999993,0.05049999999999999,0.010499999999999954,-0.1221,0.8319,0.04600000000000004,<0,6-12bp
2026-05-19T07:15:00+00:00,dh-target,KXBTC15M-26MAY190330-30,2026-05-19T07:30:00Z,10.0,77077.65,77074.29,0.05,0.004359,0.58,0.59,0.01,0.585,no,0.0,8.9566,14.0836,0.0,no,0.1535,0.385995,1.546937,8.9566,0.47,19,62bd7def-48a3-4291-bbe2-b04023e2a577,ok,yes,19,0,-0.47,-8.93,0.0,-8.93,8.93,0.42000000000000004,0.41500000000000004,0.04999999999999993,0.05499999999999994,0.014999999999999958,0.1535,0.6234999999999999,-0.47,10-20c,<3bp
2026-05-19T07:15:00+00:00,dh-target,KXBTC15M-26MAY190330-30,2026-05-19T07:30:00Z,10.0,77077.65,77074.29,0.05,0.004359,0.58,0.59,0.01,0.585,no,0.0,8.9566,14.0836,8.9566,no-hedge,0.1535,0.385995,1.546937,7.4364,0.47,16,b054981c-7789-408c-a1be-2903b01a8f2a,ok,yes,16,0,-0.47,-7.52,0.0,-7.52,7.52,0.42000000000000004,0.41500000000000004,0.04999999999999993,0.05499999999999994,0.014999999999999958,0.1535,0.6234999999999999,-0.47,10-20c,<3bp
2026-05-19T07:15:00+00:00,dh-target,KXBTC15M-26MAY190330-30,2026-05-19T07:30:00Z,12.5,77077.65,77080.0,0.59,0.003049,0.59,0.6,0.01,0.595,yes,6.0612,0.0,14.0836,16.3931,yes-hedge,0.0178,0.377266,1.07108,22.6713,0.65,35,ce5f90a4-a858-4478-974e-f5cc32024637,ok,yes,35,0,-0.65,-22.75,0.0,-22.75,22.75,0.41000000000000003,0.405,0.24,0.245,0.20500000000000002,0.0178,0.6678000000000001,-0.65,0-5c,<3bp
2026-05-19T07:30:00+00:00,dh-target,KXBTC15M-26MAY190345-45,2026-05-19T07:45:00Z,4.0,77078.06,77105.91,0.23,0.036132,0.69,0.7,0.01,0.695,yes,3.7194,0.0,0.0,0.0,yes,-0.1816,0.654002,0.379142,3.7194,0.75,5,1dd2364e-103e-4ea7-a604-c556238879bc,ok,yes,5,1,0.25,1.25,0.08750000000000001,1.1625,3.75,0.7,0.695,0.050000000000000044,0.05500000000000005,0.015000000000000013,-0.1816,0.5684,0.25,<0,3-6bp
2026-05-19T07:30:00+00:00,dh-target,KXBTC15M-26MAY190345-45,2026-05-19T07:45:00Z,7.5,77078.06,77134.88,0.31,0.073717,0.87,0.88,0.01,0.875,yes,5.5315,0.0,3.7194,0.0,yes,-0.2023,1.114596,0.330851,1.8121,0.93,2,0906d0b2-220a-4413-a62c-0350c1ab6962,ok,yes,2,1,0.06999999999999995,0.1399999999999999,0.009799999999999994,0.1301999999999999,1.86,0.88,0.875,0.050000000000000044,0.05500000000000005,0.015000000000000013,-0.2023,0.7277,0.06999999999999995,<0,6-12bp
2026-05-19T07:30:00+00:00,dh-target,KXBTC15M-26MAY190345-45,2026-05-19T07:45:00Z,9.5,77078.06,77125.5,0.25,0.061548,0.86,0.87,0.01,0.865,yes,6.8982,0.0,5.5315,0.0,yes,-0.1427,0.95006,0.484053,1.3667,0.92,1,c82f3f50-18ac-4c16-a7e5-3a3d7800f79b,ok,yes,1,1,0.07999999999999996,0.07999999999999996,0.005599999999999997,0.07439999999999997,0.92,0.87,0.865,0.050000000000000044,0.05500000000000005,0.015000000000000013,-0.1427,0.7773000000000001,0.07999999999999996,<0,6-12bp
2026-05-19T07:30:00+00:00,dh-target,KXBTC15M-26MAY190345-45,2026-05-19T07:45:00Z,10.5,77078.06,77131.07,0.01,0.068774,0.87,0.88,0.01,0.875,yes,8.0525,0.0,6.8982,0.0,yes,-0.133,1.046268,0.513092,1.1543,0.93,1,1cd1fe29-7e20-4116-8287-b488370e5280,ok,yes,1,1,0.06999999999999995,0.06999999999999995,0.004899999999999997,0.06509999999999995,0.93,0.88,0.875,0.050000000000000044,0.05500000000000005,0.015000000000000013,-0.133,0.797,0.06999999999999995,<0,6-12bp
2026-05-19T07:45:00+00:00,dh-target,KXBTC15M-26MAY190400-00,2026-05-19T08:00:00Z,4.0,77208.84,77192.49,0.14,0.021176,0.42,0.43,0.01,0.425,no,0.0,5.8465,0.0,0.0,no,-0.0616,0.513887,0.758468,5.8465,0.63,9,d71d3c33-9618-4382-bbf7-3eaf63511fe1,ok,no,9,1,0.37,3.33,0.23310000000000003,3.0969,5.67,0.5800000000000001,0.575,0.04999999999999993,0.05500000000000005,0.015000000000000013,-0.0616,0.5684,0.37,<0,<3bp
2026-05-19T07:45:00+00:00,dh-target,KXBTC15M-26MAY190400-00,2026-05-19T08:00:00Z,4.5,77208.84,77201.13,0.62,0.009986,0.51,0.52,0.01,0.515,no,0.0,7.1036,0.0,5.8465,no,0.0284,0.42545,1.113114,1.2571,0.54,2,d2cdac8a-9c17-442c-bd88-1e5b3320a534,ok,no,2,1,0.45999999999999996,0.9199999999999999,0.0644,0.8555999999999999,1.08,0.49,0.485,0.050000000000000044,0.05500000000000005,0.015000000000000013,0.0284,0.5684,0.45999999999999996,0-5c,<3bp
2026-05-19T07:45:00+00:00,dh-target,KXBTC15M-26MAY190400-00,2026-05-19T08:00:00Z,6.0,77208.84,77209.96,0.84,0.001451,0.56,0.58,0.02,0.57,yes,4.7309,0.0,0.0,7.1036,yes,-0.0353,0.366848,0.859731,4.7309,0.63,8,a2341159-2150-48ab-976d-4fecdea7aa26,ok,no,8,0,-0.63,-5.04,0.0,-5.04,5.04,0.58,0.57,0.050000000000000044,0.06000000000000005,0.020000000000000018,-0.0353,0.5947,-0.63,<0,<3bp
2026-05-19T07:45:00+00:00,dh-target,KXBTC15M-26MAY190400-00,2026-05-19T08:00:00Z,8.5,77208.84,77180.0,0.11,0.037353,0.4,0.41,0.01,0.405,no,0.0,8.1987,4.7309,7.1036,no,-0.0455,0.666577,0.819983,1.0951,0.65,2,7a69c114-9301-43cc-8fa0-ded818226f65,ok,no,2,1,0.35,0.7,0.049,0.6509999999999999,1.3,0.6,0.595,0.050000000000000044,0.05500000000000005,0.015000000000000013,-0.0455,0.6045,0.35,<0,3-6bp
2026-05-19T07:45:00+00:00,dh-target,KXBTC15M-26MAY190400-00,2026-05-19T08:00:00Z,9.5,77208.84,77170.05,0.2,0.05024,0.23,0.25,0.02,0.24,no,0.0,10.0905,4.7309,8.1987,no,-0.0427,0.809663,0.830842,1.8918,0.82,2,224cbb74-e382-415e-aa7e-44440a3ae8b3,ok,no,2,1,0.18000000000000005,0.3600000000000001,0.02520000000000001,0.3348000000000001,1.64,0.77,0.76,0.04999999999999993,0.05999999999999994,0.019999999999999907,-0.0427,0.7773,0.18000000000000005,<0,3-6bp
2026-05-19T07:45:00+00:00,dh-target,KXBTC15M-26MAY190400-00,2026-05-19T08:00:00Z,10.0,77208.84,77157.02,0.26,0.067117,0.14,0.15,0.01,0.145,no,0.0,8.8526,4.7309,10.0905,no-hedge,-0.113,1.023792,0.576458,6.8335,0.91,8,67fe6506-1384-46c3-a7d3-4efefc91e0a7,ok,no,8,0,-0.91,-7.28,0.0,-7.28,7.28,0.86,0.855,0.050000000000000044,0.05500000000000005,0.015000000000000013,-0.113,0.797,-0.91,<0,6-12bp
2026-05-19T08:00:00+00:00,dh-target,KXBTC15M-26MAY190415-15,2026-05-19T08:15:00Z,4.0,77172.95,77137.49,0.15,0.045949,0.32,0.33,0.01,0.325,no,0.0,4.9102,0.0,0.0,no,-0.1616,0.759936,0.430759,4.9102,0.73,7,4ef0ad50-16f1-4ba4-a5cb-29574f059c69,ok,no,7,1,0.27,1.8900000000000001,0.13230000000000003,1.7577,5.109999999999999,0.6799999999999999,0.675,0.050000000000000044,0.05499999999999994,0.014999999999999902,-0.1616,0.5684,0.27,<0,3-6bp
2026-05-19T08:00:00+00:00,dh-target,KXBTC15M-26MAY190415-15,2026-05-19T08:15:00Z,4.5,77172.95,77125.49,0.35,0.061498,0.27,0.28,0.01,0.275,no,0.0,8.0007,0.0,4.9102,no,-0.1175,0.949414,0.561801,3.0905,0.78,4,79d64547-892f-4e6b-9b13-3e5a944e942e,ok,no,4,1,0.21999999999999997,0.8799999999999999,0.061599999999999995,0.8183999999999999,3.12,0.73,0.725,0.050000000000000044,0.05500000000000005,0.015000000000000013,-0.1175,0.6625000000000001,0.21999999999999997,<0,6-12bp
2026-05-19T08:00:00+00:00,dh-target,KXBTC15M-26MAY190415-15,2026-05-19T08:15:00Z,5.0,77172.95,77123.93,0.56,0.06352,0.25,0.26,0.01,0.255,no,0.0,9.359,0.0,8.0007,no,-0.0944,0.975843,0.639379,1.3583,0.8,2,9b435943-10a9-4b2c-8907-5222d27934ab,ok,no,2,1,0.19999999999999996,0.3999999999999999,0.027999999999999997,0.3719999999999999,1.6,0.75,0.745,0.050000000000000044,0.05500000000000005,0.015000000000000013,-0.0944,0.7056,0.19999999999999996,<0,6-12bp
2026-05-19T08:00:00+00:00,dh-target,KXBTC15M-26MAY190415-15,2026-05-19T08:15:00Z,5.5,77172.95,77090.04,0.37,0.107434,0.12,0.13,0.01,0.125,no,0.0,10.8087,0.0,9.359,no,-0.1556,1.611305,0.447203,1.4497,0.93,2,06ad3e61-9df2-4a7f-a9da-ccc5c6d8d577,ok,no,2,1,0.06999999999999995,0.1399999999999999,0.009799999999999994,0.1301999999999999,1.86,0.88,0.875,0.050000000000000044,0.05500000000000005,0.015000000000000013,-0.1556,0.7744000000000001,0.06999999999999995,<0,6-12bp
2026-05-19T08:00:00+00:00,dh-target,KXBTC15M-26MAY190415-15,2026-05-19T08:15:00Z,6.5,77172.95,77092.8,0.78,0.103858,0.13,0.14,0.01,0.135,no,0.0,13.6475,0.0,10.8087,no,-0.1107,1.557836,0.584037,2.8388,0.92,3,e13499be-7cdc-4845-beef-3ea4b4597f65,ok,no,3,1,0.07999999999999996,0.23999999999999988,0.016799999999999992,0.2231999999999999,2.7600000000000002,0.87,0.865,0.050000000000000044,0.05500000000000005,0.015000000000000013,-0.1107,0.8093,0.07999999999999996,<0,6-12bp
2026-05-19T08:15:00+00:00,dh-target,KXBTC15M-26MAY190430-30,2026-05-19T08:30:00Z,4.0,77029.76,77093.23,0.84,0.082397,0.8,0.81,0.01,0.805,yes,6.3466,0.0,0.0,0.0,yes,-0.1975,1.238645,0.341591,6.3466,0.86,7,e04a14c2-cd45-41ef-86dd-2ba65c044638,ok,no,7,0,-0.86,-6.02,0.0,-6.02,6.02,0.81,0.805,0.04999999999999993,0.05499999999999994,0.014999999999999902,-0.1975,0.6625,-0.86,<0,6-12bp
2026-05-19T08:15:00+00:00,dh-target,KXBTC15M-26MAY190430-30,2026-05-19T08:30:00Z,8.0,77029.76,77015.21,0.04,0.018889,0.45,0.46,0.01,0.455,no,0.0,7.554,6.3466,0.0,no,0.0045,0.494695,1.017998,7.554,0.6,13,61b7ccfe-034b-45b6-a296-dfe69efc0bd7,ok,no,13,1,0.4,5.2,0.36400000000000005,4.836,7.8,0.55,0.5449999999999999,0.04999999999999993,0.05500000000000005,0.015000000000000013,0.0045,0.6044999999999999,0.4,0-5c,<3bp
2026-05-19T08:15:00+00:00,dh-target,KXBTC15M-26MAY190430-30,2026-05-19T08:30:00Z,9.5,77029.76,76969.63,0.34,0.078061,0.22,0.23,0.01,0.225,no,0.0,13.9767,6.3466,7.554,no,-0.0527,1.176091,0.792268,6.4227,0.83,8,f1289d88-80f8-4fa8-835d-dfefb9eaa9ef,ok,no,8,1,0.17000000000000004,1.3600000000000003,0.09520000000000003,1.2648000000000004,6.64,0.78,0.775,0.04999999999999993,0.05499999999999994,0.014999999999999902,-0.0527,0.7773,0.17000000000000004,<0,6-12bp
2026-05-19T08:15:00+00:00,dh-target,KXBTC15M-26MAY190430-30,2026-05-19T08:30:00Z,10.0,77029.76,76983.64,0.03,0.059873,0.27,0.28,0.01,0.275,no,0.0,14.8723,6.3466,13.9767,no-hedge,0.017,0.928447,1.067895,5.7563,0.78,7,52ddb956-8897-48ec-be1b-caa4020da982,ok,no,7,0,-0.78,-5.46,0.0,-5.46,5.46,0.73,0.725,0.050000000000000044,0.05500000000000005,0.015000000000000013,0.017,0.797,-0.78,0-5c,3-6bp
2026-05-19T08:30:00+00:00,dh-target,KXBTC15M-26MAY190445-45,2026-05-19T08:45:00Z,4.0,77012.59,77012.2,0.46,0.000506,0.5,0.51,0.01,0.505,no,0.0,5.8098,0.0,0.0,no,0.0184,0.360811,1.073467,5.8098,0.55,11,f6fe9682-b423-4f7a-be2b-5149d3b563e5,ok,yes,11,0,-0.55,-6.050000000000001,0.0,-6.050000000000001,6.050000000000001,0.5,0.495,0.050000000000000044,0.05500000000000005,0.015000000000000013,0.0184,0.5684,-0.55,0-5c,<3bp
2026-05-19T08:30:00+00:00,dh-target,KXBTC15M-26MAY190445-45,2026-05-19T08:45:00Z,4.5,77012.59,77029.27,0.27,0.021659,0.62,0.64,0.02,0.63,yes,4.263,0.0,0.0,5.8098,yes,-0.1216,0.518009,0.548646,4.263,0.69,6,a7cb271d-2fe6-4ac9-9c9b-4d08eeff01d5,ok,yes,6,1,0.31000000000000005,1.8600000000000003,0.13020000000000004,1.7298000000000002,4.14,0.64,0.63,0.04999999999999993,0.05999999999999994,0.019999999999999907,-0.1216,0.5683999999999999,0.31000000000000005,<0,<3bp
2026-05-19T08:30:00+00:00,dh-target,KXBTC15M-26MAY190445-45,2026-05-19T08:45:00Z,6.0,77012.59,77057.9,0.36,0.058835,0.76,0.77,0.01,0.765,yes,8.559,0.0,4.263,5.8098,yes,-0.099,0.915185,0.623479,4.2959,0.82,5,3a6cf854-4922-4738-850a-d8632f28ba46,ok,yes,5,1,0.18000000000000005,0.9000000000000002,0.06300000000000003,0.8370000000000002,4.1,0.77,0.765,0.04999999999999993,0.05499999999999994,0.014999999999999902,-0.099,0.721,0.18000000000000005,<0,3-6bp
2026-05-19T08:30:00+00:00,dh-target,KXBTC15M-26MAY190445-45,2026-05-19T08:45:00Z,10.0,77012.59,77073.67,0.29,0.079312,0.917,0.918,0.001,0.9175,yes,7.2696,0.0,8.559,5.8098,yes-hedge,-0.171,1.194028,0.405886,10.2252,0.968,11,9523ff54-bb3c-476f-b943-0bc6c48191fe,ok,yes,11,0,-0.968,-10.648,0.0,-10.648,10.648,0.08299999999999996,0.08250000000000002,0.885,0.8855,0.8454999999999999,-0.171,0.7969999999999999,-0.968,<0,6-12bp
2026-05-19T08:45:00+00:00,dh-target,KXBTC15M-26MAY190500-00,2026-05-19T09:00:00Z,4.0,77134.69,77105.98,1.1,0.037221,0.42,0.43,0.01,0.425,no,0.0,7.568,0.0,0.0,no,-0.0616,0.665203,0.758468,7.568,0.63,12,b820eeda-4c0b-4612-8e4e-11316fe04653,ok,no,12,1,0.37,4.4399999999999995,0.3108,4.129199999999999,7.5600000000000005,0.5800000000000001,0.575,0.04999999999999993,0.05500000000000005,0.015000000000000013,-0.0616,0.5684,0.37,<0,3-6bp
2026-05-19T08:45:00+00:00,dh-target,KXBTC15M-26MAY190500-00,2026-05-19T09:00:00Z,5.0,77134.69,77087.05,0.32,0.061762,0.31,0.32,0.01,0.315,no,0.0,12.3383,0.0,7.568,no,-0.0344,0.952842,0.863262,4.7703,0.74,6,501a9656-3019-4d9d-914f-9c58698dc0c2,ok,no,6,1,0.26,1.56,0.1092,1.4508,4.4399999999999995,0.69,0.685,0.050000000000000044,0.05499999999999994,0.014999999999999902,-0.0344,0.7056,0.26,<0,6-12bp
2026-05-19T08:45:00+00:00,dh-target,KXBTC15M-26MAY190500-00,2026-05-19T09:00:00Z,8.5,77134.69,77046.43,0.91,0.114423,0.1,0.11,0.01,0.105,no,0.0,15.4262,0.0,12.3383,no,-0.106,1.714861,0.599705,3.0879,0.95,3,fae170ed-9ced-4a08-821a-b4304b1916f7,ok,no,3,1,0.050000000000000044,0.15000000000000013,0.010500000000000011,0.13950000000000012,2.8499999999999996,0.9,0.895,0.04999999999999993,0.05499999999999994,0.014999999999999902,-0.106,0.844,0.050000000000000044,<0,6-12bp
2026-05-19T09:00:00+00:00,dh-target,KXBTC15M-26MAY190515-15,2026-05-19T09:15:00Z,4.0,77001.74,76973.97,0.09,0.036064,0.37,0.38,0.01,0.375,no,0.0,5.6942,0.0,0.0,no,-0.1116,0.653306,0.581065,5.6942,0.68,8,9da8c371-b550-4431-8859-1d78257487af,ok,unknown,8,0,-0.68,-5.44,0.0,-5.44,5.44,0.63,0.625,0.050000000000000044,0.05500000000000005,0.015000000000000013,-0.1116,0.5684,-0.68,<0,3-6bp
2026-05-19T09:00:00+00:00,dh-target,KXBTC15M-26MAY190515-15,2026-05-19T09:15:00Z,4.5,77001.74,76978.1,0.28,0.030701,0.44,0.45,0.01,0.445,no,0.0,7.5179,0.0,5.6942,no,-0.0416,0.600147,0.835119,1.8237,0.61,3,66197eeb-8acd-4b8e-8fa5-3ab2f3a2a971,ok,unknown,3,0,-0.61,-1.83,0.0,-1.83,1.83,0.56,0.5549999999999999,0.04999999999999993,0.05500000000000005,0.015000000000000013,-0.0416,0.5684,-0.61,<0,3-6bp
2026-05-19T09:00:00+00:00,dh-target,KXBTC15M-26MAY190515-15,2026-05-19T09:15:00Z,9.0,77001.74,76946.9,0.3,0.071219,0.18,0.19,0.01,0.185,no,0.0,10.4523,0.0,7.5179,no,-0.0927,1.079826,0.645309,2.9344,0.87,3,48e99c34-1443-4ea4-bdd4-218c18f04a20,ok,unknown,3,0,-0.87,-2.61,0.0,-2.61,2.61,0.8200000000000001,0.815,0.04999999999999993,0.05500000000000005,0.015000000000000013,-0.0927,0.7773,-0.87,<0,6-12bp
2026-05-19T09:15:00+00:00,dh-target,KXBTC15M-26MAY190530-30,2026-05-19T09:30:00Z,4.0,76977.59,76884.74,0.42,0.12062,0.15,0.16,0.01,0.155,no,0.0,12.4881,0.0,0.0,no,-0.1506,1.804983,0.461245,12.4881,0.9,14,be8e111a-e7b1-43d3-9267-bfdd29000811,ok,no,14,1,0.09999999999999998,1.3999999999999997,0.09799999999999999,1.3019999999999996,12.6,0.85,0.845,0.050000000000000044,0.05500000000000005,0.015000000000000013,-0.1506,0.7494000000000001,0.09999999999999998,<0,>12bp
2026-05-19T09:15:00+00:00,dh-target,KXBTC15M-26MAY190530-30,2026-05-19T09:30:00Z,6.0,76977.59,76888.45,0.53,0.1158,0.14,0.15,0.01,0.145,no,0.0,16.075,0.0,12.4881,no,-0.1007,1.735046,0.617658,3.5869,0.91,4,17260e2a-3a97-40e0-af2e-ed291ebea533,ok,no,4,1,0.08999999999999997,0.3599999999999999,0.025199999999999993,0.3347999999999999,3.64,0.86,0.855,0.050000000000000044,0.05500000000000005,0.015000000000000013,-0.1007,0.8093,0.08999999999999997,<0,6-12bp
2026-05-19T09:30:00+00:00,dh-target,KXBTC15M-26MAY190545-45,2026-05-19T09:45:00Z,4.0,76722.38,76712.49,0.25,0.012891,0.46,0.47,0.01,0.465,no,0.0,6.1286,0.0,0.0,no,-0.0216,0.447106,0.913814,6.1286,0.59,10,6bda5350-c748-4bb5-b25e-4a863d96ec2a,ok,yes,10,0,-0.59,-5.8999999999999995,0.0,-5.8999999999999995,5.8999999999999995,0.54,0.5349999999999999,0.04999999999999993,0.05500000000000005,0.015000000000000013,-0.0216,0.5684,-0.59,<0,<3bp
2026-05-19T09:30:00+00:00,dh-target,KXBTC15M-26MAY190545-45,2026-05-19T09:45:00Z,4.5,76722.38,76686.32,0.87,0.047001,0.4,0.41,0.01,0.405,no,0.0,7.9284,0.0,6.1286,no,-0.0816,0.771936,0.684718,1.7998,0.65,3,54f1f0b2-d5c8-4673-b4f5-b6d96d7a29a8,ok,yes,3,0,-0.65,-1.9500000000000002,0.0,-1.9500000000000002,1.9500000000000002,0.6,0.595,0.050000000000000044,0.05500000000000005,0.015000000000000013,-0.0816,0.5684,-0.65,<0,3-6bp
2026-05-19T09:30:00+00:00,dh-target,KXBTC15M-26MAY190545-45,2026-05-19T09:45:00Z,5.0,76722.38,76679.48,0.74,0.055916,0.36,0.37,0.01,0.365,no,0.0,13.9985,0.0,7.9284,no,0.0156,0.878488,1.062319,6.0701,0.69,9,da23c25c-7fd3-417d-88a8-891e123f36cf,ok,yes,9,0,-0.69,-6.209999999999999,0.0,-6.209999999999999,6.209999999999999,0.64,0.635,0.04999999999999993,0.05499999999999994,0.014999999999999902,0.0156,0.7055999999999999,-0.69,0-5c,3-6bp
2026-05-19T09:30:00+00:00,dh-target,KXBTC15M-26MAY190545-45,2026-05-19T09:45:00Z,6.5,76722.38,76740.08,0.01,0.02307,0.63,0.64,0.01,0.635,yes,5.0603,0.0,0.0,13.9985,yes,-0.0953,0.530218,0.636251,5.0603,0.69,7,e6b52d17-f8c0-4c97-972c-f89c66b9bf2a,ok,yes,7,1,0.31000000000000005,2.1700000000000004,0.15190000000000006,2.0181000000000004,4.83,0.64,0.635,0.04999999999999993,0.05499999999999994,0.014999999999999902,-0.0953,0.5947,0.31000000000000005,<0,<3bp
2026-05-19T09:30:00+00:00,dh-target,KXBTC15M-26MAY190545-45,2026-05-19T09:45:00Z,10.0,76722.38,76743.88,1.02,0.028023,0.73,0.74,0.01,0.735,yes,3.6014,0.0,5.0603,13.9985,yes-hedge,-0.1665,0.574851,0.417657,17.3434,0.79,22,273f801f-97b7-469d-9793-f563575f17c1,ok,yes,22,0,-0.79,-17.380000000000003,0.0,-17.380000000000003,17.380000000000003,0.27,0.265,0.52,0.525,0.48500000000000004,-0.1665,0.6235,-0.79,<0,<3bp
2026-05-19T09:30:00+00:00,dh-target,KXBTC15M-26MAY190545-45,2026-05-19T09:45:00Z,10.5,76722.38,76707.13,0.0,0.019877,0.49,0.5,0.01,0.495,no,0.0,9.4196,22.4037,13.9985,no-hedge,0.0635,0.502913,1.248675,16.4009,0.56,29,0cf59112-583b-4aa0-9a41-123bd5a42a24,ok,yes,29,0,-0.56,-16.240000000000002,0.0,-16.240000000000002,16.240000000000002,0.51,0.505,0.050000000000000044,0.05500000000000005,0.015000000000000013,0.0635,0.6235,-0.56,5-10c,<3bp
2026-05-19T09:30:00+00:00,dh-target,KXBTC15M-26MAY190545-45,2026-05-19T09:45:00Z,11.5,76722.38,76734.98,0.28,0.016423,0.76,0.77,0.01,0.765,yes,2.717,0.0,22.4037,30.3995,yes-hedge,-0.1806,0.474656,0.381606,13.8419,0.82,17,57d5a046-2aa2-4f01-986c-a7eddf7053db,ok,yes,17,0,-0.82,-13.94,0.0,-13.94,13.94,0.24,0.235,0.58,0.585,0.5449999999999999,-0.1806,0.6394,-0.82,<0,<3bp
2026-05-19T09:45:00+00:00,dh-target,KXBTC15M-26MAY190600-00,2026-05-19T10:00:00Z,4.0,76732.45,76713.98,0.56,0.024071,0.44,0.45,0.01,0.445,no,0.0,6.7521,0.0,0.0,no,-0.0416,0.539009,0.835119,6.7521,0.61,11,c950f669-5aeb-4b61-b10d-d157b3c08161,ok,yes,11,0,-0.61,-6.71,0.0,-6.71,6.71,0.56,0.5549999999999999,0.04999999999999993,0.05500000000000005,0.015000000000000013,-0.0416,0.5684,-0.61,<0,<3bp
2026-05-19T09:45:00+00:00,dh-target,KXBTC15M-26MAY190600-00,2026-05-19T10:00:00Z,5.0,76732.45,76746.8,0.65,0.018701,0.61,0.62,0.01,0.615,yes,4.9774,0.0,0.0,6.7521,yes,-0.0849,0.493148,0.67288,4.9774,0.67,7,3022cc4e-9d60-4731-8996-bde60f9c6f1a,ok,yes,7,1,0.32999999999999996,2.3099999999999996,0.16169999999999998,2.1482999999999994,4.69,0.62,0.615,0.050000000000000044,0.05500000000000005,0.015000000000000013,-0.0849,0.5851000000000001,0.32999999999999996,<0,<3bp
2026-05-19T09:45:00+00:00,dh-target,KXBTC15M-26MAY190600-00,2026-05-19T10:00:00Z,8.0,76732.45,76706.97,0.52,0.033206,0.41,0.42,0.01,0.415,no,0.0,8.0471,4.9774,6.7521,no,-0.0355,0.624568,0.858947,1.295,0.64,2,65f792b8-ca57-49cd-b0f5-742eec484e31,ok,yes,2,0,-0.64,-1.28,0.0,-1.28,1.28,0.5900000000000001,0.585,0.04999999999999993,0.05500000000000005,0.015000000000000013,-0.0355,0.6045,-0.64,<0,3-6bp
2026-05-19T09:45:00+00:00,dh-target,KXBTC15M-26MAY190600-00,2026-05-19T10:00:00Z,10.0,76732.45,76738.54,1.0,0.007937,0.66,0.68,0.02,0.67,yes,3.6842,0.0,4.9774,8.0471,yes-hedge,-0.1065,0.410705,0.598027,9.5574,0.73,13,1772b057-390e-4dcf-8a4b-a3c3aa04d5f5,ok,yes,13,0,-0.73,-9.49,0.0,-9.49,9.49,0.33999999999999997,0.32999999999999996,0.39,0.4,0.36000000000000004,-0.1065,0.6234999999999999,-0.73,<0,<3bp
2026-05-19T09:45:00+00:00,dh-target,KXBTC15M-26MAY190600-00,2026-05-19T10:00:00Z,11.5,76732.45,76731.42,0.14,0.001342,0.65,0.66,0.01,0.655,no,0.0,9.5742,14.5349,8.0471,no,0.2394,0.366152,1.743204,1.5271,0.4,4,2d604060-c6b2-4e9c-b5b5-b5087cf56b2b,ok,yes,4,0,-0.4,-1.6,0.0,-1.6,1.6,0.35,0.345,0.050000000000000044,0.05500000000000005,0.015000000000000069,0.2394,0.6394,-0.4,>20c,<3bp
2026-05-19T09:45:00+00:00,dh-target,KXBTC15M-26MAY190600-00,2026-05-19T10:00:00Z,11.5,76732.45,76731.42,0.14,0.001342,0.65,0.66,0.01,0.655,no,0.0,9.5742,14.5349,9.5742,no-hedge,0.2394,0.366152,1.743204,8.2086,0.4,21,67685419-c16e-4af2-9cda-155bc5df920e,ok,yes,21,0,-0.4,-8.4,0.0,-8.4,8.4,0.35,0.345,0.050000000000000044,0.05500000000000005,0.015000000000000069,0.2394,0.6394,-0.4,>20c,<3bp
2026-05-19T09:45:00+00:00,dh-target,KXBTC15M-26MAY190600-00,2026-05-19T10:00:00Z,12.0,76732.45,76744.82,0.97,0.016121,0.81,0.82,0.01,0.815,yes,2.3452,0.0,14.5349,17.7827,yes-hedge,-0.2022,0.472248,0.331072,21.1751,0.87,24,7e0fa68a-20c8-4656-834f-68954021c6e8,ok,yes,24,0,-0.87,-20.88,0.0,-20.88,20.88,0.18999999999999995,0.18500000000000005,0.68,0.6849999999999999,0.6449999999999999,-0.2022,0.6678,-0.87,<0,<3bp
2026-05-19T10:00:00+00:00,dh-target,KXBTC15M-26MAY190615-15,2026-05-19T10:15:00Z,4.0,76766.93,76722.53,2.8,0.057837,0.36,0.37,0.01,0.365,no,0.0,12.055,0.0,0.0,no,-0.0275,0.902551,0.890442,12.055,0.69,17,414a21f7-724d-4d6c-9405-8452054119cd,ok,no,17,1,0.31000000000000005,5.270000000000001,0.3689000000000001,4.901100000000001,11.729999999999999,0.64,0.635,0.04999999999999993,0.05499999999999994,0.014999999999999902,-0.0275,0.6625,0.31000000000000005,<0,3-6bp
2026-05-19T10:00:00+00:00,dh-target,KXBTC15M-26MAY190615-15,2026-05-19T10:15:00Z,6.0,76766.93,76768.1,0.06,0.001524,0.54,0.55,0.01,0.545,yes,5.393,0.0,0.0,12.055,yes,-0.0053,0.367322,0.978803,5.393,0.6,9,6c69cf0f-1b43-472a-a6bc-53c5e5cb202e,ok,no,9,0,-0.6,-5.3999999999999995,0.0,-5.3999999999999995,5.3999999999999995,0.55,0.545,0.04999999999999993,0.05499999999999994,0.014999999999999902,-0.0053,0.5947,-0.6,<0,<3bp
2026-05-19T10:00:00+00:00,dh-target,KXBTC15M-26MAY190615-15,2026-05-19T10:15:00Z,10.0,76766.93,76738.49,0.02,0.037047,0.35,0.36,0.01,0.355,no,0.0,6.9977,5.393,12.055,no-hedge,-0.0765,0.663409,0.703206,6.2919,0.7,9,83579a7a-48d8-4e84-8d5b-75c795cc7db3,ok,no,9,0,-0.7,-6.3,0.0,-6.3,6.3,0.65,0.645,0.04999999999999993,0.05499999999999994,0.014999999999999902,-0.0765,0.6234999999999999,-0.7,<0,3-6bp
2026-05-19T10:15:00+00:00,dh-target,KXBTC15M-26MAY190630-30,2026-05-19T10:30:00Z,4.0,76749.84,76695.6,1.02,0.070671,0.28,0.29,0.01,0.285,no,0.0,9.5648,0.0,0.0,no,-0.1075,1.072262,0.594679,9.5648,0.77,12,bdcc3a62-feb6-4fa7-8714-4eaf92618335,ok,yes,12,0,-0.77,-9.24,0.0,-9.24,9.24,0.72,0.7150000000000001,0.050000000000000044,0.05499999999999994,0.014999999999999902,-0.1075,0.6625,-0.77,<0,6-12bp
2026-05-19T10:15:00+00:00,dh-target,KXBTC15M-26MAY190630-30,2026-05-19T10:30:00Z,13.5,76749.84,76751.65,0.42,0.002358,0.76,0.77,0.01,0.765,yes,2.9462,0.0,0.0,9.5648,yes,-0.1285,0.372734,0.526944,2.9462,0.82,4,98da3a78-c6cd-4d74-965a-75a19aededc8,ok,yes,4,1,0.18000000000000005,0.7200000000000002,0.05040000000000002,0.6696000000000002,3.28,0.77,0.765,0.04999999999999993,0.05499999999999994,0.014999999999999902,-0.1285,0.6915,0.18000000000000005,<0,<3bp
2026-05-19T10:15:00+00:00,dh-target,KXBTC15M-26MAY190630-30,2026-05-19T10:30:00Z,13.5,76749.84,76751.65,0.42,0.002358,0.76,0.77,0.01,0.765,yes,2.9462,0.0,2.9462,9.5648,yes-hedge,-0.1285,0.372734,0.526944,10.1859,0.82,12,6ee06838-82ec-4836-9849-1d986447fa8e,ok,yes,12,0,-0.82,-9.84,0.0,-9.84,9.84,0.24,0.235,0.58,0.585,0.5449999999999999,-0.1285,0.6915,-0.82,<0,<3bp
2026-05-19T10:15:00+00:00,dh-target,KXBTC15M-26MAY190630-30,2026-05-19T10:30:00Z,14.0,76749.84,76745.01,0.01,0.006293,0.87,0.88,0.01,0.875,no,0.0,11.6433,13.132,9.5648,no,0.4445,0.399191,1.94448,2.0785,0.18,12,35e52fb1-47fc-488b-bb4f-81a55ce1e892,ok,yes,12,0,-0.18,-2.16,0.0,-2.16,2.16,0.13,0.125,0.04999999999999999,0.05499999999999999,0.014999999999999986,0.4445,0.6245,-0.18,>20c,<3bp
2026-05-19T10:15:00+00:00,dh-target,KXBTC15M-26MAY190630-30,2026-05-19T10:30:00Z,14.0,76749.84,76745.01,0.01,0.006293,0.87,0.88,0.01,0.875,no,0.0,11.6433,13.132,11.6433,no-hedge,0.4445,0.399191,1.94448,2.8826,0.18,16,4b306ddf-4fcc-451c-9099-2a566fba473d,ok,yes,16,0,-0.18,-2.88,0.0,-2.88,2.88,0.13,0.125,0.04999999999999999,0.05499999999999999,0.014999999999999986,0.4445,0.6245,-0.18,>20c,<3bp
2026-05-19T10:45:00+00:00,dh-target,KXBTC15M-26MAY190700-00,2026-05-19T11:00:00Z,4.0,76696.14,76793.27,0.27,0.126643,0.84,0.85,0.01,0.845,yes,13.0794,0.0,0.0,0.0,yes,-0.1506,1.890444,0.461245,13.0794,0.9,15,7e12510d-d44a-4933-a764-02a2109c722b,ok,yes,15,1,0.09999999999999998,1.4999999999999996,0.10499999999999998,1.3949999999999996,13.5,0.85,0.845,0.050000000000000044,0.05500000000000005,0.015000000000000013,-0.1506,0.7494000000000001,0.09999999999999998,<0,>12bp
2026-05-19T10:45:00+00:00,dh-target,KXBTC15M-26MAY190700-00,2026-05-19T11:00:00Z,5.0,76696.14,76799.11,0.66,0.134257,0.84,0.86,0.02,0.85,yes,15.1154,0.0,13.0794,0.0,yes,-0.1356,1.994656,0.505197,2.0361,0.91,2,4ab447d9-1c5d-4a96-b9d5-4c5238fa26b8,ok,yes,2,1,0.08999999999999997,0.17999999999999994,0.012599999999999997,0.16739999999999994,1.82,0.86,0.85,0.050000000000000044,0.06000000000000005,0.020000000000000018,-0.1356,0.7744,0.08999999999999997,<0,>12bp
2026-05-19T11:00:00+00:00,dh-target,KXBTC15M-26MAY190715-15,2026-05-19T11:15:00Z,4.0,76972.03,76979.51,0.23,0.009718,0.57,0.58,0.01,0.575,yes,4.8181,0.0,0.0,0.0,yes,-0.0616,0.423496,0.758468,4.8181,0.63,8,67c550de-750f-4826-9ce6-cd742c98a22d,ok,no,8,0,-0.63,-5.04,0.0,-5.04,5.04,0.58,0.575,0.050000000000000044,0.05500000000000005,0.015000000000000013,-0.0616,0.5684,-0.63,<0,<3bp
2026-05-19T11:00:00+00:00,dh-target,KXBTC15M-26MAY190715-15,2026-05-19T11:15:00Z,4.5,76972.03,76966.45,0.21,0.007249,0.51,0.52,0.01,0.515,no,0.0,6.7765,4.8181,0.0,no,0.0284,0.405856,1.113114,6.7765,0.54,13,6c24faec-beb1-4e65-8842-8c76d74ec0e9,ok,no,13,1,0.45999999999999996,5.9799999999999995,0.41859999999999997,5.5614,7.0200000000000005,0.49,0.485,0.050000000000000044,0.05500000000000005,0.015000000000000013,0.0284,0.5684,0.45999999999999996,0-5c,<3bp
2026-05-19T11:00:00+00:00,dh-target,KXBTC15M-26MAY190715-15,2026-05-19T11:15:00Z,5.0,76972.03,76945.25,0.26,0.034792,0.46,0.47,0.01,0.465,no,0.0,9.4177,4.8181,6.7765,no,-0.0049,0.640396,0.980403,2.6412,0.59,4,bfcb9670-4efa-40aa-8b45-7f24a30a2889,ok,no,4,1,0.41000000000000003,1.6400000000000001,0.11480000000000001,1.5252000000000001,2.36,0.54,0.5349999999999999,0.04999999999999993,0.05500000000000005,0.015000000000000013,-0.0049,0.5851,0.41000000000000003,<0,3-6bp
2026-05-19T11:00:00+00:00,dh-target,KXBTC15M-26MAY190715-15,2026-05-19T11:15:00Z,7.0,76972.03,76928.23,0.46,0.056904,0.33,0.34,0.01,0.335,no,0.0,13.7736,4.8181,9.4177,no,0.0077,0.890812,1.03079,4.3559,0.72,6,25b9520b-03e9-4fb6-8957-c0d832b77e6c,ok,no,6,1,0.28,1.6800000000000002,0.11760000000000001,1.5624000000000002,4.32,0.6699999999999999,0.665,0.050000000000000044,0.05499999999999994,0.014999999999999902,0.0077,0.7277,0.28,0-5c,3-6bp
2026-05-19T11:00:00+00:00,dh-target,KXBTC15M-26MAY190715-15,2026-05-19T11:15:00Z,10.5,76972.03,76925.14,0.44,0.060918,0.27,0.28,0.01,0.275,no,0.0,15.0878,4.8181,13.7736,no,0.017,0.941903,1.067895,1.3142,0.78,2,0091f5e1-4855-4460-a964-7335fd2dcee5,ok,no,2,1,0.21999999999999997,0.43999999999999995,0.030799999999999998,0.40919999999999995,1.56,0.73,0.725,0.050000000000000044,0.05500000000000005,0.015000000000000013,0.017,0.797,0.21999999999999997,0-5c,6-12bp
2026-05-19T11:15:00+00:00,dh-target,KXBTC15M-26MAY190730-30,2026-05-19T11:30:00Z,4.0,76931.97,76951.18,0.41,0.02497,0.67,0.68,0.01,0.675,yes,3.5344,0.0,0.0,0.0,yes,-0.1616,0.547009,0.430759,3.5344,0.73,5,9b3e1e55-d413-46d3-8bed-abd5d69a00ea,ok,no,5,0,-0.73,-3.65,0.0,-3.65,3.65,0.68,0.675,0.04999999999999993,0.05499999999999994,0.014999999999999902,-0.1616,0.5684,-0.73,<0,<3bp
2026-05-19T11:15:00+00:00,dh-target,KXBTC15M-26MAY190730-30,2026-05-19T11:30:00Z,5.0,76931.97,76878.0,0.04,0.070153,0.3,0.31,0.01,0.305,no,0.0,13.1689,3.5344,0.0,no,-0.0444,1.065131,0.824244,13.1689,0.75,18,b90322eb-8425-4057-bcc7-7ee3ae0c46b5,ok,no,18,1,0.25,4.5,0.31500000000000006,4.185,13.5,0.7,0.6950000000000001,0.050000000000000044,0.05499999999999994,0.014999999999999902,-0.0444,0.7056,0.25,<0,6-12bp
2026-05-19T11:15:00+00:00,dh-target,KXBTC15M-26MAY190730-30,2026-05-19T11:30:00Z,5.5,76931.97,76843.86,0.03,0.11453,0.19,0.2,0.01,0.195,no,0.0,17.2599,3.5344,13.1689,no,-0.0856,1.716426,0.670382,4.091,0.86,5,80626030-223e-4c44-bc27-f4a9ca1568c9,ok,no,5,1,0.14,0.7000000000000001,0.04900000000000001,0.651,4.3,0.81,0.8049999999999999,0.04999999999999993,0.05500000000000005,0.015000000000000013,-0.0856,0.7744,0.14,<0,6-12bp
2026-05-19T11:30:00+00:00,dh-target,KXBTC15M-26MAY190745-45,2026-05-19T11:45:00Z,4.0,76825.72,76797.03,0.94,0.037344,0.42,0.43,0.01,0.425,no,0.0,7.5826,0.0,0.0,no,-0.0616,0.666484,0.758468,7.5826,0.63,12,3d453932-1f63-40bd-a26a-34a90fd6f1ff,ok,no,12,1,0.37,4.4399999999999995,0.3108,4.129199999999999,7.5600000000000005,0.5800000000000001,0.575,0.04999999999999993,0.05500000000000005,0.015000000000000013,-0.0616,0.5684,0.37,<0,3-6bp
2026-05-19T11:30:00+00:00,dh-target,KXBTC15M-26MAY190745-45,2026-05-19T11:45:00Z,7.0,76825.72,76786.01,0.86,0.051688,0.32,0.33,0.01,0.325,no,0.0,12.2893,0.0,7.5826,no,-0.0023,0.826897,0.9908,4.7067,0.73,6,3caf0410-98e0-4754-a653-95607d2d8fea,ok,no,6,1,0.27,1.62,0.11340000000000003,1.5066000000000002,4.38,0.6799999999999999,0.675,0.050000000000000044,0.05499999999999994,0.014999999999999902,-0.0023,0.7277,0.27,<0,3-6bp
2026-05-19T11:45:00+00:00,dh-target,KXBTC15M-26MAY190800-00,2026-05-19T12:00:00Z,4.0,76626.6,76664.91,0.26,0.049996,0.75,0.76,0.01,0.755,yes,3.0603,0.0,0.0,0.0,yes,-0.2416,0.806773,0.252882,3.0603,0.81,4,233653e6-5574-492f-9183-3d7434e35eec,ok,yes,4,1,0.18999999999999995,0.7599999999999998,0.05319999999999999,0.7067999999999998,3.24,0.76,0.755,0.050000000000000044,0.05500000000000005,0.015000000000000013,-0.2416,0.5684,0.18999999999999995,<0,3-6bp
2026-05-19T11:45:00+00:00,dh-target,KXBTC15M-26MAY190800-00,2026-05-19T12:00:00Z,4.5,76626.6,76679.23,0.22,0.068684,0.8,0.81,0.01,0.805,yes,5.3546,0.0,3.0603,0.0,yes,-0.1975,1.045032,0.341591,2.2943,0.86,3,07be5a75-2996-4ec8-bf81-bdf4032c59b7,ok,yes,3,1,0.14,0.42000000000000004,0.029400000000000003,0.39060000000000006,2.58,0.81,0.805,0.04999999999999993,0.05499999999999994,0.014999999999999902,-0.1975,0.6625,0.14,<0,6-12bp
2026-05-19T12:00:00+00:00,dh-target,KXBTC15M-26MAY190815-15,2026-05-19T12:15:00Z,4.0,76663.67,76661.98,0.17,0.002204,0.57,0.59,0.02,0.58,no,0.0,7.4694,0.0,0.0,no,0.0884,0.371731,1.339564,7.4694,0.48,16,02e71534-e2d1-4a51-8369-27e203a608e6,ok,yes,16,0,-0.48,-7.68,0.0,-7.68,7.68,0.43000000000000005,0.42000000000000004,0.04999999999999993,0.05999999999999994,0.019999999999999962,0.0884,0.5684,-0.48,5-10c,<3bp
2026-05-19T12:00:00+00:00,dh-target,KXBTC15M-26MAY190815-15,2026-05-19T12:15:00Z,5.0,76663.67,76664.19,0.09,0.000678,0.59,0.6,0.01,0.595,yes,4.0501,0.0,0.0,7.4694,yes,-0.0649,0.361904,0.746079,4.0501,0.65,6,9ec6b8fa-442d-419d-879a-aadf2695bb84,ok,yes,6,1,0.35,2.0999999999999996,0.14700000000000002,1.9529999999999996,3.9000000000000004,0.6,0.595,0.050000000000000044,0.05500000000000005,0.015000000000000013,-0.0649,0.5851000000000001,0.35,<0,<3bp
2026-05-19T12:00:00+00:00,dh-target,KXBTC15M-26MAY190815-15,2026-05-19T12:15:00Z,6.0,76663.67,76656.65,0.26,0.009157,0.57,0.58,0.01,0.575,no,0.0,8.9912,4.0501,7.4694,no,0.1147,0.419432,1.429106,1.5218,0.48,3,3f0c3659-096f-478d-98c9-32af074764c7,ok,yes,3,0,-0.48,-1.44,0.0,-1.44,1.44,0.43000000000000005,0.42500000000000004,0.04999999999999993,0.05499999999999994,0.014999999999999958,0.1147,0.5947,-0.48,10-20c,<3bp
2026-05-19T12:00:00+00:00,dh-target,KXBTC15M-26MAY190815-15,2026-05-19T12:15:00Z,9.0,76663.67,76704.01,0.55,0.052619,0.82,0.83,0.01,0.825,yes,7.6792,0.0,4.0501,8.9912,yes,-0.1027,0.838097,0.610848,3.6291,0.88,4,d3bd1e4c-8d93-4f5b-bcd5-75eab41269ba,ok,yes,4,1,0.12,0.48,0.033600000000000005,0.44639999999999996,3.52,0.83,0.825,0.050000000000000044,0.05500000000000005,0.015000000000000013,-0.1027,0.7773,0.12,<0,3-6bp
2026-05-19T12:15:00+00:00,dh-target,KXBTC15M-26MAY190830-30,2026-05-19T12:30:00Z,4.0,76723.24,76684.13,0.27,0.050975,0.4,0.41,0.01,0.405,no,0.0,12.889,0.0,0.0,no,0.0125,0.818383,1.049958,12.889,0.65,20,85ff61bb-fa54-48f1-a6cf-81698bd80414,ok,yes,20,0,-0.65,-13.0,0.0,-13.0,13.0,0.6,0.595,0.050000000000000044,0.05500000000000005,0.015000000000000013,0.0125,0.6625,-0.65,0-5c,3-6bp
2026-05-19T12:15:00+00:00,dh-target,KXBTC15M-26MAY190830-30,2026-05-19T12:30:00Z,5.5,76723.24,76731.5,0.3,0.010766,0.69,0.7,0.01,0.695,yes,2.7287,0.0,0.0,12.889,yes,-0.1649,0.431178,0.421903,2.7287,0.75,4,c7945600-4fe8-4bf4-aaba-6f096e61cec7,ok,yes,4,1,0.25,1.0,0.07,0.9299999999999999,3.0,0.7,0.695,0.050000000000000044,0.05500000000000005,0.015000000000000013,-0.1649,0.5851,0.25,<0,<3bp
2026-05-19T12:15:00+00:00,dh-target,KXBTC15M-26MAY190830-30,2026-05-19T12:30:00Z,6.0,76723.24,76745.75,0.09,0.029339,0.69,0.7,0.01,0.695,yes,3.9462,0.0,2.7287,12.889,yes,-0.1553,0.587182,0.448037,1.2175,0.75,2,961fde90-9ede-48df-bebf-e1c8910c6222,ok,yes,2,1,0.25,0.5,0.035,0.46499999999999997,1.5,0.7,0.695,0.050000000000000044,0.05500000000000005,0.015000000000000013,-0.1553,0.5947,0.25,<0,<3bp
2026-05-19T12:15:00+00:00,dh-target,KXBTC15M-26MAY190830-30,2026-05-19T12:30:00Z,9.5,76723.24,76766.75,0.5,0.05671,0.87,0.89,0.02,0.88,yes,5.7007,0.0,3.9462,12.889,yes,-0.1627,0.888391,0.427792,1.7545,0.94,2,1f4c3ae7-0692-437d-ad3d-59e94c5e02fe,ok,yes,2,1,0.06000000000000005,0.1200000000000001,0.008400000000000008,0.1116000000000001,1.88,0.89,0.88,0.04999999999999993,0.05999999999999994,0.019999999999999907,-0.1627,0.7772999999999999,0.06000000000000005,<0,3-6bp
2026-05-19T12:30:00+00:00,dh-target,KXBTC15M-26MAY190845-45,2026-05-19T12:45:00Z,4.0,76782.78,76804.35,0.15,0.028092,0.65,0.66,0.01,0.655,yes,4.2065,0.0,0.0,0.0,yes,-0.1416,0.575494,0.487289,4.2065,0.71,6,dbd8f4a3-52f4-4875-bf7a-16c8911ba53a,ok,yes,6,1,0.29000000000000004,1.7400000000000002,0.12180000000000003,1.6182,4.26,0.66,0.655,0.04999999999999993,0.05499999999999994,0.014999999999999902,-0.1416,0.5684,0.29000000000000004,<0,<3bp
2026-05-19T12:30:00+00:00,dh-target,KXBTC15M-26MAY190845-45,2026-05-19T12:45:00Z,5.5,76782.78,76826.49,0.24,0.056927,0.79,0.8,0.01,0.795,yes,6.4036,0.0,4.2065,0.0,yes,-0.1444,0.891101,0.479081,2.1972,0.85,3,dc02090b-e60c-468f-b82d-81c3efa6c7b9,ok,yes,3,1,0.15000000000000002,0.45000000000000007,0.03150000000000001,0.41850000000000004,2.55,0.8,0.795,0.04999999999999993,0.05499999999999994,0.014999999999999902,-0.1444,0.7056,0.15000000000000002,<0,3-6bp
2026-05-19T12:45:00+00:00,dh-target,KXBTC15M-26MAY190900-00,2026-05-19T13:00:00Z,4.0,76847.6,76876.92,0.36,0.038153,0.72,0.73,0.01,0.725,yes,3.1466,0.0,0.0,0.0,yes,-0.2116,0.674912,0.310816,3.1466,0.78,4,2983f709-869f-4a5a-845e-8403c35f60a7,ok,yes,4,1,0.21999999999999997,0.8799999999999999,0.061599999999999995,0.8183999999999999,3.12,0.73,0.725,0.050000000000000044,0.05500000000000005,0.015000000000000013,-0.2116,0.5684,0.21999999999999997,<0,3-6bp
2026-05-19T12:45:00+00:00,dh-target,KXBTC15M-26MAY190900-00,2026-05-19T13:00:00Z,5.0,76847.6,76853.85,0.15,0.008133,0.59,0.6,0.01,0.595,yes,4.6119,0.0,3.1466,0.0,yes,-0.0649,0.412098,0.746079,1.4653,0.65,2,65254836-98b3-4938-b65d-4cc07baf5c3b,ok,yes,2,1,0.35,0.7,0.049,0.6509999999999999,1.3,0.6,0.595,0.050000000000000044,0.05500000000000005,0.015000000000000013,-0.0649,0.5851000000000001,0.35,<0,<3bp
2026-05-19T12:45:00+00:00,dh-target,KXBTC15M-26MAY190900-00,2026-05-19T13:00:00Z,5.5,76847.6,76841.84,0.3,0.007495,0.53,0.54,0.01,0.535,no,0.0,7.6708,4.6119,0.0,no,0.0651,0.407586,1.25467,7.6708,0.52,15,235ac9df-1602-420a-9447-f2e2e9ebd8e7,ok,yes,15,0,-0.52,-7.800000000000001,0.0,-7.800000000000001,7.800000000000001,0.47,0.46499999999999997,0.050000000000000044,0.05500000000000005,0.015000000000000013,0.0651,0.5851000000000001,-0.52,5-10c,<3bp
2026-05-19T12:45:00+00:00,dh-target,KXBTC15M-26MAY190900-00,2026-05-19T13:00:00Z,10.0,76847.6,76898.95,0.55,0.066821,0.903,0.912,0.009,0.9075,yes,6.4498,0.0,4.6119,7.6708,yes,-0.165,1.019802,0.421637,1.8379,0.962,2,688b0e53-1cc1-4ae1-9c92-848966c0c202,ok,yes,2,1,0.038000000000000034,0.07600000000000007,0.005320000000000005,0.07068000000000006,1.924,0.912,0.9075,0.04999999999999993,0.05449999999999999,0.014499999999999957,-0.165,0.7969999999999999,0.038000000000000034,<0,6-12bp
2026-05-19T13:00:00+00:00,dh-target,KXBTC15M-26MAY190915-15,2026-05-19T13:15:00Z,4.0,76888.95,76894.12,0.07,0.006724,0.58,0.59,0.01,0.585,yes,4.3507,0.0,0.0,0.0,yes,-0.0716,0.402183,0.721182,4.3507,0.64,7,8ac08340-4792-497e-9e95-fa2d35adbf79,ok,no,7,0,-0.64,-4.48,0.0,-4.48,4.48,0.59,0.585,0.050000000000000044,0.05500000000000005,0.015000000000000013,-0.0716,0.5684,-0.64,<0,<3bp
2026-05-19T13:00:00+00:00,dh-target,KXBTC15M-26MAY190915-15,2026-05-19T13:15:00Z,4.5,76888.95,76869.25,0.69,0.025621,0.44,0.45,0.01,0.445,no,0.0,6.9255,4.3507,0.0,no,-0.0416,0.552859,0.835119,6.9255,0.61,11,31890333-806d-4f4d-8b40-363e544403ed,ok,no,11,1,0.39,4.29,0.30030000000000007,3.9897,6.71,0.56,0.5549999999999999,0.04999999999999993,0.05500000000000005,0.015000000000000013,-0.0416,0.5684,0.39,<0,<3bp
2026-05-19T13:00:00+00:00,dh-target,KXBTC15M-26MAY190915-15,2026-05-19T13:15:00Z,5.0,76888.95,76840.75,0.4,0.062688,0.31,0.32,0.01,0.315,no,0.0,12.4947,4.3507,6.9255,no,-0.0344,0.964921,0.863262,5.5691,0.74,8,63f61748-fccd-4f04-b7ac-f524b1eb7c79,ok,no,8,1,0.26,2.08,0.1456,1.9344000000000001,5.92,0.69,0.685,0.050000000000000044,0.05499999999999994,0.014999999999999902,-0.0344,0.7056,0.26,<0,6-12bp
2026-05-19T13:00:00+00:00,dh-target,KXBTC15M-26MAY190915-15,2026-05-19T13:15:00Z,5.5,76888.95,76779.01,0.12,0.142985,0.12,0.14,0.02,0.13,no,0.0,14.1392,4.3507,12.4947,no,-0.1556,2.107799,0.447203,1.6445,0.93,2,1c89f3df-0591-4259-9947-0a5a1fcfe523,ok,no,2,1,0.06999999999999995,0.1399999999999999,0.009799999999999994,0.1301999999999999,1.86,0.88,0.87,0.050000000000000044,0.06000000000000005,0.020000000000000018,-0.1556,0.7744000000000001,0.06999999999999995,<0,>12bp
2026-05-19T13:00:00+00:00,dh-target,KXBTC15M-26MAY190915-15,2026-05-19T13:15:00Z,6.5,76888.95,76755.48,0.23,0.173588,0.088,0.09,0.002,0.089,no,0.0,16.6642,4.3507,14.1392,no,-0.1527,2.439974,0.45531,2.525,0.962,3,ada4b07a-2120-40f9-96c2-ad5278976959,ok,no,3,1,0.038000000000000034,0.1140000000000001,0.007980000000000008,0.10602000000000009,2.886,0.912,0.911,0.04999999999999993,0.050999999999999934,0.010999999999999899,-0.1527,0.8092999999999999,0.038000000000000034,<0,>12bp
2026-05-19T13:00:00+00:00,dh-target,KXBTC15M-26MAY190915-15,2026-05-19T13:15:00Z,7.0,76888.95,76760.0,0.05,0.167709,0.083,0.085,0.002,0.084,no,0.0,18.1233,4.3507,16.6642,no,-0.1351,2.38444,0.506709,1.4591,0.967,2,9bdf40f6-bae3-48a5-9a82-77f6a03618c8,ok,no,2,1,0.03300000000000003,0.06600000000000006,0.004620000000000004,0.06138000000000005,1.934,0.917,0.916,0.04999999999999993,0.050999999999999934,0.010999999999999899,-0.1351,0.8319,0.03300000000000003,<0,>12bp
2026-05-19T13:15:00+00:00,dh-target,KXBTC15M-26MAY190930-30,2026-05-19T13:30:00Z,4.0,76799.51,76722.0,0.25,0.100925,0.26,0.28,0.02,0.27,no,0.0,19.0524,0.0,0.0,no,-0.0406,1.513876,0.839013,19.0524,0.79,24,ad856248-b42a-4805-9fd2-c1a8efa78520,ok,no,24,1,0.20999999999999996,5.039999999999999,0.3528,4.687199999999999,18.96,0.74,0.73,0.050000000000000044,0.06000000000000005,0.020000000000000018,-0.0406,0.7494000000000001,0.20999999999999996,<0,6-12bp
2026-05-19T13:15:00+00:00,dh-target,KXBTC15M-26MAY190930-30,2026-05-19T13:30:00Z,7.0,76799.51,76679.26,0.05,0.156577,0.15,0.16,0.01,0.155,no,0.0,24.9796,0.0,19.0524,no,-0.0681,2.268364,0.734143,5.9271,0.9,7,1d649c41-5998-471a-b542-8c464f6a59a6,ok,no,7,1,0.09999999999999998,0.6999999999999998,0.048999999999999995,0.6509999999999998,6.3,0.85,0.845,0.050000000000000044,0.05500000000000005,0.015000000000000013,-0.0681,0.8319000000000001,0.09999999999999998,<0,>12bp
2026-05-19T13:30:00+00:00,dh-target,KXBTC15M-26MAY190945-45,2026-05-19T13:45:00Z,4.0,76550.07,76770.63,0.01,0.288125,0.901,0.907,0.006,0.904,yes,26.9838,0.0,0.0,0.0,yes,-0.1019,2.931905,0.613567,26.9838,0.957,28,9f8ee8e2-f985-4eaf-a5d6-d6a229de48b6,ok,yes,28,1,0.04300000000000004,1.204000000000001,0.08428000000000009,1.119720000000001,26.796,0.907,0.904,0.04999999999999993,0.052999999999999936,0.0129999999999999,-0.1019,0.8551,0.04300000000000004,<0,>12bp
2026-05-19T13:30:00+00:00,dh-target,KXBTC15M-26MAY190945-45,2026-05-19T13:45:00Z,4.5,76550.07,76770.26,0.18,0.287642,0.87,0.88,0.01,0.875,yes,31.1763,0.0,26.9838,0.0,yes,-0.0749,2.931259,0.709053,4.1925,0.93,5,5685939d-72eb-495a-a0ad-759fa2bdddb2,ok,yes,5,1,0.06999999999999995,0.34999999999999976,0.024499999999999987,0.3254999999999998,4.65,0.88,0.875,0.050000000000000044,0.05500000000000005,0.015000000000000013,-0.0749,0.8551000000000001,0.06999999999999995,<0,>12bp
2026-05-19T13:30:00+00:00,dh-target,KXBTC15M-26MAY190945-45,2026-05-19T13:45:00Z,5.0,76550.07,76817.0,0.31,0.3487,0.89,0.9,0.01,0.895,yes,34.2678,0.0,31.1763,0.0,yes,-0.0594,2.979396,0.766772,3.0915,0.95,3,b4c1cc30-ac60-445c-b752-3c4f1b58f0fc,ok,yes,3,1,0.050000000000000044,0.15000000000000013,0.010500000000000011,0.13950000000000012,2.8499999999999996,0.9,0.895,0.04999999999999993,0.05499999999999994,0.014999999999999902,-0.0594,0.8906,0.050000000000000044,<0,>12bp
2026-05-19T13:45:00+00:00,dh-target,KXBTC15M-26MAY191000-00,2026-05-19T14:00:00Z,4.0,76705.28,76817.32,0.6,0.146066,0.74,0.75,0.01,0.745,yes,10.3046,0.0,0.0,0.0,yes,-0.0506,2.145928,0.800319,10.3046,0.8,13,9511f221-caa5-4583-a8ea-2410c772f418,ok,yes,13,1,0.19999999999999996,2.5999999999999996,0.182,2.4179999999999997,10.4,0.75,0.745,0.050000000000000044,0.05500000000000005,0.015000000000000013,-0.0506,0.7494000000000001,0.19999999999999996,<0,>12bp
2026-05-19T13:45:00+00:00,dh-target,KXBTC15M-26MAY191000-00,2026-05-19T14:00:00Z,7.0,76705.28,76816.63,0.15,0.145166,0.8,0.82,0.02,0.81,yes,21.7444,0.0,10.3046,0.0,yes,-0.0381,2.134894,0.848769,11.4398,0.87,13,720e4d24-9c59-4e64-8ecd-722b725a41e5,ok,yes,13,1,0.13,1.69,0.1183,1.5716999999999999,11.31,0.82,0.81,0.050000000000000044,0.05999999999999994,0.019999999999999907,-0.0381,0.8319,0.13,<0,>12bp
2026-05-19T13:45:00+00:00,dh-target,KXBTC15M-26MAY191000-00,2026-05-19T14:00:00Z,7.5,76705.28,76871.18,0.41,0.216282,0.903,0.908,0.005,0.9055,yes,27.81,0.0,21.7444,0.0,yes,-0.0383,2.732937,0.847987,6.0656,0.958,6,c65f8db6-71a7-46aa-8086-7a5e05a8ea1c,ok,yes,6,1,0.04200000000000004,0.2520000000000002,0.017640000000000017,0.2343600000000002,5.747999999999999,0.908,0.9055,0.04999999999999993,0.05249999999999999,0.012499999999999956,-0.0383,0.9197,0.04200000000000004,<0,>12bp
2026-05-19T13:45:00+00:00,dh-target,KXBTC15M-26MAY191000-00,2026-05-19T14:00:00Z,8.0,76705.28,76875.16,0.35,0.221471,0.911,0.912,0.001,0.9115,yes,30.8392,0.0,27.81,0.0,yes,-0.017,2.75713,0.932105,3.0293,0.962,3,d1c75ca0-820e-4068-8491-75ae2292fb40,ok,yes,3,1,0.038000000000000034,0.1140000000000001,0.007980000000000008,0.10602000000000009,2.886,0.912,0.9115,0.04999999999999993,0.05049999999999999,0.010499999999999954,-0.017,0.945,0.038000000000000034,<0,>12bp
2026-05-19T14:00:00+00:00,dh-target,KXBTC15M-26MAY191015-15,2026-05-19T14:15:00Z,4.0,76816.71,76720.01,0.14,0.125884,0.27,0.28,0.01,0.275,no,0.0,9.9052,0.0,0.0,no,-0.0306,1.879816,0.878208,9.9052,0.78,13,717640f5-779c-4660-b36b-79cfdbe3f1d0,ok,no,13,1,0.21999999999999997,2.8599999999999994,0.2002,2.6597999999999993,10.14,0.73,0.725,0.050000000000000044,0.05500000000000005,0.015000000000000013,-0.0306,0.7494000000000001,0.21999999999999997,<0,>12bp
2026-05-19T14:00:00+00:00,dh-target,KXBTC15M-26MAY191015-15,2026-05-19T14:15:00Z,5.0,76816.71,76926.24,0.15,0.142586,0.72,0.73,0.01,0.725,yes,12.3341,0.0,0.0,9.9052,yes,-0.0056,2.102786,0.977604,12.3341,0.78,16,de4bc44c-3018-403f-b6a1-4997690d816d,ok,no,16,0,-0.78,-12.48,0.0,-12.48,12.48,0.73,0.725,0.050000000000000044,0.05500000000000005,0.015000000000000013,-0.0056,0.7744,-0.78,<0,>12bp
2026-05-19T14:00:00+00:00,dh-target,KXBTC15M-26MAY191015-15,2026-05-19T14:15:00Z,7.0,76816.71,76720.02,0.36,0.125871,0.31,0.32,0.01,0.315,no,0.0,30.4927,12.3341,9.9052,no,0.0919,1.879634,1.351891,20.5875,0.74,28,cc9b1363-a764-463a-8d6d-ec72f3e59ecb,ok,no,28,1,0.26,7.28,0.5096,6.7704,20.72,0.69,0.685,0.050000000000000044,0.05499999999999994,0.014999999999999902,0.0919,0.8319,0.26,5-10c,>12bp
2026-05-19T14:00:00+00:00,dh-target,KXBTC15M-26MAY191015-15,2026-05-19T14:15:00Z,8.0,76816.71,76660.74,0.15,0.203042,0.16,0.17,0.01,0.165,no,0.0,38.8475,12.3341,30.4927,no,0.055,2.661114,1.216518,8.3548,0.89,9,f169e611-36b6-44fc-8cb9-5f618f8754c0,ok,no,9,1,0.10999999999999999,0.9899999999999999,0.0693,0.9206999999999999,8.01,0.84,0.835,0.050000000000000044,0.05500000000000005,0.015000000000000013,0.055,0.9450000000000001,0.10999999999999999,5-10c,>12bp
2026-05-19T14:00:00+00:00,dh-target,KXBTC15M-26MAY191015-15,2026-05-19T14:15:00Z,10.0,76816.71,76652.87,0.29,0.213287,0.097,0.11,0.013,0.1035,no,0.0,50.0588,12.3341,38.8475,no,0.0058,2.717998,1.023196,11.2113,0.953,12,ac9abc75-7fec-46d8-ada5-ff5c2cffb3fc,ok,no,12,1,0.04700000000000004,0.5640000000000005,0.03948000000000004,0.5245200000000004,11.436,0.903,0.8965,0.04999999999999993,0.056499999999999995,0.01649999999999996,0.0058,0.9588,0.04700000000000004,0-5c,>12bp
2026-05-19T14:15:00+00:00,dh-target,KXBTC15M-26MAY191030-30,2026-05-19T14:30:00Z,4.0,76581.69,76442.01,0.14,0.182393,0.26,0.27,0.01,0.265,no,0.0,12.6648,0.0,0.0,no,-0.0406,2.515809,0.839013,12.6648,0.79,16,efdf9287-2c56-4c52-ab69-1ada03caa1d8,ok,no,16,1,0.20999999999999996,3.3599999999999994,0.2352,3.1247999999999996,12.64,0.74,0.735,0.050000000000000044,0.05500000000000005,0.015000000000000013,-0.0406,0.7494000000000001,0.20999999999999996,<0,>12bp
2026-05-19T14:15:00+00:00,dh-target,KXBTC15M-26MAY191030-30,2026-05-19T14:30:00Z,5.0,76581.69,76396.85,0.21,0.241363,0.16,0.18,0.02,0.17,no,0.0,17.0352,0.0,12.6648,no,0.0006,2.832394,1.0024,4.3704,0.89,5,78398ed7-0d90-4d16-b520-f4a39615a08e,ok,no,5,1,0.10999999999999999,0.5499999999999999,0.0385,0.5115,4.45,0.84,0.83,0.050000000000000044,0.06000000000000005,0.020000000000000018,0.0006,0.8906000000000001,0.10999999999999999,0-5c,>12bp
2026-05-19T14:30:00+00:00,dh-target,KXBTC15M-26MAY191045-45,2026-05-19T14:45:00Z,4.0,76395.13,76316.56,0.21,0.102847,0.33,0.34,0.01,0.335,no,0.0,10.3397,0.0,0.0,no,0.0294,1.542692,1.117061,10.3397,0.72,14,3a5d4890-fe75-4047-9c93-990c9645503d,ok,yes,14,0,-0.72,-10.08,0.0,-10.08,10.08,0.6699999999999999,0.665,0.050000000000000044,0.05499999999999994,0.014999999999999902,0.0294,0.7494,-0.72,0-5c,6-12bp
2026-05-19T14:30:00+00:00,dh-target,KXBTC15M-26MAY191045-45,2026-05-19T14:45:00Z,4.5,76395.13,76261.76,0.25,0.174579,0.25,0.26,0.01,0.255,no,0.0,11.7596,0.0,10.3397,no,-0.0506,2.448948,0.800319,1.42,0.8,2,085b30ed-e95f-401c-9434-79b25fae159e,ok,yes,2,0,-0.8,-1.6,0.0,-1.6,1.6,0.75,0.745,0.050000000000000044,0.05500000000000005,0.015000000000000013,-0.0506,0.7494000000000001,-0.8,<0,>12bp
2026-05-19T14:30:00+00:00,dh-target,KXBTC15M-26MAY191045-45,2026-05-19T14:45:00Z,5.0,76395.13,76204.64,0.35,0.249348,0.14,0.15,0.01,0.145,no,0.0,15.8086,0.0,11.7596,no,-0.0194,2.855946,0.922555,4.049,0.91,4,c6f38691-5b61-4a26-96e1-73c3297862c9,ok,yes,4,0,-0.91,-3.64,0.0,-3.64,3.64,0.86,0.855,0.050000000000000044,0.05500000000000005,0.015000000000000013,-0.0194,0.8906000000000001,-0.91,<0,>12bp
2026-05-19T14:30:00+00:00,dh-target,KXBTC15M-26MAY191045-45,2026-05-19T14:45:00Z,7.0,76395.13,76287.96,0.36,0.140284,0.22,0.23,0.01,0.225,no,0.0,25.0719,0.0,15.8086,no,0.0019,2.073562,1.0076,9.2632,0.83,11,5326a011-a97a-454f-9a89-d45d131e160b,ok,yes,11,0,-0.83,-9.129999999999999,0.0,-9.129999999999999,9.129999999999999,0.78,0.775,0.04999999999999993,0.05499999999999994,0.014999999999999902,0.0019,0.8319,-0.83,0-5c,>12bp
2026-05-19T14:30:00+00:00,dh-target,KXBTC15M-26MAY191045-45,2026-05-19T14:45:00Z,9.5,76395.13,76397.96,0.13,0.003704,0.58,0.59,0.01,0.585,yes,4.2702,0.0,0.0,25.0719,yes,-0.0169,0.381611,0.932503,4.2702,0.64,7,fe8e3659-bd15-4db9-9894-f32299842a19,ok,yes,7,1,0.36,2.52,0.1764,2.3436,4.48,0.59,0.585,0.050000000000000044,0.05500000000000005,0.015000000000000013,-0.0169,0.6231,0.36,<0,<3bp
2026-05-19T14:30:00+00:00,dh-target,KXBTC15M-26MAY191045-45,2026-05-19T14:45:00Z,10.0,76395.13,76399.12,0.4,0.005223,0.55,0.56,0.01,0.555,yes,7.4336,0.0,4.2702,25.0719,yes,0.0135,0.391841,1.053948,3.1634,0.61,5,a51ba500-d530-4a62-927d-cca43a5d35d5,ok,yes,5,1,0.39,1.9500000000000002,0.1365,1.8135000000000001,3.05,0.56,0.555,0.04999999999999993,0.05499999999999994,0.014999999999999902,0.0135,0.6234999999999999,0.39,0-5c,<3bp
2026-05-19T14:30:00+00:00,dh-target,KXBTC15M-26MAY191045-45,2026-05-19T14:45:00Z,10.0,76395.13,76399.12,0.4,0.005223,0.55,0.56,0.01,0.555,yes,7.4336,0.0,7.4336,25.0719,yes-hedge,0.0135,0.391841,1.053948,12.1313,0.61,20,ba8d79c1-7174-4987-99a3-36c015ebd8bb,ok,yes,20,0,-0.61,-12.2,0.0,-12.2,12.2,0.44999999999999996,0.44499999999999995,0.16000000000000003,0.16500000000000004,0.12500000000000006,0.0135,0.6234999999999999,-0.61,0-5c,<3bp
2026-05-19T14:45:00+00:00,dh-target,KXBTC15M-26MAY191100-00,2026-05-19T15:00:00Z,4.0,76418.29,76148.01,0.03,0.353685,0.098,0.1,0.002,0.099,no,0.0,11.2822,0.0,0.0,no,-0.0969,2.981339,0.630711,11.2822,0.952,12,89b5ad0f-f72c-48c9-ae7e-745bb1ac8253,ok,no,12,1,0.04800000000000004,0.5760000000000005,0.040320000000000036,0.5356800000000005,11.424,0.902,0.901,0.04999999999999993,0.050999999999999934,0.010999999999999899,-0.0969,0.8551,0.04800000000000004,<0,>12bp
2026-05-19T14:45:00+00:00,dh-target,KXBTC15M-26MAY191100-00,2026-05-19T15:00:00Z,5.0,76418.29,76186.72,0.23,0.30303,0.096,0.097,0.001,0.0965,no,0.0,13.3013,0.0,11.2822,no,-0.0634,2.94916,0.7517,2.0191,0.954,2,c9f05182-8384-4a8a-9bd5-f93db8a0e959,ok,no,2,1,0.04600000000000004,0.09200000000000008,0.0064400000000000065,0.08556000000000008,1.908,0.904,0.9035,0.04999999999999993,0.05049999999999999,0.010499999999999954,-0.0634,0.8906,0.04600000000000004,<0,>12bp
2026-05-19T14:45:00+00:00,dh-target,KXBTC15M-26MAY191100-00,2026-05-19T15:00:00Z,7.0,76418.29,76226.19,0.14,0.25138,0.093,0.098,0.005,0.0955,no,0.0,29.2516,0.0,13.3013,no,-0.0373,2.861416,0.851897,15.9503,0.957,17,40cb6c3d-a4c3-4f44-bdd8-2fc711a4b75a,ok,no,17,1,0.04300000000000004,0.7310000000000006,0.051170000000000056,0.6798300000000006,16.269,0.907,0.9045,0.04999999999999993,0.05249999999999999,0.012499999999999956,-0.0373,0.9197,0.04300000000000004,<0,>12bp
2026-05-19T15:00:00+00:00,dh-target,KXBTC15M-26MAY191115-15,2026-05-19T15:15:00Z,4.0,76322.78,76402.16,0.06,0.104006,0.73,0.75,0.02,0.74,yes,7.4912,0.0,0.0,0.0,yes,-0.0506,1.560053,0.800319,7.4912,0.8,9,4681d842-c8d7-45e2-b6c0-af8c81da0104,ok,yes,9,1,0.19999999999999996,1.7999999999999996,0.126,1.6739999999999995,7.2,0.75,0.74,0.050000000000000044,0.06000000000000005,0.020000000000000018,-0.0506,0.7494000000000001,0.19999999999999996,<0,6-12bp
2026-05-19T15:00:00+00:00,dh-target,KXBTC15M-26MAY191115-15,2026-05-19T15:15:00Z,7.0,76322.78,76468.39,0.13,0.190782,0.89,0.9,0.01,0.895,yes,17.3342,0.0,7.4912,0.0,yes,-0.1181,2.580125,0.559864,9.843,0.95,10,b4fb77be-2033-4b55-a52e-94e04aeb48a6,ok,yes,10,1,0.050000000000000044,0.5000000000000004,0.03500000000000004,0.4650000000000004,9.5,0.9,0.895,0.04999999999999993,0.05499999999999994,0.014999999999999902,-0.1181,0.8319,0.050000000000000044,<0,>12bp
2026-05-19T15:15:00+00:00,dh-target,KXBTC15M-26MAY191130-30,2026-05-19T15:30:00Z,4.0,76518.2,76564.04,0.35,0.059907,0.7,0.71,0.01,0.705,yes,3.5036,0.0,0.0,0.0,yes,-0.0975,0.928887,0.62864,3.5036,0.76,5,e41b62db-daf5-49a9-aba8-358f9c7de5dc,ok,no,5,0,-0.76,-3.8,0.0,-3.8,3.8,0.71,0.705,0.050000000000000044,0.05500000000000005,0.015000000000000013,-0.0975,0.6625,-0.76,<0,3-6bp
2026-05-19T15:15:00+00:00,dh-target,KXBTC15M-26MAY191130-30,2026-05-19T15:30:00Z,5.0,76518.2,76475.0,0.04,0.056457,0.46,0.47,0.01,0.465,no,0.0,7.6061,3.5036,0.0,no,0.1156,0.885228,1.432038,7.6061,0.59,13,aecfd49f-7747-463f-aede-93622d97fb74,ok,no,13,1,0.41000000000000003,5.33,0.37310000000000004,4.9569,7.67,0.54,0.5349999999999999,0.04999999999999993,0.05500000000000005,0.015000000000000013,0.1156,0.7056,0.41000000000000003,10-20c,3-6bp
2026-05-19T15:15:00+00:00,dh-target,KXBTC15M-26MAY191130-30,2026-05-19T15:30:00Z,6.0,76518.2,76438.04,0.06,0.104759,0.28,0.29,0.01,0.285,no,0.0,10.898,3.5036,7.6061,no,0.0393,1.571337,1.155918,3.2919,0.77,4,2e7ddf46-b637-4ec3-ba92-438021f2f29a,ok,no,4,1,0.22999999999999998,0.9199999999999999,0.0644,0.8555999999999999,3.08,0.72,0.7150000000000001,0.050000000000000044,0.05499999999999994,0.014999999999999902,0.0393,0.8093,0.22999999999999998,0-5c,6-12bp
2026-05-19T15:15:00+00:00,dh-target,KXBTC15M-26MAY191130-30,2026-05-19T15:30:00Z,7.0,76518.2,76451.25,0.35,0.087496,0.28,0.29,0.01,0.285,no,0.0,13.1193,3.5036,10.898,no,-0.0423,1.313404,0.832396,2.2213,0.77,3,540460a0-5948-439b-967b-f562414a1201,ok,no,3,1,0.22999999999999998,0.69,0.048299999999999996,0.6416999999999999,2.31,0.72,0.7150000000000001,0.050000000000000044,0.05499999999999994,0.014999999999999902,-0.0423,0.7277,0.22999999999999998,<0,6-12bp
2026-05-19T15:15:00+00:00,dh-target,KXBTC15M-26MAY191130-30,2026-05-19T15:30:00Z,8.0,76518.2,76435.89,0.14,0.107569,0.19,0.2,0.01,0.195,no,0.0,18.1225,3.5036,13.1193,no,-0.016,1.613321,0.936087,5.0032,0.86,6,cf1c4c70-dcf5-4da9-adfb-14398ad0b22c,ok,no,6,1,0.14,0.8400000000000001,0.058800000000000005,0.7812000000000001,5.16,0.81,0.8049999999999999,0.04999999999999993,0.05500000000000005,0.015000000000000013,-0.016,0.844,0.14,<0,6-12bp
2026-05-19T15:15:00+00:00,dh-target,KXBTC15M-26MAY191130-30,2026-05-19T15:30:00Z,9.0,76518.2,76408.5,0.15,0.143365,0.11,0.12,0.01,0.115,no,0.0,19.7362,3.5036,18.1225,no,-0.0563,2.112546,0.778531,1.6137,0.94,2,ec73f65b-783d-4aaa-8d00-9de3d1681bcb,ok,no,2,1,0.06000000000000005,0.1200000000000001,0.008400000000000008,0.1116000000000001,1.88,0.89,0.885,0.04999999999999993,0.05499999999999994,0.014999999999999902,-0.0563,0.8836999999999999,0.06000000000000005,<0,>12bp
2026-05-19T15:15:00+00:00,dh-target,KXBTC15M-26MAY191130-30,2026-05-19T15:30:00Z,10.5,76518.2,76418.93,0.18,0.129734,0.088,0.095,0.007,0.0915,no,0.0,27.4508,3.5036,19.7362,no,-0.0536,1.933313,0.788826,7.7146,0.962,8,43d0c2b6-5116-42ea-a852-ea212ab60d9d,ok,no,8,1,0.038000000000000034,0.30400000000000027,0.02128000000000002,0.28272000000000025,7.696,0.912,0.9085,0.04999999999999993,0.05349999999999999,0.013499999999999956,-0.0536,0.9084,0.038000000000000034,<0,>12bp
2026-05-19T15:30:00+00:00,dh-target,KXBTC15M-26MAY191145-45,2026-05-19T15:45:00Z,4.0,76424.84,76523.94,0.07,0.12967,0.81,0.82,0.01,0.815,yes,6.3983,0.0,0.0,0.0,yes,-0.1206,1.932433,0.551836,6.3983,0.87,7,fec4ec73-f3ec-450e-a40e-06bf9cf2d445,ok,yes,7,1,0.13,0.91,0.0637,0.8463,6.09,0.82,0.815,0.050000000000000044,0.05500000000000005,0.015000000000000013,-0.1206,0.7494,0.13,<0,>12bp
2026-05-19T15:30:00+00:00,dh-target,KXBTC15M-26MAY191145-45,2026-05-19T15:45:00Z,5.5,76424.84,76413.25,0.23,0.015165,0.52,0.53,0.01,0.525,no,0.0,3.3929,6.3983,0.0,no,0.0551,0.464692,1.216899,3.3929,0.53,6,8cee4182-a627-4fe0-ac63-e3fb9364e3ed,ok,yes,6,0,-0.53,-3.18,0.0,-3.18,3.18,0.48,0.475,0.050000000000000044,0.05500000000000005,0.015000000000000013,0.0551,0.5851000000000001,-0.53,5-10c,<3bp
2026-05-19T15:30:00+00:00,dh-target,KXBTC15M-26MAY191145-45,2026-05-19T15:45:00Z,7.0,76424.84,76469.96,0.11,0.059038,0.73,0.74,0.01,0.735,yes,8.3243,0.0,6.3983,3.3929,yes,-0.0623,0.91778,0.755833,1.9259,0.79,2,50806d3a-cd82-47c9-80e0-fd1a7df97699,ok,yes,2,1,0.20999999999999996,0.41999999999999993,0.0294,0.39059999999999995,1.58,0.74,0.735,0.050000000000000044,0.05500000000000005,0.015000000000000013,-0.0623,0.7277,0.20999999999999996,<0,3-6bp
2026-05-19T15:30:00+00:00,dh-target,KXBTC15M-26MAY191145-45,2026-05-19T15:45:00Z,7.5,76424.84,76508.24,0.45,0.109127,0.85,0.86,0.01,0.855,yes,13.6954,0.0,8.3243,3.3929,yes,-0.0781,1.636523,0.697381,5.3711,0.91,6,b0bfe98a-28f7-48c1-9554-0ac4e1b94680,ok,yes,6,1,0.08999999999999997,0.5399999999999998,0.037799999999999986,0.5021999999999999,5.46,0.86,0.855,0.050000000000000044,0.05500000000000005,0.015000000000000013,-0.0781,0.8319000000000001,0.08999999999999997,<0,6-12bp
2026-05-19T15:30:00+00:00,dh-target,KXBTC15M-26MAY191145-45,2026-05-19T15:45:00Z,9.0,76424.84,76513.78,1.44,0.116376,0.905,0.909,0.004,0.907,yes,14.8039,0.0,13.6954,3.3929,yes,-0.0753,1.743464,0.70759,1.1085,0.959,1,e976b59a-2f45-48f5-862b-88b4a83598ae,ok,yes,1,1,0.041000000000000036,0.041000000000000036,0.0028700000000000028,0.03813000000000003,0.959,0.909,0.907,0.04999999999999993,0.051999999999999935,0.0119999999999999,-0.0753,0.8836999999999999,0.041000000000000036,<0,6-12bp
2026-05-19T15:30:00+00:00,dh-target,KXBTC15M-26MAY191145-45,2026-05-19T15:45:00Z,12.0,76424.84,76391.27,0.02,0.043926,0.36,0.38,0.02,0.37,no,0.0,12.0944,14.8039,3.3929,no,-0.0222,0.737205,0.911433,8.7015,0.69,13,843adecf-9707-48b9-ae7b-d3800423e077,ok,yes,13,0,-0.69,-8.969999999999999,0.0,-8.969999999999999,8.969999999999999,0.64,0.63,0.04999999999999993,0.05999999999999994,0.019999999999999907,-0.0222,0.6678,-0.69,<0,3-6bp
2026-05-19T15:30:00+00:00,dh-target,KXBTC15M-26MAY191145-45,2026-05-19T15:45:00Z,13.0,76424.84,76432.05,0.13,0.009434,0.69,0.7,0.01,0.695,yes,5.8425,0.0,14.8039,12.0944,yes-hedge,-0.0585,0.421437,0.770179,1.6216,0.75,2,ce64364a-8456-43b3-9801-de1c55ea6b1f,ok,yes,2,0,-0.75,-1.5,0.0,-1.5,1.5,0.31000000000000005,0.30500000000000005,0.43999999999999995,0.44499999999999995,0.40499999999999997,-0.0585,0.6915,-0.75,<0,<3bp
2026-05-19T15:45:00+00:00,dh-target,KXBTC15M-26MAY191200-00,2026-05-19T16:00:00Z,4.0,76427.43,76403.74,0.22,0.030997,0.45,0.46,0.01,0.455,no,0.0,3.1631,0.0,0.0,no,-0.0316,0.602995,0.874269,3.1631,0.6,5,422e0ed4-a54f-4b77-bc4b-c2a7b8fc8fac,ok,yes,5,0,-0.6,-3.0,0.0,-3.0,3.0,0.55,0.5449999999999999,0.04999999999999993,0.05500000000000005,0.015000000000000013,-0.0316,0.5684,-0.6,<0,3-6bp
2026-05-19T15:45:00+00:00,dh-target,KXBTC15M-26MAY191200-00,2026-05-19T16:00:00Z,4.5,76427.43,76436.48,0.23,0.011841,0.59,0.6,0.01,0.595,yes,1.8043,0.0,0.0,3.1631,yes,-0.0816,0.43918,0.684718,1.8043,0.65,3,e0e0ba06-8a70-48a3-975b-d0a794ef266c,ok,yes,3,1,0.35,1.0499999999999998,0.07350000000000001,0.9764999999999998,1.9500000000000002,0.6,0.595,0.050000000000000044,0.05500000000000005,0.015000000000000013,-0.0816,0.5684,0.35,<0,<3bp
2026-05-19T15:45:00+00:00,dh-target,KXBTC15M-26MAY191200-00,2026-05-19T16:00:00Z,7.0,76427.43,76446.68,0.19,0.025187,0.65,0.66,0.01,0.655,yes,4.0061,0.0,1.8043,3.1631,yes,-0.1035,0.548955,0.608136,2.2018,0.71,3,52d876ef-5ae7-4169-81cd-2b6382457760,ok,yes,3,1,0.29000000000000004,0.8700000000000001,0.06090000000000002,0.8091,2.13,0.66,0.655,0.04999999999999993,0.05499999999999994,0.014999999999999902,-0.1035,0.6064999999999999,0.29000000000000004,<0,<3bp
2026-05-19T15:45:00+00:00,dh-target,KXBTC15M-26MAY191200-00,2026-05-19T16:00:00Z,7.5,76427.43,76475.15,0.4,0.062438,0.76,0.77,0.01,0.765,yes,7.4629,0.0,4.0061,3.1631,yes,-0.0923,0.961658,0.646708,3.4569,0.82,4,c18748d8-1685-4b92-ae07-e3873bb7bed7,ok,yes,4,1,0.18000000000000005,0.7200000000000002,0.05040000000000002,0.6696000000000002,3.28,0.77,0.765,0.04999999999999993,0.05499999999999994,0.014999999999999902,-0.0923,0.7277,0.18000000000000005,<0,6-12bp
2026-05-19T15:45:00+00:00,dh-target,KXBTC15M-26MAY191200-00,2026-05-19T16:00:00Z,11.0,76427.43,76405.28,0.02,0.028982,0.43,0.45,0.02,0.44,no,0.0,11.3225,7.4629,3.1631,no,0.0194,0.583813,1.077445,8.1594,0.62,13,26ed44be-4f12-44a7-8f79-00d2673823cf,ok,yes,13,0,-0.62,-8.06,0.0,-8.06,8.06,0.5700000000000001,0.56,0.04999999999999993,0.05999999999999994,0.019999999999999907,0.0194,0.6394,-0.62,0-5c,<3bp
2026-05-19T15:45:00+00:00,dh-target,KXBTC15M-26MAY191200-00,2026-05-19T16:00:00Z,12.0,76427.43,76413.51,0.23,0.018213,0.55,0.56,0.01,0.555,no,0.0,13.9619,7.4629,11.3225,no,0.1678,0.48914,1.585769,2.6394,0.5,5,f5fbbbee-ca4d-4a6b-8c36-5a2055f593b7,ok,yes,5,0,-0.5,-2.5,0.0,-2.5,2.5,0.44999999999999996,0.44499999999999995,0.050000000000000044,0.05500000000000005,0.015000000000000069,0.1678,0.6678,-0.5,10-20c,<3bp
2026-05-19T16:00:00+00:00,dh-target,KXBTC15M-26MAY191215-15,2026-05-19T16:15:00Z,4.0,76440.63,76474.03,0.01,0.043694,0.66,0.67,0.01,0.665,yes,2.0206,0.0,0.0,0.0,yes,-0.1516,0.734634,0.458412,2.0206,0.72,3,a99abc4b-5386-4ef6-acd5-9722ad94c270,ok,no,3,0,-0.72,-2.16,0.0,-2.16,2.16,0.67,0.665,0.04999999999999993,0.05499999999999994,0.014999999999999902,-0.1516,0.5684,-0.72,<0,3-6bp
2026-05-19T16:00:00+00:00,dh-target,KXBTC15M-26MAY191215-15,2026-05-19T16:15:00Z,5.5,76440.63,76420.94,0.5,0.025759,0.43,0.44,0.01,0.435,no,0.0,2.8635,2.0206,0.0,no,-0.0349,0.554097,0.8613,2.8635,0.62,5,e2b55f30-0713-4bc4-a156-0ddcd2f23be8,ok,no,5,1,0.38,1.9,0.133,1.767,3.1,0.5700000000000001,0.565,0.04999999999999993,0.05500000000000005,0.015000000000000013,-0.0349,0.5851,0.38,<0,<3bp
2026-05-19T16:00:00+00:00,dh-target,KXBTC15M-26MAY191215-15,2026-05-19T16:15:00Z,7.0,76440.63,76391.99,0.56,0.063631,0.33,0.34,0.01,0.335,no,0.0,12.0888,2.0206,2.8635,no,0.0077,0.977311,1.03079,9.2254,0.72,13,3d4781b1-2615-45a7-badf-7652726a47ff,ok,no,13,1,0.28,3.6400000000000006,0.2548,3.3852000000000007,9.36,0.6699999999999999,0.665,0.050000000000000044,0.05499999999999994,0.014999999999999902,0.0077,0.7277,0.28,0-5c,6-12bp
2026-05-19T16:00:00+00:00,dh-target,KXBTC15M-26MAY191215-15,2026-05-19T16:15:00Z,8.0,76440.63,76445.93,0.43,0.006933,0.62,0.63,0.01,0.625,yes,3.4238,0.0,2.0206,12.0888,yes,-0.0755,0.403644,0.706858,1.4032,0.68,2,4f3c1907-e5fd-4fce-89c2-c2ccb0856f60,ok,no,2,0,-0.68,-1.36,0.0,-1.36,1.36,0.63,0.625,0.050000000000000044,0.05500000000000005,0.015000000000000013,-0.0755,0.6045,-0.68,<0,<3bp
2026-05-19T16:00:00+00:00,dh-target,KXBTC15M-26MAY191215-15,2026-05-19T16:15:00Z,10.0,76440.63,76343.93,0.06,0.126503,0.14,0.15,0.01,0.145,no,0.0,33.7754,3.4238,12.0888,no,-0.0016,1.888497,0.9936,21.6866,0.91,24,15573e90-7f6a-4ade-973d-2ba8dd9f8eb0,ok,no,24,1,0.08999999999999997,2.1599999999999993,0.15119999999999995,2.0087999999999995,21.84,0.86,0.855,0.050000000000000044,0.05500000000000005,0.015000000000000013,-0.0016,0.9084,0.08999999999999997,<0,>12bp
2026-05-19T16:15:00+00:00,dh-target,KXBTC15M-26MAY191230-30,2026-05-19T16:30:00Z,4.0,76392.43,76455.78,0.51,0.082927,0.74,0.75,0.01,0.745,yes,3.7352,0.0,0.0,0.0,yes,-0.1375,1.246366,0.49948,3.7352,0.8,5,c0b865d9-f5ee-4d3a-8233-f5aaaa6844d7,ok,yes,5,1,0.19999999999999996,0.9999999999999998,0.06999999999999999,0.9299999999999998,4.0,0.75,0.745,0.050000000000000044,0.05500000000000005,0.015000000000000013,-0.1375,0.6625000000000001,0.19999999999999996,<0,6-12bp
2026-05-19T16:15:00+00:00,dh-target,KXBTC15M-26MAY191230-30,2026-05-19T16:30:00Z,6.0,76392.43,76500.61,0.06,0.141611,0.86,0.87,0.01,0.865,yes,7.3255,0.0,3.7352,0.0,yes,-0.1107,2.090471,0.584037,3.5903,0.92,4,28312ba5-da9f-43bd-abd3-fecb33363440,ok,yes,4,1,0.07999999999999996,0.31999999999999984,0.02239999999999999,0.29759999999999986,3.68,0.87,0.865,0.050000000000000044,0.05500000000000005,0.015000000000000013,-0.1107,0.8093,0.07999999999999996,<0,>12bp
2026-05-19T16:15:00+00:00,dh-target,KXBTC15M-26MAY191230-30,2026-05-19T16:30:00Z,7.0,76392.43,76472.83,0.6,0.105246,0.84,0.85,0.01,0.845,yes,13.9072,0.0,7.3255,0.0,yes,-0.0681,1.578618,0.734143,6.5817,0.9,7,f279b9bb-5747-4463-8cdb-0732491ec509,ok,yes,7,1,0.09999999999999998,0.6999999999999998,0.048999999999999995,0.6509999999999998,6.3,0.85,0.845,0.050000000000000044,0.05500000000000005,0.015000000000000013,-0.0681,0.8319000000000001,0.09999999999999998,<0,6-12bp
2026-05-19T16:30:00+00:00,dh-target,KXBTC15M-26MAY191245-45,2026-05-19T16:45:00Z,4.0,76544.23,76610.0,0.04,0.085924,0.74,0.75,0.01,0.745,yes,3.8667,0.0,0.0,0.0,yes,-0.1375,1.290246,0.49948,3.8667,0.8,5,cca089e7-8655-4329-bc75-d8b2bbfca512,ok,yes,5,1,0.19999999999999996,0.9999999999999998,0.06999999999999999,0.9299999999999998,4.0,0.75,0.745,0.050000000000000044,0.05500000000000005,0.015000000000000013,-0.1375,0.6625000000000001,0.19999999999999996,<0,6-12bp
2026-05-19T16:30:00+00:00,dh-target,KXBTC15M-26MAY191245-45,2026-05-19T16:45:00Z,4.5,76544.23,76719.66,0.31,0.229188,0.89,0.9,0.01,0.895,yes,10.6719,0.0,3.8667,0.0,yes,-0.0949,2.789426,0.63764,6.8052,0.95,7,a75b76e9-570f-4f0d-a852-d9a0417ef950,ok,yes,7,1,0.050000000000000044,0.3500000000000003,0.024500000000000025,0.3255000000000003,6.6499999999999995,0.9,0.895,0.04999999999999993,0.05499999999999994,0.014999999999999902,-0.0949,0.8551,0.050000000000000044,<0,>12bp
2026-05-19T16:30:00+00:00,dh-target,KXBTC15M-26MAY191245-45,2026-05-19T16:45:00Z,7.0,76544.23,76624.13,1.17,0.104384,0.81,0.82,0.01,0.815,yes,15.9472,0.0,10.6719,0.0,yes,-0.0381,1.565719,0.848769,5.2753,0.87,6,eac00473-2c89-4671-97f4-98e350fe8757,ok,yes,6,1,0.13,0.78,0.0546,0.7254,5.22,0.82,0.815,0.050000000000000044,0.05500000000000005,0.015000000000000013,-0.0381,0.8319,0.13,<0,6-12bp
2026-05-19T16:45:00+00:00,dh-target,KXBTC15M-26MAY191300-00,2026-05-19T17:00:00Z,4.0,76708.93,76702.58,0.14,0.008278,0.51,0.52,0.01,0.515,no,0.0,2.7592,0.0,0.0,no,0.0284,0.413131,1.113114,2.7592,0.54,5,15c45a4f-4a71-47bc-add6-6deb1daeadb9,ok,yes,5,0,-0.54,-2.7,0.0,-2.7,2.7,0.49,0.485,0.050000000000000044,0.05500000000000005,0.015000000000000013,0.0284,0.5684,-0.54,0-5c,<3bp
2026-05-19T16:45:00+00:00,dh-target,KXBTC15M-26MAY191300-00,2026-05-19T17:00:00Z,4.5,76708.93,76726.12,0.21,0.022409,0.57,0.58,0.01,0.575,yes,2.3868,0.0,0.0,2.7592,yes,-0.0616,0.524474,0.758468,2.3868,0.63,4,dbc4f03d-f247-4d5a-ae85-d2b30e2f2d44,ok,yes,4,1,0.37,1.48,0.10360000000000001,1.3764,2.52,0.58,0.575,0.050000000000000044,0.05500000000000005,0.015000000000000013,-0.0616,0.5684,0.37,<0,<3bp
2026-05-19T16:45:00+00:00,dh-target,KXBTC15M-26MAY191300-00,2026-05-19T17:00:00Z,6.5,76708.93,76748.01,0.76,0.050946,0.73,0.74,0.01,0.735,yes,3.5869,0.0,2.3868,2.7592,yes,-0.069,0.818031,0.730801,1.2001,0.79,2,682b9cf6-487d-41e5-bd7e-a5d97506f954,ok,yes,2,1,0.20999999999999996,0.41999999999999993,0.0294,0.39059999999999995,1.58,0.74,0.735,0.050000000000000044,0.05500000000000005,0.015000000000000013,-0.069,0.7210000000000001,0.20999999999999996,<0,3-6bp
2026-05-19T16:45:00+00:00,dh-target,KXBTC15M-26MAY191300-00,2026-05-19T17:00:00Z,7.0,76708.93,76768.13,0.14,0.077175,0.8,0.81,0.01,0.805,yes,7.1933,0.0,3.5869,2.7592,yes,-0.1323,1.163447,0.515231,3.6064,0.86,4,1fe07e12-c4f6-4b29-9284-bda563114df7,ok,yes,4,1,0.14,0.56,0.039200000000000006,0.5208,3.44,0.81,0.805,0.04999999999999993,0.05499999999999994,0.014999999999999902,-0.1323,0.7277,0.14,<0,6-12bp
2026-05-19T16:45:00+00:00,dh-target,KXBTC15M-26MAY191300-00,2026-05-19T17:00:00Z,7.5,76708.93,76795.95,0.47,0.113442,0.87,0.88,0.01,0.875,yes,12.7853,0.0,7.1933,2.7592,yes,-0.0981,1.700422,0.626573,5.5919,0.93,6,95a093bf-fe47-4f1c-bb7e-3461a002d59e,ok,yes,6,1,0.06999999999999995,0.4199999999999997,0.02939999999999998,0.3905999999999997,5.58,0.88,0.875,0.050000000000000044,0.05500000000000005,0.015000000000000013,-0.0981,0.8319000000000001,0.06999999999999995,<0,6-12bp
2026-05-19T16:45:00+00:00,dh-target,KXBTC15M-26MAY191300-00,2026-05-19T17:00:00Z,8.0,76708.93,76820.85,0.14,0.145902,0.907,0.909,0.002,0.908,yes,14.6623,0.0,12.7853,2.7592,yes,-0.115,2.14393,0.569916,1.8771,0.959,2,3cf4507e-7c25-409e-9131-f20d5d3ccfb4,ok,yes,2,1,0.041000000000000036,0.08200000000000007,0.0057400000000000055,0.07626000000000006,1.918,0.909,0.908,0.04999999999999993,0.050999999999999934,0.010999999999999899,-0.115,0.844,0.041000000000000036,<0,>12bp
2026-05-19T17:00:00+00:00,dh-target,KXBTC15M-26MAY191315-15,2026-05-19T17:15:00Z,4.0,76831.71,76866.01,0.02,0.044643,0.62,0.63,0.01,0.625,yes,2.5981,0.0,0.0,0.0,yes,-0.1116,0.745214,0.581065,2.5981,0.68,4,5182a4e7-e681-48ab-9c6c-e24ca86b5756,ok,unknown,4,0,-0.68,-2.72,0.0,-2.72,2.72,0.63,0.625,0.050000000000000044,0.05500000000000005,0.015000000000000013,-0.1116,0.5684,-0.68,<0,3-6bp
2026-05-19T17:00:00+00:00,dh-target,KXBTC15M-26MAY191315-15,2026-05-19T17:15:00Z,4.5,76831.71,76878.01,0.0,0.060262,0.68,0.69,0.01,0.685,yes,3.918,0.0,2.5981,0.0,yes,-0.0775,0.933437,0.699563,1.3199,0.74,2,26e46f9e-bb3e-49a8-ae4b-481c6046bddc,ok,unknown,2,0,-0.74,-1.48,0.0,-1.48,1.48,0.69,0.685,0.050000000000000044,0.05499999999999994,0.014999999999999902,-0.0775,0.6625,-0.74,<0,6-12bp
2026-05-19T17:00:00+00:00,dh-target,KXBTC15M-26MAY191315-15,2026-05-19T17:15:00Z,10.0,76831.71,76835.81,0.16,0.005336,0.54,0.55,0.01,0.545,yes,7.7294,0.0,3.918,0.0,yes,0.0235,0.392615,1.093724,3.8114,0.6,6,f68651be-0081-4ec7-9ea8-b5ed7c69a33e,ok,unknown,6,0,-0.6,-3.5999999999999996,0.0,-3.5999999999999996,3.5999999999999996,0.55,0.545,0.04999999999999993,0.05499999999999994,0.014999999999999902,0.0235,0.6234999999999999,-0.6,0-5c,<3bp
2026-05-19T17:15:00+00:00,dh-target,KXBTC15M-26MAY191330-30,2026-05-19T17:30:00Z,4.0,76877.45,76908.83,0.66,0.040818,0.66,0.67,0.01,0.665,yes,1.9341,0.0,0.0,0.0,yes,-0.1516,0.703197,0.458412,1.9341,0.72,3,3bcb8a31-82d5-4176-aeca-3c144dfe96b6,ok,no,3,0,-0.72,-2.16,0.0,-2.16,2.16,0.67,0.665,0.04999999999999993,0.05499999999999994,0.014999999999999902,-0.1516,0.5684,-0.72,<0,3-6bp
2026-05-19T17:15:00+00:00,dh-target,KXBTC15M-26MAY191330-30,2026-05-19T17:30:00Z,5.0,76877.45,76943.61,0.07,0.086059,0.79,0.8,0.01,0.795,yes,3.7145,0.0,1.9341,0.0,yes,-0.1444,1.29223,0.479081,1.7804,0.85,2,ba10268d-1a8e-4288-8372-be6d0caaadd6,ok,no,2,0,-0.85,-1.7,0.0,-1.7,1.7,0.8,0.795,0.04999999999999993,0.05499999999999994,0.014999999999999902,-0.1444,0.7056,-0.85,<0,6-12bp
2026-05-19T17:15:00+00:00,dh-target,KXBTC15M-26MAY191330-30,2026-05-19T17:30:00Z,7.0,76877.45,76933.48,0.62,0.072882,0.82,0.83,0.01,0.825,yes,6.0409,0.0,3.7145,0.0,yes,-0.1523,1.102919,0.456436,2.3265,0.88,3,3f0d656e-02df-4c68-94ca-e4350b566017,ok,no,3,0,-0.88,-2.64,0.0,-2.64,2.64,0.83,0.825,0.050000000000000044,0.05500000000000005,0.015000000000000013,-0.1523,0.7277,-0.88,<0,6-12bp
2026-05-19T17:15:00+00:00,dh-target,KXBTC15M-26MAY191330-30,2026-05-19T17:30:00Z,11.0,76877.45,76875.23,0.13,0.002888,0.54,0.55,0.01,0.545,no,0.0,9.9939,6.0409,0.0,no,0.1294,0.376204,1.475846,9.9939,0.51,20,6b1e24ed-785b-4138-b49b-48e608613f0d,ok,no,20,1,0.49,9.8,0.686,9.114,10.2,0.45999999999999996,0.45499999999999996,0.050000000000000044,0.05500000000000005,0.015000000000000069,0.1294,0.6394,0.49,10-20c,<3bp
2026-05-19T17:15:00+00:00,dh-target,KXBTC15M-26MAY191330-30,2026-05-19T17:30:00Z,11.5,76877.45,76877.98,0.03,0.000689,0.59,0.6,0.01,0.595,yes,6.2394,0.0,6.0409,9.9939,yes-hedge,-0.0106,0.361975,0.957625,7.9114,0.65,12,062a307a-92b1-435d-9548-084220d404fb,ok,no,12,0,-0.65,-7.800000000000001,0.0,-7.800000000000001,7.800000000000001,0.41000000000000003,0.405,0.24,0.245,0.20500000000000002,-0.0106,0.6394,-0.65,<0,<3bp
2026-05-19T17:15:00+00:00,dh-target,KXBTC15M-26MAY191330-30,2026-05-19T17:30:00Z,12.5,76877.45,76829.99,0.11,0.061735,0.11,0.12,0.01,0.115,no,0.0,11.0696,13.9524,9.9939,no,-0.0926,0.952485,0.645658,1.0757,0.94,1,b3930a0a-8861-4a1e-a6a4-ca57d5af7c5e,ok,no,1,1,0.06000000000000005,0.06000000000000005,0.004200000000000004,0.05580000000000005,0.94,0.89,0.885,0.04999999999999993,0.05499999999999994,0.014999999999999902,-0.0926,0.8473999999999999,0.06000000000000005,<0,6-12bp
2026-05-19T17:30:00+00:00,dh-target,KXBTC15M-26MAY191345-45,2026-05-19T17:45:00Z,4.0,76824.99,76715.34,0.2,0.142727,0.15,0.16,0.01,0.155,no,0.0,5.8243,0.0,0.0,no,-0.1506,2.104556,0.461245,5.8243,0.9,6,42d6097c-9f9a-4b02-a023-e9a318b15edb,ok,unknown,6,0,-0.9,-5.4,0.0,-5.4,5.4,0.85,0.845,0.050000000000000044,0.05500000000000005,0.015000000000000013,-0.1506,0.7494000000000001,-0.9,<0,>12bp
2026-05-19T17:30:00+00:00,dh-target,KXBTC15M-26MAY191345-45,2026-05-19T17:45:00Z,6.0,76824.99,76685.88,0.36,0.181074,0.095,0.096,0.001,0.0955,no,0.0,7.1438,0.0,5.8243,no,-0.1457,2.504997,0.475302,1.3195,0.955,1,41f0acff-7805-4f76-9e2b-441fe1c18556,ok,unknown,1,0,-0.955,-0.955,0.0,-0.955,0.955,0.905,0.9045,0.04999999999999993,0.05049999999999999,0.010499999999999954,-0.1457,0.8092999999999999,-0.955,<0,>12bp
2026-05-19T17:30:00+00:00,dh-target,KXBTC15M-26MAY191345-45,2026-05-19T17:45:00Z,7.0,76824.99,76729.99,0.04,0.123658,0.099,0.1,0.001,0.0995,no,0.0,12.3467,0.0,7.1438,no,-0.1191,1.84839,0.556644,5.203,0.951,5,9db31fda-f066-4f32-9c07-a9920e25222e,ok,unknown,5,0,-0.951,-4.755,0.0,-4.755,4.755,0.901,0.9005,0.04999999999999993,0.05049999999999999,0.010499999999999954,-0.1191,0.8319,-0.951,<0,>12bp
2026-05-19T17:30:00+00:00,dh-target,KXBTC15M-26MAY191345-45,2026-05-19T17:45:00Z,8.5,76824.99,76852.23,0.14,0.035457,0.6,0.61,0.01,0.605,yes,6.0693,0.0,0.0,12.3467,yes,-0.0555,0.647124,0.781577,6.0693,0.66,9,8a7bcace-26c0-40e5-bc1e-c7c56c1c79f1,ok,unknown,9,0,-0.66,-5.94,0.0,-5.94,5.94,0.61,0.605,0.050000000000000044,0.05500000000000005,0.015000000000000013,-0.0555,0.6045,-0.66,<0,3-6bp
2026-05-19T17:30:00+00:00,dh-target,KXBTC15M-26MAY191345-45,2026-05-19T17:45:00Z,9.0,76824.99,76889.04,0.04,0.083371,0.79,0.8,0.01,0.795,yes,10.7814,0.0,6.0693,12.3467,yes,-0.0727,1.252844,0.717129,4.7121,0.85,6,ccb634e7-8b76-4d58-9aa8-d8fedc79b9f2,ok,unknown,6,0,-0.85,-5.1,0.0,-5.1,5.1,0.8,0.795,0.04999999999999993,0.05499999999999994,0.014999999999999902,-0.0727,0.7773,-0.85,<0,6-12bp
2026-05-19T17:30:00+00:00,dh-target,KXBTC15M-26MAY191345-45,2026-05-19T17:45:00Z,10.0,76824.99,76909.6,0.04,0.110133,0.86,0.88,0.02,0.87,yes,27.1647,0.0,10.7814,12.3467,yes,-0.0216,1.651483,0.913814,16.3833,0.93,18,5850d477-ccca-47c2-84a8-dd3341f4cf5d,ok,unknown,18,0,-0.93,-16.740000000000002,0.0,-16.740000000000002,16.740000000000002,0.88,0.87,0.050000000000000044,0.06000000000000005,0.020000000000000018,-0.0216,0.9084000000000001,-0.93,<0,6-12bp
2026-05-19T17:30:00+00:00,dh-target,KXBTC15M-26MAY191345-45,2026-05-19T17:45:00Z,14.0,76824.99,76824.35,0.28,0.000833,0.78,0.79,0.01,0.785,no,0.0,12.3402,27.1647,12.3467,no-hedge,0.3545,0.36289,1.889181,5.1386,0.27,19,701464c2-06a2-44f0-b3a2-db721230c457,ok,unknown,19,0,-0.27,-5.130000000000001,0.0,-5.130000000000001,5.130000000000001,0.21999999999999997,0.21499999999999997,0.050000000000000044,0.05500000000000005,0.015000000000000069,0.3545,0.6245,-0.27,>20c,<3bp
2026-05-19T17:45:00+00:00,dh-target,KXBTC15M-26MAY191400-00,2026-05-19T18:00:00Z,4.0,76843.6,76775.91,0.28,0.088088,0.26,0.27,0.01,0.265,no,0.0,4.2049,0.0,0.0,no,-0.1275,1.322161,0.530055,4.2049,0.79,5,da55a5b1-dd59-4914-87c4-3f88356788fc,ok,unknown,5,0,-0.79,-3.95,0.0,-3.95,3.95,0.74,0.735,0.050000000000000044,0.05500000000000005,0.015000000000000013,-0.1275,0.6625000000000001,-0.79,<0,6-12bp
2026-05-19T17:45:00+00:00,dh-target,KXBTC15M-26MAY191400-00,2026-05-19T18:00:00Z,4.5,76843.6,76763.55,0.12,0.104173,0.21,0.22,0.01,0.215,no,0.0,6.119,0.0,4.2049,no,-0.0906,1.562553,0.652674,1.9141,0.84,2,8de2aa70-455a-4c6c-ae75-26d224091501,ok,unknown,2,0,-0.84,-1.68,0.0,-1.68,1.68,0.79,0.785,0.04999999999999993,0.05499999999999994,0.014999999999999902,-0.0906,0.7494,-0.84,<0,6-12bp
2026-05-19T17:45:00+00:00,dh-target,KXBTC15M-26MAY191400-00,2026-05-19T18:00:00Z,6.5,76843.6,76758.55,0.31,0.110679,0.18,0.19,0.01,0.185,no,0.0,7.5862,0.0,6.119,no,-0.0607,1.659584,0.761861,1.4672,0.87,2,14de0a86-9a61-4fdb-ac8b-b06d8bfe6de7,ok,unknown,2,0,-0.87,-1.74,0.0,-1.74,1.74,0.8200000000000001,0.815,0.04999999999999993,0.05500000000000005,0.015000000000000013,-0.0607,0.8093,-0.87,<0,6-12bp
2026-05-19T17:45:00+00:00,dh-target,KXBTC15M-26MAY191400-00,2026-05-19T18:00:00Z,7.0,76843.6,76763.36,0.1,0.10442,0.18,0.19,0.01,0.185,no,0.0,15.9527,0.0,7.5862,no,-0.0381,1.566255,0.848769,8.3664,0.87,10,5d7d2082-fce7-47e6-8a75-25ff9ae0be7b,ok,unknown,10,0,-0.87,-8.7,0.0,-8.7,8.7,0.8200000000000001,0.815,0.04999999999999993,0.05500000000000005,0.015000000000000013,-0.0381,0.8319,-0.87,<0,6-12bp
2026-05-19T17:45:00+00:00,dh-target,KXBTC15M-26MAY191400-00,2026-05-19T18:00:00Z,9.0,76843.6,76744.22,0.29,0.129328,0.1,0.11,0.01,0.105,no,0.0,17.1378,0.0,15.9527,no,-0.0663,1.927721,0.740847,1.1851,0.95,1,b76c0adc-9171-4ff0-840c-ea4b834d802f,ok,unknown,1,0,-0.95,-0.95,0.0,-0.95,0.95,0.9,0.895,0.04999999999999993,0.05499999999999994,0.014999999999999902,-0.0663,0.8836999999999999,-0.95,<0,>12bp
2026-05-19T17:45:00+00:00,dh-target,KXBTC15M-26MAY191400-00,2026-05-19T18:00:00Z,10.5,76843.6,76759.57,0.39,0.109352,0.09,0.1,0.01,0.095,no,0.0,23.5103,0.0,17.1378,no,-0.0516,1.639872,0.796482,6.3726,0.96,7,af47d589-5314-47dc-9851-0a8f539a92ee,ok,unknown,7,0,-0.96,-6.72,0.0,-6.72,6.72,0.91,0.905,0.04999999999999993,0.05499999999999994,0.014999999999999902,-0.0516,0.9084,-0.96,<0,6-12bp
2026-05-19T18:00:00+00:00,dh-target,KXBTC15M-26MAY191415-15,2026-05-19T18:15:00Z,4.0,76792.65,76737.48,0.13,0.071843,0.29,0.3,0.01,0.295,no,0.0,4.1055,0.0,0.0,no,-0.0975,1.088461,0.62864,4.1055,0.76,5,bbde27b3-bf05-4c93-910c-0c3bd4603b0f,ok,unknown,5,0,-0.76,-3.8,0.0,-3.8,3.8,0.71,0.7050000000000001,0.050000000000000044,0.05499999999999994,0.014999999999999902,-0.0975,0.6625,-0.76,<0,6-12bp
2026-05-19T18:00:00+00:00,dh-target,KXBTC15M-26MAY191415-15,2026-05-19T18:15:00Z,6.0,76792.65,76828.82,0.22,0.047101,0.69,0.7,0.01,0.695,yes,2.0782,0.0,0.0,4.1055,yes,-0.1553,0.773085,0.448037,2.0782,0.75,3,f7fbddf4-05e5-4f06-a5e8-054672c5e6fd,ok,unknown,3,0,-0.75,-2.25,0.0,-2.25,2.25,0.7,0.695,0.050000000000000044,0.05500000000000005,0.015000000000000013,-0.1553,0.5947,-0.75,<0,3-6bp
2026-05-19T18:00:00+00:00,dh-target,KXBTC15M-26MAY191415-15,2026-05-19T18:15:00Z,7.0,76792.65,76818.25,0.06,0.033337,0.65,0.66,0.01,0.655,yes,4.5673,0.0,2.0782,4.1055,yes,-0.1035,0.625857,0.608136,2.4891,0.71,4,d3d72ef4-ac41-4ff0-ae0f-a01ed3203430,ok,unknown,4,0,-0.71,-2.84,0.0,-2.84,2.84,0.66,0.655,0.04999999999999993,0.05499999999999994,0.014999999999999902,-0.1035,0.6064999999999999,-0.71,<0,3-6bp
2026-05-19T18:00:00+00:00,dh-target,KXBTC15M-26MAY191415-15,2026-05-19T18:15:00Z,8.0,76792.65,76844.52,0.22,0.067546,0.79,0.8,0.01,0.795,yes,7.627,0.0,4.5673,4.1055,yes,-0.1008,1.029584,0.617316,3.0597,0.85,4,fc9f9522-994f-45f2-bef9-e6d603399e50,ok,unknown,4,0,-0.85,-3.4,0.0,-3.4,3.4,0.8,0.795,0.04999999999999993,0.05499999999999994,0.014999999999999902,-0.1008,0.7492,-0.85,<0,6-12bp
2026-05-19T18:00:00+00:00,dh-target,KXBTC15M-26MAY191415-15,2026-05-19T18:15:00Z,9.0,76792.65,76871.96,0.03,0.103278,0.88,0.89,0.01,0.885,yes,14.4728,0.0,7.627,4.1055,yes,-0.0563,1.549154,0.778531,6.8458,0.94,7,c2d5a4d0-4bf4-4c38-80a3-199f6062c1c6,ok,unknown,7,0,-0.94,-6.58,0.0,-6.58,6.58,0.89,0.885,0.04999999999999993,0.05499999999999994,0.014999999999999902,-0.0563,0.8836999999999999,-0.94,<0,6-12bp
2026-05-19T18:15:00+00:00,dh-target,KXBTC15M-26MAY191430-30,2026-05-19T18:30:00Z,4.0,76858.97,76850.01,0.26,0.011658,0.44,0.45,0.01,0.445,no,0.0,2.1937,0.0,0.0,no,-0.0416,0.437805,0.835119,2.1937,0.61,4,d7b144d4-bd84-4d79-845d-44e0bb210fe3,ok,unknown,4,0,-0.61,-2.44,0.0,-2.44,2.44,0.56,0.5549999999999999,0.04999999999999993,0.05500000000000005,0.015000000000000013,-0.0416,0.5684,-0.61,<0,<3bp
2026-05-19T18:15:00+00:00,dh-target,KXBTC15M-26MAY191430-30,2026-05-19T18:30:00Z,4.5,76858.97,76872.78,0.13,0.017968,0.57,0.58,0.01,0.575,yes,2.2169,0.0,0.0,2.1937,yes,-0.0616,0.487134,0.758468,2.2169,0.63,4,7ebbd04f-ed02-434d-abfa-53d96b221d1c,ok,unknown,4,0,-0.63,-2.52,0.0,-2.52,2.52,0.58,0.575,0.050000000000000044,0.05500000000000005,0.015000000000000013,-0.0616,0.5684,-0.63,<0,<3bp
2026-05-19T18:15:00+00:00,dh-target,KXBTC15M-26MAY191430-30,2026-05-19T18:30:00Z,7.0,76858.97,76859.91,0.17,0.001223,0.58,0.59,0.01,0.585,yes,3.8006,0.0,2.2169,2.1937,yes,-0.0335,0.365385,0.866796,1.5837,0.64,2,683d7264-c445-4f2c-b01a-343df7e0d866,ok,unknown,2,0,-0.64,-1.28,0.0,-1.28,1.28,0.59,0.585,0.050000000000000044,0.05500000000000005,0.015000000000000013,-0.0335,0.6065,-0.64,<0,<3bp
2026-05-19T18:15:00+00:00,dh-target,KXBTC15M-26MAY191430-30,2026-05-19T18:30:00Z,7.5,76858.97,76844.5,0.15,0.018827,0.47,0.48,0.01,0.475,no,0.0,6.5564,3.8006,2.1937,no,0.0265,0.494182,1.105605,4.3627,0.58,8,2f09561b-e7c4-4927-bd8c-050477b938b9,ok,unknown,8,0,-0.58,-4.64,0.0,-4.64,4.64,0.53,0.525,0.04999999999999993,0.05499999999999994,0.014999999999999902,0.0265,0.6064999999999999,-0.58,0-5c,<3bp
2026-05-19T18:15:00+00:00,dh-target,KXBTC15M-26MAY191430-30,2026-05-19T18:30:00Z,8.0,76858.97,76771.8,0.02,0.113416,0.17,0.18,0.01,0.175,no,0.0,17.4829,3.8006,6.5564,no,-0.036,1.700034,0.856987,10.9264,0.88,12,0dca85c6-8985-4707-a0d2-52e9acdf2593,ok,unknown,12,0,-0.88,-10.56,0.0,-10.56,10.56,0.83,0.825,0.050000000000000044,0.05500000000000005,0.015000000000000013,-0.036,0.844,-0.88,<0,6-12bp
2026-05-19T18:15:00+00:00,dh-target,KXBTC15M-26MAY191430-30,2026-05-19T18:30:00Z,9.0,76858.97,76739.6,0.04,0.15531,0.088,0.089,0.001,0.0885,no,0.0,18.8453,3.8006,17.4829,no,-0.0783,2.254265,0.696655,1.3624,0.962,1,435ed11b-7eb5-4dd8-b474-fe0be88e0666,ok,unknown,1,0,-0.962,-0.962,0.0,-0.962,0.962,0.912,0.9115,0.04999999999999993,0.05049999999999999,0.010499999999999954,-0.0783,0.8836999999999999,-0.962,<0,>12bp
2026-05-19T18:30:00+00:00,dh-target,KXBTC15M-26MAY191445-45,2026-05-19T18:45:00Z,4.0,76726.8,76767.88,0.67,0.053541,0.7,0.71,0.01,0.705,yes,3.2033,0.0,0.0,0.0,yes,-0.0975,0.849269,0.62864,3.2033,0.76,4,e68e4365-416b-4799-ac54-936007ea97c3,ok,unknown,4,0,-0.76,-3.04,0.0,-3.04,3.04,0.71,0.705,0.050000000000000044,0.05500000000000005,0.015000000000000013,-0.0975,0.6625,-0.76,<0,3-6bp
2026-05-19T18:30:00+00:00,dh-target,KXBTC15M-26MAY191445-45,2026-05-19T18:45:00Z,7.0,76726.8,76780.66,0.34,0.070197,0.8,0.82,0.02,0.81,yes,6.2055,0.0,3.2033,0.0,yes,-0.1423,1.065738,0.485228,3.0022,0.87,3,77a6fe22-9dae-498b-8ace-11c81bec7518,ok,unknown,3,0,-0.87,-2.61,0.0,-2.61,2.61,0.82,0.81,0.050000000000000044,0.05999999999999994,0.019999999999999907,-0.1423,0.7277,-0.87,<0,6-12bp
2026-05-19T18:30:00+00:00,dh-target,KXBTC15M-26MAY191445-45,2026-05-19T18:45:00Z,10.0,76726.8,76777.46,0.21,0.066026,0.87,0.88,0.01,0.875,yes,9.32,0.0,6.2055,0.0,yes,-0.133,1.009138,0.513092,3.1145,0.93,3,ea1deb42-3af9-4d1f-963e-d0c1375264ea,ok,unknown,3,0,-0.93,-2.79,0.0,-2.79,2.79,0.88,0.875,0.050000000000000044,0.05500000000000005,0.015000000000000013,-0.133,0.797,-0.93,<0,6-12bp
2026-05-19T18:45:00+00:00,dh-target,KXBTC15M-26MAY191500-00,2026-05-19T19:00:00Z,4.0,76780.93,76812.25,0.12,0.040791,0.64,0.65,0.01,0.645,yes,2.182,0.0,0.0,0.0,yes,-0.1316,0.702908,0.517376,2.182,0.7,3,d3f3a481-6644-4dc4-b55c-3f65626945bf,ok,unknown,3,0,-0.7,-2.0999999999999996,0.0,-2.0999999999999996,2.0999999999999996,0.65,0.645,0.04999999999999993,0.05499999999999994,0.014999999999999902,-0.1316,0.5684,-0.7,<0,3-6bp
2026-05-19T18:45:00+00:00,dh-target,KXBTC15M-26MAY191500-00,2026-05-19T19:00:00Z,4.5,76780.93,76767.21,0.5,0.017869,0.46,0.47,0.01,0.465,no,0.0,2.6665,2.182,0.0,no,-0.0216,0.486327,0.913814,2.6665,0.59,5,b8a60ea7-5a43-4bc7-ae19-d0c3d974dd7c,ok,unknown,5,0,-0.59,-2.9499999999999997,0.0,-2.9499999999999997,2.9499999999999997,0.54,0.5349999999999999,0.04999999999999993,0.05500000000000005,0.015000000000000013,-0.0216,0.5684,-0.59,<0,<3bp
2026-05-19T18:45:00+00:00,dh-target,KXBTC15M-26MAY191500-00,2026-05-19T19:00:00Z,7.0,76780.93,76801.29,0.77,0.026517,0.6,0.61,0.01,0.605,yes,5.3128,0.0,2.182,2.6665,yes,-0.0535,0.560983,0.789208,3.1308,0.66,5,0321e8cc-74e8-4777-895d-2ef518d250ff,ok,unknown,5,0,-0.66,-3.3000000000000003,0.0,-3.3000000000000003,3.3000000000000003,0.61,0.605,0.050000000000000044,0.05500000000000005,0.015000000000000013,-0.0535,0.6065,-0.66,<0,<3bp
2026-05-19T18:45:00+00:00,dh-target,KXBTC15M-26MAY191500-00,2026-05-19T19:00:00Z,10.5,76780.93,76724.1,0.41,0.074016,0.18,0.19,0.01,0.185,no,0.0,14.4193,5.3128,2.6665,no,-0.073,1.118778,0.716025,11.7528,0.87,14,4b8da6fd-a637-4a42-b3a4-d99c48d1c96a,ok,unknown,14,0,-0.87,-12.18,0.0,-12.18,12.18,0.8200000000000001,0.815,0.04999999999999993,0.05500000000000005,0.015000000000000013,-0.073,0.797,-0.87,<0,6-12bp
2026-05-20T01:30:00+00:00,dh-target,KXBTC15M-26MAY192145-45,2026-05-20T01:45:00Z,4.0,76515.36,76598.49,0.26,0.108645,0.84,0.85,0.01,0.845,yes,11.2729,0.0,0.0,0.0,yes,-0.1506,1.629351,0.461245,11.2729,0.9,13,f016b3ac-5609-49d0-b8b9-3ef51fcfe991,ok,no,13,0,-0.9,-11.700000000000001,0.0,-11.700000000000001,11.700000000000001,0.85,0.845,0.050000000000000044,0.05500000000000005,0.015000000000000013,-0.1506,0.7494000000000001,-0.9,<0,6-12bp
2026-05-20T01:30:00+00:00,dh-target,KXBTC15M-26MAY192145-45,2026-05-20T01:45:00Z,6.5,76515.36,76503.51,0.23,0.015487,0.51,0.52,0.01,0.515,no,0.0,8.5178,11.2729,0.0,no,0.0547,0.467226,1.215374,8.5178,0.54,16,92310e54-a381-4784-99ce-1a7d16ca1541,ok,no,16,1,0.45999999999999996,7.359999999999999,0.5152,6.844799999999999,8.64,0.49,0.485,0.050000000000000044,0.05500000000000005,0.015000000000000013,0.0547,0.5947,0.45999999999999996,5-10c,<3bp
2026-05-20T01:30:00+00:00,dh-target,KXBTC15M-26MAY192145-45,2026-05-20T01:45:00Z,10.0,76515.36,76532.35,0.42,0.022205,0.63,0.65,0.02,0.64,yes,5.5135,0.0,11.2729,8.5178,yes-hedge,-0.0765,0.522705,0.703206,2.2738,0.7,3,09d4dc49-7c26-43e4-89e2-3c63bf8a1c7a,ok,no,3,0,-0.7,-2.0999999999999996,0.0,-2.0999999999999996,2.0999999999999996,0.37,0.36,0.32999999999999996,0.33999999999999997,0.3,-0.0765,0.6234999999999999,-0.7,<0,<3bp
2026-05-20T01:45:00+00:00,dh-target,KXBTC15M-26MAY192200-00,2026-05-20T02:00:00Z,4.0,76513.14,76569.69,0.39,0.073909,0.73,0.74,0.01,0.735,yes,8.8833,0.0,0.0,0.0,yes,-0.1275,1.117278,0.530055,8.8833,0.79,11,7d2774ae-a605-40ac-8f0f-5a222156cf7c,ok,yes,11,1,0.20999999999999996,2.3099999999999996,0.16169999999999998,2.1482999999999994,8.690000000000001,0.74,0.735,0.050000000000000044,0.05500000000000005,0.015000000000000013,-0.1275,0.6625000000000001,0.20999999999999996,<0,6-12bp
2026-05-20T01:45:00+00:00,dh-target,KXBTC15M-26MAY192200-00,2026-05-20T02:00:00Z,5.0,76513.14,76603.73,0.05,0.118398,0.84,0.85,0.01,0.845,yes,14.254,0.0,8.8833,0.0,yes,-0.1256,1.772897,0.535997,5.3707,0.9,6,3cdcd657-feff-4722-b0dc-83dbd0439fae,ok,yes,6,1,0.09999999999999998,0.5999999999999999,0.041999999999999996,0.5579999999999998,5.4,0.85,0.845,0.050000000000000044,0.05500000000000005,0.015000000000000013,-0.1256,0.7744,0.09999999999999998,<0,6-12bp
2026-05-20T02:00:00+00:00,dh-target,KXBTC15M-26MAY192215-15,2026-05-20T02:15:00Z,4.0,76742.91,76718.12,0.59,0.032303,0.41,0.42,0.01,0.415,no,0.0,6.6602,0.0,0.0,no,-0.0716,0.615678,0.721182,6.6602,0.64,10,f9461223-13cc-418f-8ed5-b87daf1d2b46,ok,no,10,1,0.36,3.5999999999999996,0.252,3.348,6.4,0.5900000000000001,0.585,0.04999999999999993,0.05500000000000005,0.015000000000000013,-0.0716,0.5684,0.36,<0,3-6bp
2026-05-20T02:00:00+00:00,dh-target,KXBTC15M-26MAY192215-15,2026-05-20T02:15:00Z,5.0,76742.91,76743.09,0.58,0.000235,0.48,0.49,0.01,0.485,yes,6.3476,0.0,0.0,6.6602,yes,0.0451,0.359089,1.178468,6.3476,0.54,12,23242e01-4db9-498e-95ca-9f99c4c7e45b,ok,no,12,0,-0.54,-6.48,0.0,-6.48,6.48,0.49,0.485,0.050000000000000044,0.05500000000000005,0.015000000000000013,0.0451,0.5851000000000001,-0.54,0-5c,<3bp
2026-05-20T02:00:00+00:00,dh-target,KXBTC15M-26MAY192215-15,2026-05-20T02:15:00Z,11.5,76742.91,76698.25,2.06,0.058194,0.14,0.15,0.01,0.145,no,0.0,9.1212,6.3476,6.6602,no,-0.0856,0.907062,0.670382,2.4609,0.91,3,b61a0eb9-4dac-4244-a175-bb6f78e0e37c,ok,no,3,1,0.08999999999999997,0.2699999999999999,0.018899999999999993,0.25109999999999993,2.73,0.86,0.855,0.050000000000000044,0.05500000000000005,0.015000000000000013,-0.0856,0.8244,0.08999999999999997,<0,3-6bp
2026-05-20T02:15:00+00:00,dh-target,KXBTC15M-26MAY192230-30,2026-05-20T02:30:00Z,4.5,76716.21,76712.49,0.4,0.004849,0.49,0.5,0.01,0.495,no,0.0,6.0357,0.0,0.0,no,0.0084,0.389301,1.033587,6.0357,0.56,11,23f04d3d-ca80-4d29-848d-523c4b965da4,ok,no,11,1,0.43999999999999995,4.84,0.3388,4.5012,6.16,0.51,0.505,0.050000000000000044,0.05500000000000005,0.015000000000000013,0.0084,0.5684,0.43999999999999995,0-5c,<3bp
2026-05-20T02:15:00+00:00,dh-target,KXBTC15M-26MAY192230-30,2026-05-20T02:30:00Z,5.0,76716.21,76728.05,0.04,0.015434,0.55,0.56,0.01,0.555,yes,6.3069,0.0,0.0,6.0357,yes,-0.0249,0.466803,0.900728,6.3069,0.61,10,a83efe8f-e761-4c4e-ae37-c42623cc7d38,ok,no,10,0,-0.61,-6.1,0.0,-6.1,6.1,0.56,0.555,0.04999999999999993,0.05499999999999994,0.014999999999999902,-0.0249,0.5851,-0.61,<0,<3bp
2026-05-20T02:15:00+00:00,dh-target,KXBTC15M-26MAY192230-30,2026-05-20T02:30:00Z,6.5,76716.21,76762.03,0.11,0.059727,0.72,0.73,0.01,0.725,yes,10.6781,0.0,6.3069,6.0357,yes,-0.059,0.926572,0.768286,4.3711,0.78,6,ca5b0021-85e9-4040-bf7d-4d51e313654b,ok,no,6,0,-0.78,-4.68,0.0,-4.68,4.68,0.73,0.725,0.050000000000000044,0.05500000000000005,0.015000000000000013,-0.059,0.7210000000000001,-0.78,<0,3-6bp
2026-05-20T02:15:00+00:00,dh-target,KXBTC15M-26MAY192230-30,2026-05-20T02:30:00Z,14.0,76716.21,76712.15,0.1,0.005292,0.65,0.66,0.01,0.655,no,0.0,10.0942,10.6781,6.0357,no,0.2245,0.392314,1.715323,4.0585,0.4,10,de99f32f-4c34-43a4-85e6-a70fc42ed75d,ok,no,10,1,0.6,6.0,0.42000000000000004,5.58,4.0,0.35,0.345,0.050000000000000044,0.05500000000000005,0.015000000000000069,0.2245,0.6245,0.6,>20c,<3bp
2026-05-20T02:30:00+00:00,dh-target,KXBTC15M-26MAY192245-45,2026-05-20T02:45:00Z,4.0,76704.86,76608.0,0.03,0.126276,0.24,0.25,0.01,0.245,no,0.0,21.5559,0.0,0.0,no,-0.0606,1.885316,0.762239,21.5559,0.81,27,787ae439-85bc-4e53-a0fb-d2a1ce2a5701,ok,no,27,1,0.18999999999999995,5.129999999999999,0.3590999999999999,4.770899999999999,21.87,0.76,0.755,0.050000000000000044,0.05500000000000005,0.015000000000000013,-0.0606,0.7494000000000001,0.18999999999999995,<0,>12bp
2026-05-20T04:45:00+00:00,dh-target,KXBTC15M-26MAY200100-00,2026-05-20T05:00:00Z,4.0,76675.46,76684.0,0.56,0.011138,0.6,0.61,0.01,0.605,yes,4.2254,0.0,0.0,0.0,yes,-0.0916,0.433932,0.649161,4.2254,0.66,6,dae05344-d723-480e-8b13-70741a17c0ac,ok,yes,6,1,0.33999999999999997,2.04,0.1428,1.8972,3.96,0.61,0.605,0.050000000000000044,0.05500000000000005,0.015000000000000013,-0.0916,0.5684,0.33999999999999997,<0,<3bp
2026-05-20T05:00:00+00:00,dh-target,KXBTC15M-26MAY200115-15,2026-05-20T05:15:00Z,4.0,76702.39,76780.54,0.12,0.101887,0.81,0.82,0.01,0.815,yes,12.6506,0.0,0.0,0.0,yes,-0.1206,1.528306,0.551836,12.6506,0.87,15,fe670c03-71d4-4d42-ad18-fda9a004d517,ok,yes,15,1,0.13,1.9500000000000002,0.1365,1.8135000000000001,13.05,0.82,0.815,0.050000000000000044,0.05500000000000005,0.015000000000000013,-0.1206,0.7494,0.13,<0,6-12bp
2026-05-20T05:15:00+00:00,dh-target,KXBTC15M-26MAY200130-30,2026-05-20T05:30:00Z,4.5,77155.76,77087.74,0.2,0.088159,0.17,0.18,0.01,0.175,no,0.0,5.9272,0.0,0.0,no,-0.2175,1.323215,0.298626,5.9272,0.88,7,86d725c8-877c-43ed-a685-c37659f27853,ok,no,7,1,0.12,0.84,0.058800000000000005,0.7812,6.16,0.83,0.825,0.050000000000000044,0.05500000000000005,0.015000000000000013,-0.2175,0.6625,0.12,<0,6-12bp
2026-05-20T05:15:00+00:00,dh-target,KXBTC15M-26MAY200130-30,2026-05-20T05:30:00Z,5.0,77155.76,77105.68,0.01,0.064908,0.24,0.26,0.02,0.25,no,0.0,9.0238,0.0,5.9272,no,-0.1044,0.994209,0.605093,3.0966,0.81,4,dbfa5b22-662c-43be-a0c2-6d01411dce7a,ok,no,4,1,0.18999999999999995,0.7599999999999998,0.05319999999999999,0.7067999999999998,3.24,0.76,0.75,0.050000000000000044,0.06000000000000005,0.020000000000000018,-0.1044,0.7056,0.18999999999999995,<0,6-12bp
2026-05-20T05:15:00+00:00,dh-target,KXBTC15M-26MAY200130-30,2026-05-20T05:30:00Z,6.0,77155.76,77114.31,0.61,0.053722,0.28,0.29,0.01,0.285,no,0.0,10.3005,0.0,9.0238,no,-0.049,0.851485,0.806472,1.2766,0.77,2,a0511ed9-22e4-4e81-922f-bf1a9bbc203f,ok,no,2,1,0.22999999999999998,0.45999999999999996,0.0322,0.42779999999999996,1.54,0.72,0.7150000000000001,0.050000000000000044,0.05499999999999994,0.014999999999999902,-0.049,0.721,0.22999999999999998,<0,3-6bp
2026-05-20T05:15:00+00:00,dh-target,KXBTC15M-26MAY200130-30,2026-05-20T05:30:00Z,6.5,77155.76,77068.75,0.55,0.112772,0.14,0.15,0.01,0.145,no,0.0,15.6627,0.0,10.3005,no,-0.1007,1.690543,0.617658,5.3622,0.91,6,9c1e633f-69af-44ff-bd7e-5c1701904bc3,ok,no,6,1,0.08999999999999997,0.5399999999999998,0.037799999999999986,0.5021999999999999,5.46,0.86,0.855,0.050000000000000044,0.05500000000000005,0.015000000000000013,-0.1007,0.8093,0.08999999999999997,<0,6-12bp
2026-05-20T05:15:00+00:00,dh-target,KXBTC15M-26MAY200130-30,2026-05-20T05:30:00Z,9.0,77155.76,77068.76,0.11,0.112759,0.1,0.12,0.02,0.11,no,0.0,18.7844,0.0,15.6627,no,-0.0663,1.690352,0.740847,3.1217,0.95,3,93f169ab-51aa-41bf-a334-4ebf7a6aa7ef,ok,no,3,1,0.050000000000000044,0.15000000000000013,0.010500000000000011,0.13950000000000012,2.8499999999999996,0.9,0.89,0.04999999999999993,0.05999999999999994,0.019999999999999907,-0.0663,0.8836999999999999,0.050000000000000044,<0,6-12bp
2026-05-20T05:30:00+00:00,dh-target,KXBTC15M-26MAY200145-45,2026-05-20T05:45:00Z,4.0,77086.1,77178.0,0.1,0.119217,0.86,0.87,0.01,0.865,yes,10.8939,0.0,0.0,0.0,yes,-0.1706,1.784763,0.406923,10.8939,0.92,12,4a99403d-3e18-4c25-b285-1f34507dd772,ok,yes,12,1,0.07999999999999996,0.9599999999999995,0.06719999999999997,0.8927999999999996,11.040000000000001,0.87,0.865,0.050000000000000044,0.05500000000000005,0.015000000000000013,-0.1706,0.7494000000000001,0.07999999999999996,<0,6-12bp
2026-05-20T05:45:00+00:00,dh-target,KXBTC15M-26MAY200200-00,2026-05-20T06:00:00Z,4.0,77116.72,77086.69,0.6,0.038941,0.34,0.36,0.02,0.35,no,0.0,4.9936,0.0,0.0,no,-0.1416,0.683186,0.487289,4.9936,0.71,7,a1f4b036-4a44-4526-9b6c-f5dcaf6a332d,ok,yes,7,0,-0.71,-4.97,0.0,-4.97,4.97,0.6599999999999999,0.65,0.050000000000000044,0.05999999999999994,0.019999999999999907,-0.1416,0.5684,-0.71,<0,3-6bp
2026-05-20T05:45:00+00:00,dh-target,KXBTC15M-26MAY200200-00,2026-05-20T06:00:00Z,5.5,77116.72,77125.06,0.12,0.010815,0.56,0.57,0.01,0.565,yes,5.5753,0.0,0.0,4.9936,yes,-0.0349,0.431539,0.8613,5.5753,0.62,9,21b1e895-0936-40ab-981a-06fdc90b3cff,ok,yes,9,1,0.38,3.42,0.23940000000000003,3.1806,5.58,0.57,0.565,0.050000000000000044,0.05500000000000005,0.015000000000000013,-0.0349,0.5851,0.38,<0,<3bp
2026-05-20T05:45:00+00:00,dh-target,KXBTC15M-26MAY200200-00,2026-05-20T06:00:00Z,6.5,77116.72,77112.25,0.15,0.005796,0.5,0.51,0.01,0.505,no,0.0,6.9868,5.5753,4.9936,no,0.0447,0.395766,1.176919,1.9931,0.55,4,4feb2405-3090-43fe-8d66-d61806ccd727,ok,yes,4,0,-0.55,-2.2,0.0,-2.2,2.2,0.5,0.495,0.050000000000000044,0.05500000000000005,0.015000000000000013,0.0447,0.5947,-0.55,0-5c,<3bp
2026-05-20T05:45:00+00:00,dh-target,KXBTC15M-26MAY200200-00,2026-05-20T06:00:00Z,10.0,77116.72,77123.14,0.27,0.008325,0.6,0.61,0.01,0.605,yes,5.3029,0.0,5.5753,6.9868,yes-hedge,-0.0365,0.413466,0.855029,1.0988,0.66,2,ef9a0a5c-aacc-4b14-be03-0349fb4d6e17,ok,yes,2,0,-0.66,-1.32,0.0,-1.32,1.32,0.4,0.395,0.26,0.265,0.22500000000000003,-0.0365,0.6235,-0.66,<0,<3bp
2026-05-20T05:45:00+00:00,dh-target,KXBTC15M-26MAY200200-00,2026-05-20T06:00:00Z,11.0,77116.72,77110.21,0.05,0.008442,0.56,0.57,0.01,0.565,no,0.0,9.5413,6.674,6.9868,no,0.1494,0.414299,1.53534,2.5546,0.49,5,e72bc931-bd31-43b1-891e-a5af99ecf82d,ok,yes,5,0,-0.49,-2.45,0.0,-2.45,2.45,0.43999999999999995,0.43500000000000005,0.050000000000000044,0.05499999999999994,0.014999999999999958,0.1494,0.6394,-0.49,10-20c,<3bp
2026-05-20T05:45:00+00:00,dh-target,KXBTC15M-26MAY200200-00,2026-05-20T06:00:00Z,11.5,77116.72,77125.74,0.06,0.011697,0.66,0.67,0.01,0.665,yes,4.5233,0.0,6.674,9.5413,yes-hedge,-0.0806,0.438096,0.688325,3.7537,0.72,5,00f88a21-4235-43bd-9476-5d4e70f66586,ok,yes,5,0,-0.72,-3.5999999999999996,0.0,-3.5999999999999996,3.5999999999999996,0.33999999999999997,0.33499999999999996,0.38,0.385,0.34500000000000003,-0.0806,0.6394,-0.72,<0,<3bp
2026-05-20T09:15:00+00:00,dh-target,KXBTC15M-26MAY200530-30,2026-05-20T09:30:00Z,4.0,77346.26,77330.32,0.19,0.020609,0.41,0.43,0.02,0.42,no,0.0,5.507,0.0,0.0,no,-0.0716,0.509069,0.721182,5.507,0.64,9,84b03b2b-6601-44c9-8af1-80f8946769c8,ok,yes,9,0,-0.64,-5.76,0.0,-5.76,5.76,0.5900000000000001,0.5800000000000001,0.04999999999999993,0.05999999999999994,0.019999999999999907,-0.0716,0.5684,-0.64,<0,<3bp
2026-05-20T09:15:00+00:00,dh-target,KXBTC15M-26MAY200530-30,2026-05-20T09:30:00Z,5.0,77346.26,77348.0,0.31,0.00225,0.46,0.47,0.01,0.465,yes,7.0015,0.0,0.0,5.507,yes,0.0651,0.372025,1.25467,7.0015,0.52,13,9f7f6bb6-04ff-4f90-8c02-c5e809434670,ok,yes,13,1,0.48,6.24,0.4368000000000001,5.8032,6.76,0.47,0.465,0.050000000000000044,0.05499999999999999,0.015000000000000013,0.0651,0.5851000000000001,0.48,5-10c,<3bp
2026-05-20T09:15:00+00:00,dh-target,KXBTC15M-26MAY200530-30,2026-05-20T09:30:00Z,6.0,77346.26,77335.9,0.47,0.013394,0.47,0.48,0.01,0.475,no,0.0,7.1616,7.0015,5.507,no,0.0147,0.450952,1.058732,1.6546,0.58,3,43ca914c-b77b-424b-8da2-ad98b5fa82eb,ok,yes,3,0,-0.58,-1.7399999999999998,0.0,-1.7399999999999998,1.7399999999999998,0.53,0.525,0.04999999999999993,0.05499999999999994,0.014999999999999902,0.0147,0.5947,-0.58,0-5c,<3bp
2026-05-20T09:15:00+00:00,dh-target,KXBTC15M-26MAY200530-30,2026-05-20T09:30:00Z,10.0,77346.26,77337.32,0.53,0.011558,0.41,0.42,0.01,0.415,no,0.0,6.1239,7.0015,7.1616,no-hedge,-0.0165,0.437063,0.934096,1.2845,0.64,2,8fb6c34b-4dea-4637-86f3-fc3a3fe5da72,ok,yes,2,0,-0.64,-1.28,0.0,-1.28,1.28,0.5900000000000001,0.585,0.04999999999999993,0.05500000000000005,0.015000000000000013,-0.0165,0.6235,-0.64,<0,<3bp
2026-05-20T09:30:00+00:00,dh-target,KXBTC15M-26MAY200545-45,2026-05-20T09:45:00Z,4.0,77410.13,77444.76,1.39,0.044736,0.73,0.74,0.01,0.735,yes,3.2506,0.0,0.0,0.0,yes,-0.2216,0.746253,0.290389,3.2506,0.79,4,9c658fa8-24e7-419e-a371-d98c77f292ce,ok,yes,4,1,0.20999999999999996,0.8399999999999999,0.0588,0.7811999999999999,3.16,0.74,0.735,0.050000000000000044,0.05500000000000005,0.015000000000000013,-0.2216,0.5684,0.20999999999999996,<0,3-6bp
2026-05-20T09:30:00+00:00,dh-target,KXBTC15M-26MAY200545-45,2026-05-20T09:45:00Z,7.0,77410.13,77426.64,0.05,0.021328,0.64,0.65,0.01,0.645,yes,4.9652,0.0,3.2506,0.0,yes,-0.0935,0.515179,0.642514,1.7146,0.7,2,0d0bcdac-152b-41fd-b8b1-b07bdcf96c41,ok,yes,2,1,0.30000000000000004,0.6000000000000001,0.04200000000000001,0.558,1.4,0.65,0.645,0.04999999999999993,0.05499999999999994,0.014999999999999902,-0.0935,0.6064999999999999,0.30000000000000004,<0,<3bp
2026-05-20T09:30:00+00:00,dh-target,KXBTC15M-26MAY200545-45,2026-05-20T09:45:00Z,8.0,77410.13,77456.75,0.41,0.060225,0.83,0.85,0.02,0.84,yes,6.4469,0.0,4.9652,0.0,yes,-0.1508,0.932963,0.460677,1.4818,0.9,2,a0c8d985-f8ec-45cd-9fc8-41b2980db7a9,ok,yes,2,1,0.09999999999999998,0.19999999999999996,0.013999999999999999,0.18599999999999994,1.8,0.85,0.84,0.050000000000000044,0.06000000000000005,0.020000000000000018,-0.1508,0.7492000000000001,0.09999999999999998,<0,6-12bp
2026-05-20T09:45:00+00:00,dh-target,KXBTC15M-26MAY200600-00,2026-05-20T10:00:00Z,4.0,77431.48,77407.5,0.47,0.030969,0.33,0.34,0.01,0.335,no,0.0,4.1445,0.0,0.0,no,-0.1516,0.602731,0.458412,4.1445,0.72,6,8245b38f-a600-476c-91c2-6d7b49ae1230,ok,no,6,1,0.28,1.6800000000000002,0.11760000000000001,1.5624000000000002,4.32,0.6699999999999999,0.665,0.050000000000000044,0.05499999999999994,0.014999999999999902,-0.1516,0.5684,0.28,<0,3-6bp
2026-05-20T09:45:00+00:00,dh-target,KXBTC15M-26MAY200600-00,2026-05-20T10:00:00Z,5.5,77431.48,77387.65,0.91,0.056605,0.2,0.21,0.01,0.205,no,0.0,6.3747,0.0,4.1445,no,-0.1444,0.887073,0.479081,2.2302,0.85,3,fd2f642e-a67e-49b3-802f-501c8c424aae,ok,no,3,1,0.15000000000000002,0.45000000000000007,0.03150000000000001,0.41850000000000004,2.55,0.8,0.795,0.04999999999999993,0.05499999999999994,0.014999999999999902,-0.1444,0.7056,0.15000000000000002,<0,3-6bp
2026-05-20T10:00:00+00:00,dh-target,KXBTC15M-26MAY200615-15,2026-05-20T10:15:00Z,4.0,77405.84,77456.76,0.2,0.065783,0.76,0.77,0.01,0.765,yes,6.6682,0.0,0.0,0.0,yes,-0.1575,1.005882,0.441948,6.6682,0.82,8,afae7c43-1ae3-45d5-9445-4de3fc5ccfa3,ok,yes,8,1,0.18000000000000005,1.4400000000000004,0.10080000000000004,1.3392000000000004,6.56,0.77,0.765,0.04999999999999993,0.05499999999999994,0.014999999999999902,-0.1575,0.6625,0.18000000000000005,<0,6-12bp
2026-05-20T10:15:00+00:00,dh-target,KXBTC15M-26MAY200630-30,2026-05-20T10:30:00Z,4.0,77521.52,77502.91,0.72,0.024006,0.42,0.43,0.01,0.425,no,0.0,6.1258,0.0,0.0,no,-0.0616,0.53844,0.758468,6.1258,0.63,10,bdbe315f-5549-4312-a8a0-1c3fc9a0be85,ok,no,10,1,0.37,3.7,0.259,3.4410000000000003,6.3,0.5800000000000001,0.575,0.04999999999999993,0.05500000000000005,0.015000000000000013,-0.0616,0.5684,0.37,<0,<3bp
2026-05-20T10:15:00+00:00,dh-target,KXBTC15M-26MAY200630-30,2026-05-20T10:30:00Z,7.0,77521.52,77524.95,0.3,0.004425,0.55,0.57,0.02,0.56,yes,5.4838,0.0,0.0,6.1258,yes,-0.0135,0.386434,0.946052,5.4838,0.62,9,5135b2d8-c4f5-4769-9c9f-b375d2a4afeb,ok,no,9,0,-0.62,-5.58,0.0,-5.58,5.58,0.57,0.56,0.050000000000000044,0.05999999999999994,0.019999999999999907,-0.0135,0.6065,-0.62,<0,<3bp
2026-05-20T10:15:00+00:00,dh-target,KXBTC15M-26MAY200630-30,2026-05-20T10:30:00Z,7.5,77521.52,77507.87,0.16,0.017608,0.46,0.47,0.01,0.465,no,0.0,7.7417,5.4838,6.1258,no,0.0165,0.484203,1.065904,1.6159,0.59,3,70c63764-52c0-40d7-ba41-f5594980ac76,ok,no,3,1,0.41000000000000003,1.23,0.08610000000000001,1.1439,1.77,0.54,0.5349999999999999,0.04999999999999993,0.05500000000000005,0.015000000000000013,0.0165,0.6064999999999999,0.41000000000000003,0-5c,<3bp
2026-05-20T10:15:00+00:00,dh-target,KXBTC15M-26MAY200630-30,2026-05-20T10:30:00Z,10.0,77521.52,77534.97,0.26,0.01735,0.71,0.72,0.01,0.715,yes,3.4205,0.0,5.4838,7.7417,yes-hedge,-0.1465,0.482112,0.472987,2.7855,0.77,4,e2edac65-cd0b-4969-8825-2bbacceea319,ok,no,4,0,-0.77,-3.08,0.0,-3.08,3.08,0.29000000000000004,0.28500000000000003,0.48,0.485,0.445,-0.1465,0.6235,-0.77,<0,<3bp
2026-05-20T10:15:00+00:00,dh-target,KXBTC15M-26MAY200630-30,2026-05-20T10:30:00Z,12.0,77521.52,77481.24,0.76,0.05196,0.13,0.14,0.01,0.135,no,0.0,8.9345,8.2693,7.7417,no,-0.0726,0.830151,0.717497,1.1927,0.92,1,40f0dd4f-5496-4c6e-883e-02fba42411ba,ok,no,1,1,0.07999999999999996,0.07999999999999996,0.005599999999999997,0.07439999999999997,0.92,0.87,0.865,0.050000000000000044,0.05500000000000005,0.015000000000000013,-0.0726,0.8474,0.07999999999999996,<0,3-6bp
2026-05-20T10:30:00+00:00,dh-target,KXBTC15M-26MAY200645-45,2026-05-20T10:45:00Z,4.0,77503.72,77534.25,0.1,0.039392,0.72,0.73,0.01,0.725,yes,3.2074,0.0,0.0,0.0,yes,-0.2116,0.687954,0.310816,3.2074,0.78,4,b465a464-110b-4dcd-997f-fdfbac80b0cf,ok,no,4,0,-0.78,-3.12,0.0,-3.12,3.12,0.73,0.725,0.050000000000000044,0.05500000000000005,0.015000000000000013,-0.2116,0.5684,-0.78,<0,3-6bp
2026-05-20T10:30:00+00:00,dh-target,KXBTC15M-26MAY200645-45,2026-05-20T10:45:00Z,5.5,77503.72,77556.58,0.27,0.068203,0.87,0.88,0.01,0.875,yes,4.4376,0.0,3.2074,0.0,yes,-0.2244,1.038497,0.284873,1.2302,0.93,1,61e1ce1d-d710-46ca-8aa6-fcd034d47b5d,ok,no,1,0,-0.93,-0.93,0.0,-0.93,0.93,0.88,0.875,0.050000000000000044,0.05500000000000005,0.015000000000000013,-0.2244,0.7056,-0.93,<0,6-12bp
2026-05-20T10:30:00+00:00,dh-target,KXBTC15M-26MAY200645-45,2026-05-20T10:45:00Z,9.0,77503.72,77488.84,0.2,0.019199,0.5,0.51,0.01,0.505,no,0.0,9.5799,4.4376,0.0,no,0.0731,0.497264,1.284342,9.5799,0.55,17,816d140c-29d8-458a-abb3-a2a75a33a88d,ok,no,17,1,0.44999999999999996,7.6499999999999995,0.5355,7.1145,9.350000000000001,0.5,0.495,0.050000000000000044,0.05500000000000005,0.015000000000000013,0.0731,0.6231,0.44999999999999996,5-10c,<3bp
2026-05-20T10:45:00+00:00,dh-target,KXBTC15M-26MAY200700-00,2026-05-20T11:00:00Z,4.0,77479.75,77470.5,0.73,0.011939,0.51,0.52,0.01,0.515,no,0.0,7.345,0.0,0.0,no,0.0284,0.43991,1.113114,7.345,0.54,14,aead9493-a86e-46aa-97c8-c13da30098ba,ok,no,14,1,0.45999999999999996,6.4399999999999995,0.4508,5.989199999999999,7.5600000000000005,0.49,0.485,0.050000000000000044,0.05500000000000005,0.015000000000000013,0.0284,0.5684,0.45999999999999996,0-5c,<3bp
2026-05-20T10:45:00+00:00,dh-target,KXBTC15M-26MAY200700-00,2026-05-20T11:00:00Z,8.0,77479.75,77468.59,0.04,0.014404,0.52,0.53,0.01,0.525,no,0.0,8.8731,0.0,7.345,no,0.0745,0.458743,1.289481,1.5281,0.53,3,59677936-b228-451b-89ca-8255e88a394d,ok,no,3,1,0.47,1.41,0.0987,1.3113,1.59,0.48,0.475,0.050000000000000044,0.05500000000000005,0.015000000000000013,0.0745,0.6045,0.47,5-10c,<3bp
2026-05-20T10:45:00+00:00,dh-target,KXBTC15M-26MAY200700-00,2026-05-20T11:00:00Z,10.0,77479.75,77492.74,0.14,0.016766,0.61,0.62,0.01,0.615,yes,5.8442,0.0,0.0,8.8731,yes,-0.0465,0.477402,0.816116,5.8442,0.67,9,540858a1-d271-4b1a-89f6-e6640333383c,ok,no,9,0,-0.67,-6.03,0.0,-6.03,6.03,0.62,0.615,0.050000000000000044,0.05500000000000005,0.015000000000000013,-0.0465,0.6235,-0.67,<0,<3bp
2026-05-20T10:45:00+00:00,dh-target,KXBTC15M-26MAY200700-00,2026-05-20T11:00:00Z,10.0,77479.75,77492.74,0.14,0.016766,0.61,0.62,0.01,0.615,yes,5.8442,0.0,5.8442,8.8731,yes-hedge,-0.0465,0.477402,0.816116,5.2008,0.67,8,7f21c350-788a-4fc3-b7f7-60c77299d901,ok,no,8,0,-0.67,-5.36,0.0,-5.36,5.36,0.39,0.385,0.28,0.28500000000000003,0.24500000000000005,-0.0465,0.6235,-0.67,<0,<3bp
2026-05-20T11:00:00+00:00,dh-target,KXBTC15M-26MAY200715-15,2026-05-20T11:15:00Z,4.0,77443.98,77409.62,1.02,0.044368,0.34,0.35,0.01,0.345,no,0.0,5.4245,0.0,0.0,no,-0.1416,0.742132,0.487289,5.4245,0.71,8,b6917693-a646-4ab4-a13d-a5f7e2f0703d,ok,no,8,1,0.29000000000000004,2.3200000000000003,0.16240000000000004,2.1576000000000004,5.68,0.6599999999999999,0.655,0.050000000000000044,0.05499999999999994,0.014999999999999902,-0.1416,0.5684,0.29000000000000004,<0,3-6bp
2026-05-20T11:00:00+00:00,dh-target,KXBTC15M-26MAY200715-15,2026-05-20T11:15:00Z,5.0,77443.98,77452.76,0.06,0.011337,0.59,0.6,0.01,0.595,yes,4.8728,0.0,0.0,5.4245,yes,-0.0649,0.435414,0.746079,4.8728,0.65,7,730dec16-53a9-4663-97cb-8afede6d4a64,ok,no,7,0,-0.65,-4.55,0.0,-4.55,4.55,0.6,0.595,0.050000000000000044,0.05500000000000005,0.015000000000000013,-0.0649,0.5851000000000001,-0.65,<0,<3bp
2026-05-20T11:00:00+00:00,dh-target,KXBTC15M-26MAY200715-15,2026-05-20T11:15:00Z,9.5,77443.98,77431.68,0.08,0.015882,0.54,0.55,0.01,0.545,no,0.0,10.0458,4.8728,5.4245,no,0.1131,0.470353,1.42387,4.6213,0.51,9,225cc12c-a7ea-452e-9790-85405606a8a4,ok,no,9,1,0.49,4.41,0.30870000000000003,4.1013,4.59,0.45999999999999996,0.45499999999999996,0.050000000000000044,0.05500000000000005,0.015000000000000069,0.1131,0.6231,0.49,10-20c,<3bp
2026-05-20T11:00:00+00:00,dh-target,KXBTC15M-26MAY200715-15,2026-05-20T11:15:00Z,10.5,77443.98,77446.18,0.97,0.002841,0.65,0.66,0.01,0.655,yes,3.7618,0.0,4.8728,10.0458,yes-hedge,-0.0865,0.375895,0.667177,6.5355,0.71,9,41c1ea29-9ad2-4668-9324-7c97407cea24,ok,no,9,0,-0.71,-6.39,0.0,-6.39,6.39,0.35,0.345,0.36,0.365,0.325,-0.0865,0.6234999999999999,-0.71,<0,<3bp
2026-05-20T11:15:00+00:00,dh-target,KXBTC15M-26MAY200730-30,2026-05-20T11:30:00Z,4.0,77420.85,77425.75,0.54,0.006329,0.6,0.62,0.02,0.61,yes,3.6824,0.0,0.0,0.0,yes,-0.1016,0.39944,0.614588,3.6824,0.67,5,e5ed6b73-a1ab-482e-b180-4354e4778c4f,ok,no,5,0,-0.67,-3.35,0.0,-3.35,3.35,0.62,0.61,0.050000000000000044,0.06000000000000005,0.020000000000000018,-0.1016,0.5684,-0.67,<0,<3bp
2026-05-20T11:15:00+00:00,dh-target,KXBTC15M-26MAY200730-30,2026-05-20T11:30:00Z,5.0,77420.85,77389.99,0.22,0.03986,0.39,0.4,0.01,0.395,no,0.0,7.3699,3.6824,0.0,no,-0.0749,0.692933,0.709053,7.3699,0.66,11,e6a4bc21-13d0-455d-bf2f-cf26dca9c2ff,ok,no,11,1,0.33999999999999997,3.7399999999999998,0.26180000000000003,3.4781999999999997,7.260000000000001,0.61,0.605,0.050000000000000044,0.05500000000000005,0.015000000000000013,-0.0749,0.5851000000000001,0.33999999999999997,<0,3-6bp
2026-05-20T11:30:00+00:00,dh-target,KXBTC15M-26MAY200745-45,2026-05-20T11:45:00Z,4.0,77389.97,77386.0,0.61,0.00513,0.52,0.53,0.01,0.525,no,0.0,6.7624,0.0,0.0,no,0.0384,0.391208,1.152403,6.7624,0.53,13,8ad26cb3-4cfa-449f-ac09-fbe5d2164355,ok,no,13,1,0.47,6.109999999999999,0.42769999999999997,5.6823,6.890000000000001,0.48,0.475,0.050000000000000044,0.05500000000000005,0.015000000000000013,0.0384,0.5684,0.47,0-5c,<3bp
2026-05-20T11:30:00+00:00,dh-target,KXBTC15M-26MAY200745-45,2026-05-20T11:45:00Z,4.5,77389.97,77401.21,0.05,0.014524,0.6,0.61,0.01,0.605,yes,4.4761,0.0,0.0,6.7624,yes,-0.0916,0.459677,0.649161,4.4761,0.66,7,1f06c1ca-a81f-4747-953b-e1b75a757a3a,ok,no,7,0,-0.66,-4.62,0.0,-4.62,4.62,0.61,0.605,0.050000000000000044,0.05500000000000005,0.015000000000000013,-0.0916,0.5684,-0.66,<0,<3bp
2026-05-20T11:45:00+00:00,dh-target,KXBTC15M-26MAY200800-00,2026-05-20T12:00:00Z,4.0,77306.06,77301.63,0.2,0.00573,0.44,0.45,0.01,0.445,no,0.0,4.952,0.0,0.0,no,-0.0416,0.395313,0.835119,4.952,0.61,8,d7758cea-7c62-4068-8c5f-568a0cc44e32,ok,yes,8,0,-0.61,-4.88,0.0,-4.88,4.88,0.56,0.5549999999999999,0.04999999999999993,0.05500000000000005,0.015000000000000013,-0.0416,0.5684,-0.61,<0,<3bp
2026-05-20T11:45:00+00:00,dh-target,KXBTC15M-26MAY200800-00,2026-05-20T12:00:00Z,6.0,77306.06,77266.74,0.37,0.050863,0.3,0.31,0.01,0.305,no,0.0,10.8403,0.0,4.952,no,-0.029,0.817043,0.884518,5.8883,0.75,8,d58d4c8b-9759-4807-a285-ab75bb1d2c82,ok,yes,8,0,-0.75,-6.0,0.0,-6.0,6.0,0.7,0.6950000000000001,0.050000000000000044,0.05499999999999994,0.014999999999999902,-0.029,0.721,-0.75,<0,3-6bp
2026-05-20T11:45:00+00:00,dh-target,KXBTC15M-26MAY200800-00,2026-05-20T12:00:00Z,11.5,77306.06,77307.14,0.77,0.001397,0.69,0.72,0.03,0.705,yes,2.8612,0.0,0.0,10.8403,yes,-0.1306,0.366504,0.52045,2.8612,0.77,4,46dcf1af-7fc9-4d7f-9a5d-ed032b548b07,ok,yes,4,1,0.22999999999999998,0.9199999999999999,0.0644,0.8555999999999999,3.08,0.72,0.705,0.050000000000000044,0.06500000000000006,0.025000000000000022,-0.1306,0.6394,0.22999999999999998,<0,<3bp
2026-05-20T11:45:00+00:00,dh-target,KXBTC15M-26MAY200800-00,2026-05-20T12:00:00Z,11.5,77306.06,77307.14,0.77,0.001397,0.69,0.72,0.03,0.705,yes,2.8612,0.0,2.8612,10.8403,yes-hedge,-0.1306,0.366504,0.52045,9.435,0.77,12,8d35c6d4-95c5-4b16-b23b-0198e2faf50a,ok,yes,12,0,-0.77,-9.24,0.0,-9.24,9.24,0.31000000000000005,0.29500000000000004,0.45999999999999996,0.475,0.435,-0.1306,0.6394,-0.77,<0,<3bp
2026-05-20T12:00:00+00:00,dh-target,KXBTC15M-26MAY200815-15,2026-05-20T12:15:00Z,4.0,77333.77,77372.46,0.03,0.05003,0.72,0.74,0.02,0.73,yes,6.4177,0.0,0.0,0.0,yes,-0.1275,0.807177,0.530055,6.4177,0.79,8,2263a334-d2bb-4b66-969d-04158e1784c4,ok,yes,8,1,0.20999999999999996,1.6799999999999997,0.1176,1.5623999999999998,6.32,0.74,0.73,0.050000000000000044,0.06000000000000005,0.020000000000000018,-0.1275,0.6625000000000001,0.20999999999999996,<0,3-6bp
2026-05-20T12:15:00+00:00,dh-target,KXBTC15M-26MAY200830-30,2026-05-20T12:30:00Z,4.0,77388.4,77409.17,0.57,0.026839,0.68,0.69,0.01,0.685,yes,3.4202,0.0,0.0,0.0,yes,-0.1716,0.563923,0.404336,3.4202,0.74,5,4ba3fbdd-6fcf-41c0-946a-133b07252817,ok,yes,5,1,0.26,1.3,0.091,1.209,3.7,0.69,0.685,0.050000000000000044,0.05499999999999994,0.014999999999999902,-0.1716,0.5684,0.26,<0,<3bp
2026-05-20T12:15:00+00:00,dh-target,KXBTC15M-26MAY200830-30,2026-05-20T12:30:00Z,4.5,77388.4,77379.83,0.49,0.011074,0.51,0.52,0.01,0.515,no,0.0,7.2373,3.4202,0.0,no,0.0284,0.433458,1.113114,7.2373,0.54,13,5f3c64be-352b-4e49-adb1-c0dd089c4d4b,ok,yes,13,0,-0.54,-7.0200000000000005,0.0,-7.0200000000000005,7.0200000000000005,0.49,0.485,0.050000000000000044,0.05500000000000005,0.015000000000000013,0.0284,0.5684,-0.54,0-5c,<3bp
2026-05-20T12:15:00+00:00,dh-target,KXBTC15M-26MAY200830-30,2026-05-20T12:30:00Z,7.5,77388.4,77310.67,0.45,0.100441,0.11,0.12,0.01,0.115,no,0.0,13.394,3.4202,7.2373,no,-0.1081,1.506621,0.592675,6.1567,0.94,7,b473d3d0-81b4-4afd-8eb3-37b71cafd796,ok,yes,7,0,-0.94,-6.58,0.0,-6.58,6.58,0.89,0.885,0.04999999999999993,0.05499999999999994,0.014999999999999902,-0.1081,0.8319,-0.94,<0,6-12bp
2026-05-20T12:15:00+00:00,dh-target,KXBTC15M-26MAY200830-30,2026-05-20T12:30:00Z,10.5,77388.4,77402.82,0.05,0.018633,0.68,0.69,0.01,0.685,yes,4.175,0.0,3.4202,13.394,yes-hedge,-0.1165,0.492588,0.565038,11.3444,0.74,15,12804905-92ac-4e84-b16b-5499b7664e53,ok,yes,15,0,-0.74,-11.1,0.0,-11.1,11.1,0.31999999999999995,0.31499999999999995,0.42000000000000004,0.42500000000000004,0.38500000000000006,-0.1165,0.6234999999999999,-0.74,<0,<3bp
2026-05-20T12:30:00+00:00,dh-target,KXBTC15M-26MAY200845-45,2026-05-20T12:45:00Z,4.0,77430.11,77458.24,0.02,0.03633,0.68,0.69,0.01,0.685,yes,3.9788,0.0,0.0,0.0,yes,-0.1716,0.656023,0.404336,3.9788,0.74,5,eed48a93-9fb8-415c-a885-03a3b166ee9c,ok,yes,5,1,0.26,1.3,0.091,1.209,3.7,0.69,0.685,0.050000000000000044,0.05499999999999994,0.014999999999999902,-0.1716,0.5684,0.26,<0,3-6bp
2026-05-20T12:30:00+00:00,dh-target,KXBTC15M-26MAY200845-45,2026-05-20T12:45:00Z,5.5,77430.11,77469.98,0.58,0.051492,0.74,0.75,0.01,0.745,yes,7.9079,0.0,3.9788,0.0,yes,-0.0944,0.824541,0.639379,3.9291,0.8,5,1077eaf5-b13b-476e-aa3e-5a4b910c99c0,ok,yes,5,1,0.19999999999999996,0.9999999999999998,0.06999999999999999,0.9299999999999998,4.0,0.75,0.745,0.050000000000000044,0.05500000000000005,0.015000000000000013,-0.0944,0.7056,0.19999999999999996,<0,3-6bp
2026-05-20T12:45:00+00:00,dh-target,KXBTC15M-26MAY200900-00,2026-05-20T13:00:00Z,4.0,77460.65,77490.63,0.47,0.038704,0.76,0.77,0.01,0.765,yes,2.4069,0.0,0.0,0.0,yes,-0.2516,0.680684,0.235731,2.4069,0.82,3,857facc8-b780-4e56-b32e-fd50e1032913,ok,yes,3,1,0.18000000000000005,0.5400000000000001,0.037800000000000014,0.5022000000000001,2.46,0.77,0.765,0.04999999999999993,0.05499999999999994,0.014999999999999902,-0.2516,0.5684,0.18000000000000005,<0,3-6bp
2026-05-20T12:45:00+00:00,dh-target,KXBTC15M-26MAY200900-00,2026-05-20T13:00:00Z,4.5,77460.65,77505.44,0.76,0.057823,0.83,0.84,0.01,0.835,yes,3.7746,0.0,2.4069,0.0,yes,-0.2275,0.902368,0.278868,1.3677,0.89,2,b0c77ecb-1336-4e73-80f1-cf8be1b090f6,ok,yes,2,1,0.10999999999999999,0.21999999999999997,0.015399999999999999,0.20459999999999998,1.78,0.84,0.835,0.050000000000000044,0.05500000000000005,0.015000000000000013,-0.2275,0.6625,0.10999999999999999,<0,3-6bp
2026-05-20T12:45:00+00:00,dh-target,KXBTC15M-26MAY200900-00,2026-05-20T13:00:00Z,9.0,77460.65,77522.01,0.38,0.079214,0.904,0.915,0.011,0.9095,yes,6.5185,0.0,3.7746,0.0,yes,-0.1877,1.19263,0.364374,2.7438,0.965,3,51b05d85-f2f2-48ed-9df5-b330c550832c,ok,yes,3,1,0.03500000000000003,0.1050000000000001,0.007350000000000008,0.09765000000000008,2.895,0.915,0.9095,0.04999999999999993,0.055499999999999994,0.015499999999999958,-0.1877,0.7773,0.03500000000000003,<0,6-12bp
2026-05-20T13:00:00+00:00,dh-target,KXBTC15M-26MAY200915-15,2026-05-20T13:15:00Z,4.5,77555.85,77489.28,0.52,0.085835,0.19,0.2,0.01,0.195,no,0.0,6.6043,0.0,0.0,no,-0.1975,1.288934,0.341591,6.6043,0.86,8,9481fc13-25fd-4a14-ad1f-0370e23d2f37,ok,no,8,1,0.14,1.12,0.07840000000000001,1.0416,6.88,0.81,0.8049999999999999,0.04999999999999993,0.05500000000000005,0.015000000000000013,-0.1975,0.6625,0.14,<0,6-12bp
2026-05-20T13:00:00+00:00,dh-target,KXBTC15M-26MAY200915-15,2026-05-20T13:15:00Z,5.0,77555.85,77483.3,0.52,0.093545,0.16,0.17,0.01,0.165,no,0.0,7.837,0.0,6.6043,no,-0.1844,1.403317,0.372307,1.2326,0.89,1,6a36dac0-49e8-4c34-9659-abe35d905a77,ok,no,1,1,0.10999999999999999,0.10999999999999999,0.007699999999999999,0.10229999999999999,0.89,0.84,0.835,0.050000000000000044,0.05500000000000005,0.015000000000000013,-0.1844,0.7056,0.10999999999999999,<0,6-12bp
2026-05-20T13:00:00+00:00,dh-target,KXBTC15M-26MAY200915-15,2026-05-20T13:15:00Z,5.5,77555.85,77492.06,0.04,0.08225,0.21,0.22,0.01,0.215,no,0.0,9.4377,0.0,7.837,no,-0.1344,1.236517,0.508831,1.6007,0.84,2,133fca93-be9b-4bff-bd6d-03b8da60adb1,ok,no,2,1,0.16000000000000003,0.32000000000000006,0.022400000000000007,0.29760000000000003,1.68,0.79,0.785,0.04999999999999993,0.05499999999999994,0.014999999999999902,-0.1344,0.7056,0.16000000000000003,<0,6-12bp
2026-05-20T13:00:00+00:00,dh-target,KXBTC15M-26MAY200915-15,2026-05-20T13:15:00Z,6.0,77555.85,77462.08,0.34,0.120906,0.11,0.12,0.01,0.115,no,0.0,14.1149,0.0,9.4377,no,-0.1307,1.809106,0.520142,4.6772,0.94,5,a0e72cbe-5127-4a48-b88d-21c7263b31d5,ok,no,5,1,0.06000000000000005,0.30000000000000027,0.02100000000000002,0.27900000000000025,4.699999999999999,0.89,0.885,0.04999999999999993,0.05499999999999994,0.014999999999999902,-0.1307,0.8092999999999999,0.06000000000000005,<0,>12bp
2026-05-20T13:15:00+00:00,dh-target,KXBTC15M-26MAY200930-30,2026-05-20T13:30:00Z,4.0,77407.95,77383.22,0.08,0.031948,0.43,0.44,0.01,0.435,no,0.0,7.3142,0.0,0.0,no,-0.0516,0.61221,0.796482,7.3142,0.62,12,e76dbc85-e636-42b2-92d1-5d36963b1bb4,ok,no,12,1,0.38,4.5600000000000005,0.31920000000000004,4.2408,7.4399999999999995,0.5700000000000001,0.565,0.04999999999999993,0.05500000000000005,0.015000000000000013,-0.0516,0.5684,0.38,<0,3-6bp
2026-05-20T13:15:00+00:00,dh-target,KXBTC15M-26MAY200930-30,2026-05-20T13:30:00Z,5.0,77407.95,77363.41,0.42,0.057539,0.36,0.37,0.01,0.365,no,0.0,14.3221,0.0,7.3142,no,0.0156,0.898793,1.062319,7.0079,0.69,10,a190588b-c862-4d18-b9b3-6048511a9980,ok,no,10,1,0.31000000000000005,3.1000000000000005,0.21700000000000008,2.8830000000000005,6.8999999999999995,0.64,0.635,0.04999999999999993,0.05499999999999994,0.014999999999999902,0.0156,0.7055999999999999,0.31000000000000005,0-5c,3-6bp
2026-05-20T13:15:00+00:00,dh-target,KXBTC15M-26MAY200930-30,2026-05-20T13:30:00Z,9.0,77407.95,77410.0,0.36,0.002648,0.58,0.6,0.02,0.59,yes,5.0171,0.0,0.0,14.3221,yes,-0.0269,0.374631,0.892813,5.0171,0.65,8,dfd51d91-5843-4b04-9161-8e49690cc202,ok,no,8,0,-0.65,-5.2,0.0,-5.2,5.2,0.6,0.59,0.050000000000000044,0.06000000000000005,0.020000000000000018,-0.0269,0.6231,-0.65,<0,<3bp
2026-05-20T13:30:00+00:00,dh-target,KXBTC15M-26MAY200945-45,2026-05-20T13:45:00Z,4.0,77225.09,77128.87,1.57,0.124597,0.27,0.28,0.01,0.275,no,0.0,24.5242,0.0,0.0,no,-0.0306,1.861687,0.878208,24.5242,0.78,31,1e9fa8f7-f2ed-4088-9f6f-356503a20903,ok,no,31,1,0.21999999999999997,6.819999999999999,0.47739999999999994,6.342599999999999,24.18,0.73,0.725,0.050000000000000044,0.05500000000000005,0.015000000000000013,-0.0306,0.7494000000000001,0.21999999999999997,<0,>12bp
2026-05-20T13:30:00+00:00,dh-target,KXBTC15M-26MAY200945-45,2026-05-20T13:45:00Z,6.5,77225.09,77003.34,0.08,0.287148,0.1,0.11,0.01,0.105,no,0.0,35.5871,0.0,24.5242,no,-0.0482,2.930592,0.809554,11.0629,0.95,12,f098d001-35e8-4223-ae1c-d71fb10184ad,ok,no,12,1,0.050000000000000044,0.6000000000000005,0.042000000000000044,0.5580000000000005,11.399999999999999,0.9,0.895,0.04999999999999993,0.05499999999999994,0.014999999999999902,-0.0482,0.9017999999999999,0.050000000000000044,<0,>12bp
2026-05-20T13:30:00+00:00,dh-target,KXBTC15M-26MAY200945-45,2026-05-20T13:45:00Z,7.0,77225.09,77032.11,0.25,0.249893,0.11,0.13,0.02,0.12,no,0.0,39.3888,0.0,35.5871,no,-0.0203,2.857432,0.918978,3.8017,0.94,4,a6aabc14-65fa-4c44-8108-ca34f3253977,ok,no,4,1,0.06000000000000005,0.2400000000000002,0.016800000000000016,0.2232000000000002,3.76,0.89,0.88,0.04999999999999993,0.05999999999999994,0.019999999999999907,-0.0203,0.9197,0.06000000000000005,<0,>12bp
2026-05-20T13:45:00+00:00,dh-target,KXBTC15M-26MAY201000-00,2026-05-20T14:00:00Z,4.0,76968.75,77130.31,0.02,0.209903,0.9,0.905,0.005,0.9025,yes,25.128,0.0,0.0,0.0,yes,-0.0999,2.700227,0.620393,25.128,0.955,26,c9f583e0-698f-4eda-9ac5-52b62ec27e18,ok,yes,26,1,0.04500000000000004,1.170000000000001,0.08190000000000008,1.088100000000001,24.83,0.905,0.9025,0.04999999999999993,0.05249999999999999,0.012499999999999956,-0.0999,0.8551,0.04500000000000004,<0,>12bp
2026-05-20T13:45:00+00:00,dh-target,KXBTC15M-26MAY201000-00,2026-05-20T14:00:00Z,5.5,76968.75,77134.62,0.47,0.215503,0.89,0.9,0.01,0.895,yes,31.3892,0.0,25.128,0.0,yes,-0.0594,2.729121,0.766772,6.2612,0.95,7,f2d56b63-ed1d-4316-83e5-9a73f9ca0915,ok,yes,7,1,0.050000000000000044,0.3500000000000003,0.024500000000000025,0.3255000000000003,6.6499999999999995,0.9,0.895,0.04999999999999993,0.05499999999999994,0.014999999999999902,-0.0594,0.8906,0.050000000000000044,<0,>12bp
2026-05-20T13:45:00+00:00,dh-target,KXBTC15M-26MAY201000-00,2026-05-20T14:00:00Z,8.0,76968.75,77128.84,0.38,0.207994,0.914,0.919,0.005,0.9165,yes,36.485,0.0,31.3892,0.0,yes,-0.024,2.689763,0.904294,5.0958,0.969,5,6cd4f47c-e139-4699-b051-c1eb03901dac,ok,yes,5,1,0.031000000000000028,0.15500000000000014,0.01085000000000001,0.14415000000000014,4.845,0.919,0.9165,0.04999999999999993,0.05249999999999999,0.012499999999999956,-0.024,0.945,0.031000000000000028,<0,>12bp
2026-05-20T14:00:00+00:00,dh-target,KXBTC15M-26MAY201015-15,2026-05-20T14:15:00Z,4.0,77109.6,77114.39,0.04,0.006212,0.53,0.54,0.01,0.535,yes,5.4641,0.0,0.0,0.0,yes,-0.0216,0.39863,0.913814,5.4641,0.59,9,e820440d-789c-4f29-a60f-3832d1fd0e59,ok,no,9,0,-0.59,-5.31,0.0,-5.31,5.31,0.54,0.535,0.04999999999999993,0.05499999999999994,0.014999999999999902,-0.0216,0.5684,-0.59,<0,<3bp
2026-05-20T14:00:00+00:00,dh-target,KXBTC15M-26MAY201015-15,2026-05-20T14:15:00Z,5.5,77109.6,77102.23,0.06,0.009558,0.54,0.55,0.01,0.545,no,0.0,8.1828,5.4641,0.0,no,0.0751,0.422334,1.291679,8.1828,0.51,16,e4eb744e-1b6d-48c8-8a2b-91e5aef720b6,ok,no,16,1,0.49,7.84,0.5488000000000001,7.2912,8.16,0.45999999999999996,0.45499999999999996,0.050000000000000044,0.05500000000000005,0.015000000000000069,0.0751,0.5851,0.49,5-10c,<3bp
2026-05-20T14:00:00+00:00,dh-target,KXBTC15M-26MAY201015-15,2026-05-20T14:15:00Z,6.0,77109.6,77053.67,0.34,0.072533,0.35,0.36,0.01,0.355,no,0.0,17.8511,5.4641,8.1828,no,0.021,1.098054,1.083803,9.6683,0.7,14,0f02a943-e8f2-4eaa-86d9-efa0996d7a25,ok,no,14,1,0.30000000000000004,4.200000000000001,0.29400000000000004,3.906000000000001,9.799999999999999,0.65,0.645,0.04999999999999993,0.05499999999999994,0.014999999999999902,0.021,0.721,0.30000000000000004,0-5c,6-12bp
2026-05-20T14:00:00+00:00,dh-target,KXBTC15M-26MAY201015-15,2026-05-20T14:15:00Z,11.0,77109.6,77004.76,0.02,0.135962,0.16,0.17,0.01,0.165,no,0.0,31.9647,5.4641,17.8511,no,0.0141,2.017323,1.05634,14.1136,0.89,16,e1d1ca18-9870-40f6-8f54-a44e84304a91,ok,no,16,1,0.10999999999999999,1.7599999999999998,0.12319999999999999,1.6367999999999998,14.24,0.84,0.835,0.050000000000000044,0.05500000000000005,0.015000000000000013,0.0141,0.9041,0.10999999999999999,0-5c,>12bp
2026-05-20T14:15:00+00:00,dh-target,KXBTC15M-26MAY201030-30,2026-05-20T14:30:00Z,4.0,77040.61,77392.26,0.05,0.456448,0.88,0.89,0.01,0.885,yes,30.2553,0.0,0.0,0.0,yes,-0.0849,2.997597,0.67288,30.2553,0.94,32,19af022e-8c80-4eb8-b304-2e19d2ac1e73,ok,yes,32,1,0.06000000000000005,1.9200000000000017,0.13440000000000013,1.7856000000000016,30.08,0.89,0.885,0.04999999999999993,0.05499999999999994,0.014999999999999902,-0.0849,0.8551,0.06000000000000005,<0,>12bp
2026-05-20T14:30:00+00:00,dh-target,KXBTC15M-26MAY201045-45,2026-05-20T14:45:00Z,4.0,77342.87,77380.01,0.54,0.04802,0.65,0.66,0.01,0.655,yes,5.7282,0.0,0.0,0.0,yes,-0.1416,0.783681,0.487289,5.7282,0.71,8,cdbfee63-7b6c-4564-b6a8-8d356c102715,ok,no,8,0,-0.71,-5.68,0.0,-5.68,5.68,0.66,0.655,0.04999999999999993,0.05499999999999994,0.014999999999999902,-0.1416,0.5684,-0.71,<0,3-6bp
2026-05-20T14:30:00+00:00,dh-target,KXBTC15M-26MAY201045-45,2026-05-20T14:45:00Z,5.0,77342.87,77299.99,0.16,0.055441,0.46,0.47,0.01,0.465,no,0.0,18.744,5.7282,0.0,no,0.1156,0.872605,1.432038,18.744,0.59,32,e4e2d89e-215a-4288-8276-1ff6273f845a,ok,no,32,1,0.41000000000000003,13.120000000000001,0.9184000000000001,12.201600000000001,18.88,0.54,0.5349999999999999,0.04999999999999993,0.05500000000000005,0.015000000000000013,0.1156,0.7056,0.41000000000000003,10-20c,3-6bp
2026-05-20T14:30:00+00:00,dh-target,KXBTC15M-26MAY201045-45,2026-05-20T14:45:00Z,5.5,77342.87,77246.74,0.22,0.124291,0.3,0.31,0.01,0.305,no,0.0,30.571,5.7282,18.744,no,0.0244,1.85736,1.097291,11.8269,0.75,16,235b343b-e1ed-46ae-852b-49cb07909c87,ok,no,16,1,0.25,4.0,0.28,3.7199999999999998,12.0,0.7,0.6950000000000001,0.050000000000000044,0.05499999999999994,0.014999999999999902,0.0244,0.7744,0.25,0-5c,>12bp
2026-05-20T14:30:00+00:00,dh-target,KXBTC15M-26MAY201045-45,2026-05-20T14:45:00Z,6.0,77342.87,77225.74,0.09,0.151443,0.27,0.28,0.01,0.275,no,0.0,37.0188,5.7282,30.571,no,0.0293,2.210079,1.116666,6.4478,0.78,8,2924447c-a15e-4dc2-85d9-2526062f4f1d,ok,no,8,1,0.21999999999999997,1.7599999999999998,0.12319999999999999,1.6367999999999998,6.24,0.73,0.725,0.050000000000000044,0.05500000000000005,0.015000000000000013,0.0293,0.8093,0.21999999999999997,0-5c,>12bp
2026-05-20T14:45:00+00:00,dh-target,KXBTC15M-26MAY201100-00,2026-05-20T15:00:00Z,4.0,77320.48,77353.38,0.96,0.04255,0.63,0.64,0.01,0.635,yes,5.942,0.0,0.0,0.0,yes,-0.1216,0.722017,0.548646,5.942,0.69,9,fad88199-0fdd-41a1-a1c1-a63eb2251955,ok,yes,9,1,0.31000000000000005,2.7900000000000005,0.19530000000000006,2.5947000000000005,6.209999999999999,0.64,0.635,0.04999999999999993,0.05499999999999994,0.014999999999999902,-0.1216,0.5683999999999999,0.31000000000000005,<0,3-6bp
2026-05-20T14:45:00+00:00,dh-target,KXBTC15M-26MAY201100-00,2026-05-20T15:00:00Z,7.0,77320.48,77381.63,0.09,0.079086,0.74,0.75,0.01,0.745,yes,12.8356,0.0,5.942,0.0,yes,-0.0723,1.190791,0.718602,6.8936,0.8,9,cef25ad6-2ff6-44af-91e9-77f2f6c26c52,ok,yes,9,1,0.19999999999999996,1.7999999999999996,0.126,1.6739999999999995,7.2,0.75,0.745,0.050000000000000044,0.05500000000000005,0.015000000000000013,-0.0723,0.7277,0.19999999999999996,<0,6-12bp
2026-05-20T14:45:00+00:00,dh-target,KXBTC15M-26MAY201100-00,2026-05-20T15:00:00Z,8.0,77320.48,77418.99,0.08,0.127405,0.85,0.86,0.01,0.855,yes,21.1581,0.0,12.8356,0.0,yes,-0.066,1.901081,0.741967,8.3225,0.91,9,db17cba0-b7aa-442b-a4be-23e1a1272bce,ok,yes,9,1,0.08999999999999997,0.8099999999999997,0.056699999999999987,0.7532999999999997,8.19,0.86,0.855,0.050000000000000044,0.05500000000000005,0.015000000000000013,-0.066,0.8440000000000001,0.08999999999999997,<0,>12bp
2026-05-20T15:00:00+00:00,dh-target,KXBTC15M-26MAY201115-15,2026-05-20T15:15:00Z,4.0,77398.67,77337.1,0.5,0.079549,0.3,0.31,0.01,0.305,no,0.0,11.9198,0.0,0.0,no,-0.0875,1.197444,0.663624,11.9198,0.75,16,9864637a-1875-4556-bd4e-0889d6235252,ok,no,16,1,0.25,4.0,0.28,3.7199999999999998,12.0,0.7,0.6950000000000001,0.050000000000000044,0.05499999999999994,0.014999999999999902,-0.0875,0.6625,0.25,<0,6-12bp
2026-05-20T15:00:00+00:00,dh-target,KXBTC15M-26MAY201115-15,2026-05-20T15:15:00Z,5.0,77398.67,77289.92,0.06,0.140506,0.19,0.2,0.01,0.195,no,0.0,20.8798,0.0,11.9198,no,-0.0856,2.076409,0.670382,8.96,0.86,10,3051d81e-5d08-4ed0-a513-06edcf94915a,ok,no,10,1,0.14,1.4000000000000001,0.09800000000000002,1.302,8.6,0.81,0.8049999999999999,0.04999999999999993,0.05500000000000005,0.015000000000000013,-0.0856,0.7744,0.14,<0,>12bp
2026-05-20T15:00:00+00:00,dh-target,KXBTC15M-26MAY201115-15,2026-05-20T15:15:00Z,6.0,77398.67,77292.18,0.3,0.137586,0.18,0.19,0.01,0.185,no,0.0,23.2977,0.0,20.8798,no,-0.0607,2.038665,0.761861,2.4179,0.87,3,d2489642-b606-4cb1-bc06-f274535303cd,ok,no,3,1,0.13,0.39,0.0273,0.3627,2.61,0.8200000000000001,0.815,0.04999999999999993,0.05500000000000005,0.015000000000000013,-0.0607,0.8093,0.13,<0,>12bp
2026-05-20T15:30:00+00:00,dh-target,KXBTC15M-26MAY201145-45,2026-05-20T15:45:00Z,4.0,77511.81,77558.76,0.03,0.060571,0.63,0.64,0.01,0.635,yes,12.5208,0.0,0.0,0.0,yes,-0.0275,0.937426,0.890442,12.5208,0.69,18,6973ec3b-cce3-4a3a-991e-0b6e72035323,ok,no,18,0,-0.69,-12.419999999999998,0.0,-12.419999999999998,12.419999999999998,0.64,0.635,0.04999999999999993,0.05499999999999994,0.014999999999999902,-0.0275,0.6625,-0.69,<0,6-12bp
2026-05-20T15:30:00+00:00,dh-target,KXBTC15M-26MAY201145-45,2026-05-20T15:45:00Z,5.0,77511.81,77511.57,0.01,0.00031,0.53,0.55,0.02,0.54,no,0.0,6.767,12.5208,0.0,no,0.0651,0.359564,1.25467,6.767,0.52,13,8d153e77-a3e3-4cfd-a341-9b8a7700ee8d,ok,no,13,1,0.48,6.24,0.4368000000000001,5.8032,6.76,0.47,0.45999999999999996,0.050000000000000044,0.06000000000000005,0.020000000000000073,0.0651,0.5851000000000001,0.48,5-10c,<3bp
2026-05-20T15:30:00+00:00,dh-target,KXBTC15M-26MAY201145-45,2026-05-20T15:45:00Z,8.0,77511.81,77500.77,0.41,0.014243,0.51,0.52,0.01,0.515,no,0.0,8.5947,12.5208,6.767,no,0.0645,0.457495,1.252424,1.8276,0.54,3,89a47a3f-ed0a-4461-9126-defac7eac64d,ok,no,3,1,0.45999999999999996,1.38,0.09659999999999999,1.2833999999999999,1.62,0.49,0.485,0.050000000000000044,0.05500000000000005,0.015000000000000013,0.0645,0.6045,0.45999999999999996,5-10c,<3bp
2026-05-20T15:30:00+00:00,dh-target,KXBTC15M-26MAY201145-45,2026-05-20T15:45:00Z,9.0,77511.81,77486.82,0.09,0.03224,0.44,0.45,0.01,0.445,no,0.0,9.709,12.5208,8.5947,no,0.0131,0.615067,1.052352,1.1143,0.61,2,773e013d-b2a6-4fe4-bc55-de8b4eb6d318,ok,no,2,1,0.39,0.78,0.05460000000000001,0.7254,1.22,0.56,0.5549999999999999,0.04999999999999993,0.05500000000000005,0.015000000000000013,0.0131,0.6231,0.39,0-5c,3-6bp
2026-05-20T15:30:00+00:00,dh-target,KXBTC15M-26MAY201145-45,2026-05-20T15:45:00Z,10.0,77511.81,77419.71,0.06,0.118821,0.16,0.17,0.01,0.165,no,0.0,28.6458,12.5208,9.709,no,0.0184,1.779022,1.073467,18.9368,0.89,21,56b67483-6392-4a40-bcdb-1384045eb488,ok,no,21,1,0.10999999999999999,2.3099999999999996,0.16169999999999998,2.1482999999999994,18.69,0.84,0.835,0.050000000000000044,0.05500000000000005,0.015000000000000013,0.0184,0.9084,0.10999999999999999,0-5c,6-12bp
2026-05-20T15:45:00+00:00,dh-target,KXBTC15M-26MAY201200-00,2026-05-20T16:00:00Z,4.0,77358.54,77459.21,0.13,0.130134,0.83,0.85,0.02,0.84,yes,13.414,0.0,0.0,0.0,yes,-0.1506,1.938812,0.461245,13.414,0.9,15,9a9c7a4a-218f-46b9-b03d-8980966563b8,ok,yes,15,1,0.09999999999999998,1.4999999999999996,0.10499999999999998,1.3949999999999996,13.5,0.85,0.84,0.050000000000000044,0.06000000000000005,0.020000000000000018,-0.1506,0.7494000000000001,0.09999999999999998,<0,>12bp
2026-05-20T15:45:00+00:00,dh-target,KXBTC15M-26MAY201200-00,2026-05-20T16:00:00Z,5.0,77358.54,77473.65,0.23,0.148801,0.86,0.87,0.01,0.865,yes,15.5444,0.0,13.414,0.0,yes,-0.1456,2.178949,0.475592,2.1304,0.92,2,3c1294f4-2df8-4386-9c62-8331cd9dccfe,ok,yes,2,1,0.07999999999999996,0.15999999999999992,0.011199999999999995,0.14879999999999993,1.84,0.87,0.865,0.050000000000000044,0.05500000000000005,0.015000000000000013,-0.1456,0.7744,0.07999999999999996,<0,>12bp
2026-05-20T15:45:00+00:00,dh-target,KXBTC15M-26MAY201200-00,2026-05-20T16:00:00Z,7.0,77358.54,77479.19,0.26,0.155962,0.918,0.919,0.001,0.9185,yes,16.9846,0.0,15.5444,0.0,yes,-0.1371,2.261544,0.50068,1.4403,0.969,1,93195773-7eb2-4077-ad49-1e40626bd2fe,ok,yes,1,1,0.031000000000000028,0.031000000000000028,0.0021700000000000022,0.028830000000000026,0.969,0.919,0.9185,0.04999999999999993,0.05049999999999999,0.010499999999999954,-0.1371,0.8319,0.031000000000000028,<0,>12bp
2026-05-20T15:45:00+00:00,dh-target,KXBTC15M-26MAY201200-00,2026-05-20T16:00:00Z,13.5,77358.54,77343.58,0.51,0.019339,0.51,0.52,0.01,0.515,no,0.0,11.5233,16.9846,0.0,no,0.1515,0.498422,1.541305,11.5233,0.54,21,d5448029-706c-4465-a721-39ab054e08c8,ok,yes,21,0,-0.54,-11.34,0.0,-11.34,11.34,0.49,0.485,0.050000000000000044,0.05500000000000005,0.015000000000000013,0.1515,0.6915,-0.54,10-20c,<3bp
2026-05-20T16:00:00+00:00,dh-target,KXBTC15M-26MAY201215-15,2026-05-20T16:15:00Z,4.0,77375.72,77353.03,0.15,0.029324,0.48,0.49,0.01,0.485,no,0.0,8.7493,0.0,0.0,no,-0.0016,0.587043,0.9936,8.7493,0.57,15,3399f996-b5d7-4502-b130-171a67fe673b,ok,yes,15,0,-0.57,-8.549999999999999,0.0,-8.549999999999999,8.549999999999999,0.52,0.515,0.04999999999999993,0.05499999999999994,0.014999999999999902,-0.0016,0.5683999999999999,-0.57,<0,<3bp
2026-05-20T16:00:00+00:00,dh-target,KXBTC15M-26MAY201215-15,2026-05-20T16:15:00Z,5.5,77375.72,77379.64,0.16,0.005066,0.62,0.63,0.01,0.625,yes,3.7376,0.0,0.0,8.7493,yes,-0.0949,0.390775,0.63764,3.7376,0.68,5,72716e53-7aaa-492a-80fb-516c1f943f6e,ok,yes,5,1,0.31999999999999995,1.5999999999999996,0.112,1.4879999999999995,3.4000000000000004,0.63,0.625,0.050000000000000044,0.05500000000000005,0.015000000000000013,-0.0949,0.5851000000000001,0.31999999999999995,<0,<3bp
2026-05-20T16:00:00+00:00,dh-target,KXBTC15M-26MAY201215-15,2026-05-20T16:15:00Z,6.0,77375.72,77384.79,0.19,0.011722,0.6,0.61,0.01,0.605,yes,4.8951,0.0,3.7376,8.7493,yes,-0.0653,0.438286,0.744582,1.1575,0.66,2,afaa1031-c160-4e91-8dfe-39e036ccdfa6,ok,yes,2,1,0.33999999999999997,0.6799999999999999,0.0476,0.6324,1.32,0.61,0.605,0.050000000000000044,0.05500000000000005,0.015000000000000013,-0.0653,0.5947,0.33999999999999997,<0,<3bp
2026-05-20T16:00:00+00:00,dh-target,KXBTC15M-26MAY201215-15,2026-05-20T16:15:00Z,6.5,77375.72,77382.0,0.16,0.008116,0.53,0.54,0.01,0.535,yes,6.2959,0.0,4.8951,8.7493,yes,0.0047,0.411979,1.018798,1.4008,0.59,2,8326f082-cc19-41b7-bc41-3eebff8a4377,ok,yes,2,1,0.41000000000000003,0.8200000000000001,0.05740000000000001,0.7626000000000001,1.18,0.54,0.535,0.04999999999999993,0.05499999999999994,0.014999999999999902,0.0047,0.5947,0.41000000000000003,0-5c,<3bp
2026-05-20T16:00:00+00:00,dh-target,KXBTC15M-26MAY201215-15,2026-05-20T16:15:00Z,7.0,77375.72,77418.02,0.3,0.054668,0.73,0.74,0.01,0.735,yes,9.785,0.0,6.2959,8.7493,yes,-0.0623,0.863068,0.755833,3.4892,0.79,4,54761bf8-171d-42f2-a973-4e4f13a8696a,ok,yes,4,1,0.20999999999999996,0.8399999999999999,0.0588,0.7811999999999999,3.16,0.74,0.735,0.050000000000000044,0.05500000000000005,0.015000000000000013,-0.0623,0.7277,0.20999999999999996,<0,3-6bp
2026-05-20T16:00:00+00:00,dh-target,KXBTC15M-26MAY201215-15,2026-05-20T16:15:00Z,7.5,77375.72,77470.58,0.4,0.122597,0.88,0.89,0.01,0.885,yes,16.2982,0.0,9.785,8.7493,yes,-0.1081,1.833295,0.592675,6.5132,0.94,7,2e0ee3e6-94ca-42de-974d-42cd6a2da684,ok,yes,7,1,0.06000000000000005,0.4200000000000004,0.02940000000000003,0.39060000000000034,6.58,0.89,0.885,0.04999999999999993,0.05499999999999994,0.014999999999999902,-0.1081,0.8319,0.06000000000000005,<0,>12bp
2026-05-20T16:00:00+00:00,dh-target,KXBTC15M-26MAY201215-15,2026-05-20T16:15:00Z,10.0,77375.72,77460.05,0.17,0.108988,0.901,0.903,0.002,0.902,yes,20.1888,0.0,16.2982,8.7493,yes,-0.0446,1.634453,0.823469,3.8906,0.953,4,0cba68ef-3c00-4863-9049-18002939fcb1,ok,yes,4,1,0.04700000000000004,0.18800000000000017,0.013160000000000014,0.17484000000000016,3.812,0.903,0.902,0.04999999999999993,0.050999999999999934,0.010999999999999899,-0.0446,0.9084,0.04700000000000004,<0,6-12bp
2026-05-20T16:15:00+00:00,dh-target,KXBTC15M-26MAY201230-30,2026-05-20T16:30:00Z,4.0,77430.41,77291.86,0.07,0.178935,0.14,0.15,0.01,0.145,no,0.0,16.1709,0.0,0.0,no,-0.1606,2.48706,0.433469,16.1709,0.91,18,adc74348-4f91-4232-ade8-8dec3ec74a3f,ok,no,18,1,0.08999999999999997,1.6199999999999994,0.11339999999999997,1.5065999999999995,16.38,0.86,0.855,0.050000000000000044,0.05500000000000005,0.015000000000000013,-0.1606,0.7494000000000001,0.08999999999999997,<0,>12bp
2026-05-20T16:30:00+00:00,dh-target,KXBTC15M-26MAY201245-45,2026-05-20T16:45:00Z,4.0,76990.03,77041.93,0.05,0.067411,0.69,0.7,0.01,0.695,yes,10.2308,0.0,0.0,0.0,yes,-0.0875,1.02777,0.663624,10.2308,0.75,14,9c6ad40b-3edd-447c-ae94-27858db5e57b,ok,yes,14,1,0.25,3.5,0.24500000000000002,3.255,10.5,0.7,0.695,0.050000000000000044,0.05500000000000005,0.015000000000000013,-0.0875,0.6625,0.25,<0,6-12bp
2026-05-20T16:30:00+00:00,dh-target,KXBTC15M-26MAY201245-45,2026-05-20T16:45:00Z,5.0,76990.03,77084.0,0.33,0.122055,0.8,0.81,0.01,0.805,yes,18.3573,0.0,10.2308,0.0,yes,-0.0856,1.82556,0.670382,8.1265,0.86,9,f79f8fc7-1939-4269-81e7-b73913e7e39e,ok,yes,9,1,0.14,1.2600000000000002,0.08820000000000001,1.1718000000000002,7.74,0.81,0.805,0.04999999999999993,0.05499999999999994,0.014999999999999902,-0.0856,0.7744,0.14,<0,>12bp
2026-05-20T16:45:00+00:00,dh-target,KXBTC15M-26MAY201300-00,2026-05-20T17:00:00Z,4.0,77255.7,77193.37,0.08,0.08068,0.31,0.32,0.01,0.315,no,0.0,12.7365,0.0,0.0,no,-0.0775,1.213755,0.699563,12.7365,0.74,17,e950708a-bc0b-4a89-a275-6e5aaac1f002,ok,no,17,1,0.26,4.42,0.3094,4.1106,12.58,0.69,0.685,0.050000000000000044,0.05499999999999994,0.014999999999999902,-0.0775,0.6625,0.26,<0,6-12bp
2026-05-20T16:45:00+00:00,dh-target,KXBTC15M-26MAY201300-00,2026-05-20T17:00:00Z,5.5,77255.7,77263.83,0.6,0.010523,0.55,0.56,0.01,0.555,yes,5.8015,0.0,0.0,12.7365,yes,-0.0249,0.429391,0.900728,5.8015,0.61,10,0bde35c5-1b08-4f8a-be3f-f859ba0b27dc,ok,no,10,0,-0.61,-6.1,0.0,-6.1,6.1,0.56,0.555,0.04999999999999993,0.05499999999999994,0.014999999999999902,-0.0249,0.5851,-0.61,<0,<3bp
2026-05-20T16:45:00+00:00,dh-target,KXBTC15M-26MAY201300-00,2026-05-20T17:00:00Z,8.0,77255.7,77202.73,0.12,0.068565,0.28,0.29,0.01,0.285,no,0.0,14.352,5.8015,12.7365,no,-0.0208,1.04341,0.916991,1.6155,0.77,2,72899aed-4cbd-4c47-9fd3-3815867bc468,ok,no,2,1,0.22999999999999998,0.45999999999999996,0.0322,0.42779999999999996,1.54,0.72,0.7150000000000001,0.050000000000000044,0.05499999999999994,0.014999999999999902,-0.0208,0.7492,0.22999999999999998,<0,6-12bp
2026-05-20T16:45:00+00:00,dh-target,KXBTC15M-26MAY201300-00,2026-05-20T17:00:00Z,10.0,77255.7,77175.36,0.2,0.103992,0.11,0.12,0.01,0.115,no,0.0,20.456,5.8015,14.352,no,-0.0316,1.559853,0.874269,6.104,0.94,6,ba4a20e3-7769-44d3-a2b1-64015cf06275,ok,no,6,1,0.06000000000000005,0.3600000000000003,0.025200000000000024,0.3348000000000003,5.64,0.89,0.885,0.04999999999999993,0.05499999999999994,0.014999999999999902,-0.0316,0.9084,0.06000000000000005,<0,6-12bp
2026-05-20T17:00:00+00:00,dh-target,KXBTC15M-26MAY201315-15,2026-05-20T17:15:00Z,4.0,77252.0,77222.24,0.12,0.038523,0.45,0.46,0.01,0.455,no,0.0,8.9017,0.0,0.0,no,-0.0316,0.678789,0.874269,8.9017,0.6,15,49202fb2-ef7f-4b00-b868-7ff3ac6e4e96,ok,yes,15,0,-0.6,-9.0,0.0,-9.0,9.0,0.55,0.5449999999999999,0.04999999999999993,0.05500000000000005,0.015000000000000013,-0.0316,0.5684,-0.6,<0,3-6bp
2026-05-20T17:00:00+00:00,dh-target,KXBTC15M-26MAY201315-15,2026-05-20T17:15:00Z,4.5,77252.0,77199.25,0.29,0.068283,0.37,0.38,0.01,0.375,no,0.0,14.5039,0.0,8.9017,no,-0.0175,1.039582,0.930114,5.6023,0.68,8,ec4fbd16-f5ca-4ab3-a574-f75d8ca3726e,ok,yes,8,0,-0.68,-5.44,0.0,-5.44,5.44,0.63,0.625,0.050000000000000044,0.05500000000000005,0.015000000000000013,-0.0175,0.6625000000000001,-0.68,<0,6-12bp
2026-05-20T17:00:00+00:00,dh-target,KXBTC15M-26MAY201315-15,2026-05-20T17:15:00Z,5.0,77252.0,77175.9,0.13,0.098509,0.29,0.3,0.01,0.295,no,0.0,17.4162,0.0,14.5039,no,-0.0544,1.477633,0.785771,2.9123,0.76,4,33ca8f9a-9541-4bc9-a1fb-f6aa340e87a6,ok,yes,4,0,-0.76,-3.04,0.0,-3.04,3.04,0.71,0.7050000000000001,0.050000000000000044,0.05499999999999994,0.014999999999999902,-0.0544,0.7056,-0.76,<0,6-12bp
2026-05-20T17:00:00+00:00,dh-target,KXBTC15M-26MAY201315-15,2026-05-20T17:15:00Z,5.5,77252.0,77172.01,0.07,0.103544,0.29,0.3,0.01,0.295,no,0.0,24.6376,0.0,17.4162,no,0.0144,1.553141,1.057536,7.2213,0.76,10,12848889-e8ff-4f5b-8e90-4f2f1e042398,ok,yes,10,0,-0.76,-7.6,0.0,-7.6,7.6,0.71,0.7050000000000001,0.050000000000000044,0.05499999999999994,0.014999999999999902,0.0144,0.7744,-0.76,0-5c,6-12bp
2026-05-20T17:00:00+00:00,dh-target,KXBTC15M-26MAY201315-15,2026-05-20T17:15:00Z,11.5,77252.0,77263.97,0.03,0.015495,0.59,0.6,0.01,0.595,yes,6.7123,0.0,0.0,24.6376,yes,-0.0106,0.467286,0.957625,6.7123,0.65,10,51ba4c16-2cae-4445-935a-6e1cfbb3eb81,ok,yes,10,1,0.35,3.5,0.245,3.255,6.5,0.6,0.595,0.050000000000000044,0.05500000000000005,0.015000000000000013,-0.0106,0.6394,0.35,<0,<3bp
2026-05-20T17:00:00+00:00,dh-target,KXBTC15M-26MAY201315-15,2026-05-20T17:15:00Z,11.5,77252.0,77263.97,0.03,0.015495,0.59,0.6,0.01,0.595,yes,6.7123,0.0,6.7123,24.6376,yes-hedge,-0.0106,0.467286,0.957625,16.9532,0.65,26,738b0da3-b2ae-4fd8-9d18-43c3e52c9fb5,ok,yes,26,0,-0.65,-16.900000000000002,0.0,-16.900000000000002,16.900000000000002,0.41000000000000003,0.405,0.24,0.245,0.20500000000000002,-0.0106,0.6394,-0.65,<0,<3bp
2026-05-20T17:15:00+00:00,dh-target,KXBTC15M-26MAY201330-30,2026-05-20T17:30:00Z,4.0,77333.34,77358.0,0.42,0.031888,0.62,0.63,0.01,0.625,yes,5.3309,0.0,0.0,0.0,yes,-0.1116,0.611629,0.581065,5.3309,0.68,8,8f808c3f-08ac-449d-b93b-179437d3fafc,ok,yes,8,1,0.31999999999999995,2.5599999999999996,0.1792,2.3808,5.44,0.63,0.625,0.050000000000000044,0.05500000000000005,0.015000000000000013,-0.1116,0.5684,0.31999999999999995,<0,3-6bp
2026-05-20T17:15:00+00:00,dh-target,KXBTC15M-26MAY201330-30,2026-05-20T17:30:00Z,4.5,77333.34,77386.02,0.29,0.068121,0.71,0.72,0.01,0.715,yes,9.2536,0.0,5.3309,0.0,yes,-0.1075,1.037377,0.594679,3.9227,0.77,5,d77492cf-03c1-4df2-8045-cfa4d8c2deed,ok,yes,5,1,0.22999999999999998,1.15,0.0805,1.0695,3.85,0.72,0.715,0.050000000000000044,0.05500000000000005,0.015000000000000013,-0.1075,0.6625,0.22999999999999998,<0,6-12bp
2026-05-20T17:15:00+00:00,dh-target,KXBTC15M-26MAY201330-30,2026-05-20T17:30:00Z,5.0,77333.34,77399.92,0.68,0.086095,0.75,0.76,0.01,0.755,yes,11.7336,0.0,9.2536,0.0,yes,-0.1044,1.292756,0.605093,2.48,0.81,3,9f39567d-a349-402d-862f-638aa04a7847,ok,yes,3,1,0.18999999999999995,0.5699999999999998,0.03989999999999999,0.5300999999999998,2.43,0.76,0.755,0.050000000000000044,0.05500000000000005,0.015000000000000013,-0.1044,0.7056,0.18999999999999995,<0,6-12bp
2026-05-20T17:15:00+00:00,dh-target,KXBTC15M-26MAY201330-30,2026-05-20T17:30:00Z,5.5,77333.34,77428.34,0.35,0.122845,0.82,0.84,0.02,0.83,yes,15.6488,0.0,11.7336,0.0,yes,-0.1156,1.836833,0.567962,3.9152,0.89,4,98b240ad-c5dc-422d-95f2-c35f5c755606,ok,yes,4,1,0.10999999999999999,0.43999999999999995,0.030799999999999998,0.40919999999999995,3.56,0.84,0.83,0.050000000000000044,0.06000000000000005,0.020000000000000018,-0.1156,0.7744,0.10999999999999999,<0,>12bp
2026-05-20T17:15:00+00:00,dh-target,KXBTC15M-26MAY201330-30,2026-05-20T17:30:00Z,6.0,77333.34,77431.48,0.18,0.126905,0.85,0.86,0.01,0.855,yes,17.5487,0.0,15.6488,0.0,yes,-0.1007,1.894113,0.617658,1.8999,0.91,2,55e3a39e-c0df-4fb5-9fc5-9deee74a949e,ok,yes,2,1,0.08999999999999997,0.17999999999999994,0.012599999999999997,0.16739999999999994,1.82,0.86,0.855,0.050000000000000044,0.05500000000000005,0.015000000000000013,-0.1007,0.8093,0.08999999999999997,<0,>12bp
2026-05-20T17:30:00+00:00,dh-target,KXBTC15M-26MAY201345-45,2026-05-20T17:45:00Z,4.0,77516.61,77470.55,0.09,0.05942,0.33,0.34,0.01,0.335,no,0.0,10.7115,0.0,0.0,no,-0.0575,0.922643,0.773972,10.7115,0.72,15,7108a1f3-5f18-4039-9595-bc08a11ae285,ok,yes,15,0,-0.72,-10.799999999999999,0.0,-10.799999999999999,10.799999999999999,0.6699999999999999,0.665,0.050000000000000044,0.05499999999999994,0.014999999999999902,-0.0575,0.6625,-0.72,<0,3-6bp
2026-05-20T17:30:00+00:00,dh-target,KXBTC15M-26MAY201345-45,2026-05-20T17:45:00Z,6.0,77516.61,77557.91,0.38,0.053279,0.65,0.66,0.01,0.655,yes,13.2493,0.0,0.0,10.7115,yes,0.011,0.846085,1.043972,13.2493,0.71,19,e3d29b88-7ff9-40ff-b85f-874c128226d9,ok,yes,19,1,0.29000000000000004,5.510000000000001,0.3857000000000001,5.124300000000001,13.489999999999998,0.66,0.655,0.04999999999999993,0.05499999999999994,0.014999999999999902,0.011,0.721,0.29000000000000004,0-5c,3-6bp
2026-05-20T17:30:00+00:00,dh-target,KXBTC15M-26MAY201345-45,2026-05-20T17:45:00Z,6.5,77516.61,77619.99,0.28,0.133365,0.83,0.84,0.01,0.835,yes,20.4603,0.0,13.2493,10.7115,yes,-0.0807,1.982694,0.687964,7.211,0.89,8,4be61f40-2ccc-4593-914d-dd3b30a18b04,ok,yes,8,1,0.10999999999999999,0.8799999999999999,0.061599999999999995,0.8183999999999999,7.12,0.84,0.835,0.050000000000000044,0.05500000000000005,0.015000000000000013,-0.0807,0.8093,0.10999999999999999,<0,>12bp
2026-05-20T17:30:00+00:00,dh-target,KXBTC15M-26MAY201345-45,2026-05-20T17:45:00Z,10.5,77516.61,77503.86,0.37,0.016448,0.42,0.44,0.02,0.43,no,0.0,6.9377,20.4603,10.7115,no-hedge,-0.0065,0.474857,0.974006,7.4883,0.63,12,415e96e8-e926-4b68-81a7-f5fb3aa07b40,ok,yes,12,0,-0.63,-7.5600000000000005,0.0,-7.5600000000000005,7.5600000000000005,0.5800000000000001,0.5700000000000001,0.04999999999999993,0.05999999999999994,0.019999999999999907,-0.0065,0.6235,-0.63,<0,<3bp
2026-05-20T17:45:00+00:00,dh-target,KXBTC15M-26MAY201400-00,2026-05-20T18:00:00Z,4.0,77594.44,77546.71,0.43,0.061512,0.3,0.31,0.01,0.305,no,0.0,9.4526,0.0,0.0,no,-0.0875,0.949595,0.663624,9.4526,0.75,13,fb54b896-cf44-47b4-b1e1-848435a7bf75,ok,no,13,1,0.25,3.25,0.22750000000000004,3.0225,9.75,0.7,0.6950000000000001,0.050000000000000044,0.05499999999999994,0.014999999999999902,-0.0875,0.6625,0.25,<0,6-12bp
2026-05-20T17:45:00+00:00,dh-target,KXBTC15M-26MAY201400-00,2026-05-20T18:00:00Z,5.5,77594.44,77555.09,0.1,0.050712,0.35,0.36,0.01,0.355,no,0.0,12.5027,0.0,9.4526,no,0.0056,0.815256,1.022396,3.0501,0.7,4,3b7e1926-3db2-43c8-9e24-f7c625b26bf8,ok,no,4,1,0.30000000000000004,1.2000000000000002,0.08400000000000002,1.116,2.8,0.65,0.645,0.04999999999999993,0.05499999999999994,0.014999999999999902,0.0056,0.7056,0.30000000000000004,0-5c,3-6bp
2026-05-20T17:45:00+00:00,dh-target,KXBTC15M-26MAY201400-00,2026-05-20T18:00:00Z,6.0,77594.44,77527.22,0.21,0.08663,0.25,0.26,0.01,0.255,no,0.0,13.5418,0.0,12.5027,no,-0.079,1.300635,0.694114,1.0391,0.8,1,b6d14f2d-e1cf-488f-9903-500043ebfbc7,ok,no,1,1,0.19999999999999996,0.19999999999999996,0.013999999999999999,0.18599999999999994,0.8,0.75,0.745,0.050000000000000044,0.05500000000000005,0.015000000000000013,-0.079,0.7210000000000001,0.19999999999999996,<0,6-12bp
2026-05-20T17:45:00+00:00,dh-target,KXBTC15M-26MAY201400-00,2026-05-20T18:00:00Z,7.5,77594.44,77491.87,0.08,0.132187,0.12,0.13,0.01,0.125,no,0.0,18.4851,0.0,13.5418,no,-0.0981,1.966799,0.626573,4.9433,0.93,5,9c6bf9df-546d-4de6-8f9a-90816b2bc244,ok,no,5,1,0.06999999999999995,0.34999999999999976,0.024499999999999987,0.3254999999999998,4.65,0.88,0.875,0.050000000000000044,0.05500000000000005,0.015000000000000013,-0.0981,0.8319000000000001,0.06999999999999995,<0,>12bp
2026-05-20T18:00:00+00:00,dh-target,KXBTC15M-26MAY201415-15,2026-05-20T18:15:00Z,4.0,77506.7,77454.61,0.6,0.067207,0.35,0.36,0.01,0.355,no,0.0,13.086,0.0,0.0,no,-0.0375,1.025012,0.851115,13.086,0.7,19,e1b74bbf-c714-402d-ad1d-d45d98b9c951,ok,no,19,1,0.30000000000000004,5.700000000000001,0.3990000000000001,5.301000000000001,13.299999999999999,0.65,0.645,0.04999999999999993,0.05499999999999994,0.014999999999999902,-0.0375,0.6625,0.30000000000000004,<0,6-12bp
2026-05-20T18:00:00+00:00,dh-target,KXBTC15M-26MAY201415-15,2026-05-20T18:15:00Z,6.0,77506.7,77452.52,0.25,0.069904,0.3,0.31,0.01,0.305,no,0.0,14.0865,0.0,13.086,no,-0.029,1.061709,0.884518,1.0005,0.75,1,e875226f-92e2-43ce-964c-19e2461e4a9b,ok,no,1,1,0.25,0.25,0.0175,0.23249999999999998,0.75,0.7,0.6950000000000001,0.050000000000000044,0.05499999999999994,0.014999999999999902,-0.029,0.721,0.25,<0,6-12bp
2026-05-20T18:15:00+00:00,dh-target,KXBTC15M-26MAY201430-30,2026-05-20T18:30:00Z,4.0,77429.88,77504.79,0.08,0.096746,0.78,0.79,0.01,0.785,yes,8.4748,0.0,0.0,0.0,yes,-0.1775,1.451201,0.389323,8.4748,0.84,10,fa5dac86-52a6-4a09-82bb-307eda8a2c56,ok,yes,10,1,0.16000000000000003,1.6000000000000003,0.11200000000000003,1.4880000000000002,8.4,0.79,0.785,0.04999999999999993,0.05499999999999994,0.014999999999999902,-0.1775,0.6625,0.16000000000000003,<0,6-12bp
2026-05-20T18:15:00+00:00,dh-target,KXBTC15M-26MAY201430-30,2026-05-20T18:30:00Z,4.5,77429.88,77545.77,0.35,0.149671,0.88,0.89,0.01,0.885,yes,11.7404,0.0,8.4748,0.0,yes,-0.1906,2.189288,0.357512,3.2656,0.94,3,211360e1-3ebf-485a-90ea-f24d294a08b0,ok,yes,3,1,0.06000000000000005,0.18000000000000016,0.012600000000000012,0.16740000000000016,2.82,0.89,0.885,0.04999999999999993,0.05499999999999994,0.014999999999999902,-0.1906,0.7494,0.06000000000000005,<0,>12bp
2026-05-20T18:15:00+00:00,dh-target,KXBTC15M-26MAY201430-30,2026-05-20T18:30:00Z,6.0,77429.88,77531.02,0.09,0.130621,0.912,0.918,0.006,0.915,yes,12.8008,0.0,11.7404,0.0,yes,-0.1587,1.945484,0.438651,1.0604,0.968,1,7b839bd6-3186-45ac-8e6d-f91b4ddd71a7,ok,yes,1,1,0.03200000000000003,0.03200000000000003,0.0022400000000000024,0.029760000000000026,0.968,0.918,0.915,0.04999999999999993,0.052999999999999936,0.0129999999999999,-0.1587,0.8092999999999999,0.03200000000000003,<0,>12bp
2026-05-20T18:15:00+00:00,dh-target,KXBTC15M-26MAY201430-30,2026-05-20T18:30:00Z,11.0,77429.88,77374.2,0.16,0.07191,0.26,0.27,0.01,0.265,no,0.0,18.5754,12.8008,0.0,no,0.0344,1.089396,1.136738,18.5754,0.79,24,9c3458d7-6ccd-471d-a4fc-8ad603f62352,ok,yes,24,0,-0.79,-18.96,0.0,-18.96,18.96,0.74,0.735,0.050000000000000044,0.05500000000000005,0.015000000000000013,0.0344,0.8244,-0.79,0-5c,6-12bp
2026-05-20T18:15:00+00:00,dh-target,KXBTC15M-26MAY201430-30,2026-05-20T18:30:00Z,13.0,77429.88,77431.6,0.32,0.002221,0.62,0.63,0.01,0.625,yes,5.834,0.0,12.8008,18.5754,yes-hedge,0.0115,0.371841,1.045968,6.0211,0.68,9,a2be22c3-2f66-4bd4-af87-eaba271e9179,ok,yes,9,0,-0.68,-6.12,0.0,-6.12,6.12,0.38,0.375,0.30000000000000004,0.30500000000000005,0.26500000000000007,0.0115,0.6915,-0.68,0-5c,<3bp
2026-05-20T18:30:00+00:00,dh-target,KXBTC15M-26MAY201445-45,2026-05-20T18:45:00Z,4.0,77447.89,77408.94,0.05,0.050292,0.34,0.35,0.01,0.345,no,0.0,9.8722,0.0,0.0,no,-0.0475,0.810272,0.812254,9.8722,0.71,14,f7face70-c3ba-428c-afcb-1ea31396ce9d,ok,no,14,1,0.29000000000000004,4.0600000000000005,0.28420000000000006,3.7758000000000003,9.94,0.6599999999999999,0.655,0.050000000000000044,0.05499999999999994,0.014999999999999902,-0.0475,0.6625,0.29000000000000004,<0,3-6bp
2026-05-20T18:30:00+00:00,dh-target,KXBTC15M-26MAY201445-45,2026-05-20T18:45:00Z,6.5,77447.89,77467.96,0.21,0.025914,0.63,0.64,0.01,0.635,yes,5.3016,0.0,0.0,9.8722,yes,-0.0953,0.555505,0.636251,5.3016,0.69,8,66d1bfbd-05bd-4d14-8316-891f00a681c6,ok,no,8,0,-0.69,-5.52,0.0,-5.52,5.52,0.64,0.635,0.04999999999999993,0.05499999999999994,0.014999999999999902,-0.0953,0.5947,-0.69,<0,<3bp
2026-05-20T18:30:00+00:00,dh-target,KXBTC15M-26MAY201445-45,2026-05-20T18:45:00Z,10.0,77447.89,77459.67,0.08,0.01521,0.73,0.74,0.01,0.735,yes,2.9134,0.0,5.3016,9.8722,yes-hedge,-0.1665,0.465046,0.417657,4.9146,0.79,6,848bb4a8-6420-4b20-86e1-97f54515a958,ok,no,6,0,-0.79,-4.74,0.0,-4.74,4.74,0.27,0.265,0.52,0.525,0.48500000000000004,-0.1665,0.6235,-0.79,<0,<3bp
2026-05-20T18:45:00+00:00,dh-target,KXBTC15M-26MAY201500-00,2026-05-20T19:00:00Z,4.0,77436.7,77351.03,0.59,0.110632,0.23,0.24,0.01,0.235,no,0.0,18.0373,0.0,0.0,no,-0.0706,1.658886,0.724875,18.0373,0.82,22,43af5e54-d4c4-4031-a89d-2ab2c72eb33b,ok,no,22,1,0.18000000000000005,3.960000000000001,0.2772000000000001,3.6828000000000007,18.04,0.77,0.765,0.04999999999999993,0.05499999999999994,0.014999999999999902,-0.0706,0.7494,0.18000000000000005,<0,6-12bp
2026-05-20T18:45:00+00:00,dh-target,KXBTC15M-26MAY201500-00,2026-05-20T19:00:00Z,6.0,77436.7,77351.97,0.2,0.109418,0.19,0.2,0.01,0.195,no,0.0,19.6887,0.0,18.0373,no,-0.0507,1.64086,0.799935,1.6514,0.86,2,2f2d6014-ed97-4176-963c-c72fa4aeb7bb,ok,no,2,1,0.14,0.28,0.019600000000000003,0.2604,1.72,0.81,0.8049999999999999,0.04999999999999993,0.05500000000000005,0.015000000000000013,-0.0507,0.8093,0.14,<0,6-12bp
2026-05-20T19:00:00+00:00,dh-target,KXBTC15M-26MAY201515-15,2026-05-20T19:15:00Z,4.0,77338.86,77308.38,0.61,0.039411,0.38,0.39,0.01,0.385,no,0.0,6.344,0.0,0.0,no,-0.1016,0.688159,0.614588,6.344,0.67,9,0f91b4cb-412b-49e3-afad-c75cb1623b06,ok,yes,9,0,-0.67,-6.03,0.0,-6.03,6.03,0.62,0.615,0.050000000000000044,0.05500000000000005,0.015000000000000013,-0.1016,0.5684,-0.67,<0,3-6bp
2026-05-20T19:00:00+00:00,dh-target,KXBTC15M-26MAY201515-15,2026-05-20T19:15:00Z,5.0,77338.86,77297.0,0.19,0.054125,0.34,0.35,0.01,0.345,no,0.0,12.6201,0.0,6.344,no,-0.0044,0.856408,0.982402,6.276,0.71,9,bfdd9bca-e4a6-4f87-8856-47ab9b69a408,ok,yes,9,0,-0.71,-6.39,0.0,-6.39,6.39,0.6599999999999999,0.655,0.050000000000000044,0.05499999999999994,0.014999999999999902,-0.0044,0.7056,-0.71,<0,3-6bp
2026-05-20T19:00:00+00:00,dh-target,KXBTC15M-26MAY201515-15,2026-05-20T19:15:00Z,5.5,77338.86,77295.37,0.11,0.056233,0.36,0.37,0.01,0.365,no,0.0,14.0614,0.0,12.6201,no,0.0156,0.882434,1.062319,1.4413,0.69,2,fe9a5740-d661-4bd2-b1af-945525b3ba25,ok,yes,2,0,-0.69,-1.38,0.0,-1.38,1.38,0.64,0.635,0.04999999999999993,0.05499999999999994,0.014999999999999902,0.0156,0.7055999999999999,-0.69,0-5c,3-6bp
2026-05-20T19:00:00+00:00,dh-target,KXBTC15M-26MAY201515-15,2026-05-20T19:15:00Z,12.5,77338.86,77339.94,0.16,0.001396,0.61,0.62,0.01,0.615,yes,5.4491,0.0,0.0,14.0614,yes,-0.0022,0.3665,0.9912,5.4491,0.67,8,ca78d102-8030-4224-a1c3-aa728f6af138,ok,yes,8,1,0.32999999999999996,2.6399999999999997,0.1848,2.4551999999999996,5.36,0.62,0.615,0.050000000000000044,0.05500000000000005,0.015000000000000013,-0.0022,0.6678000000000001,0.32999999999999996,<0,<3bp
2026-05-20T19:00:00+00:00,dh-target,KXBTC15M-26MAY201515-15,2026-05-20T19:15:00Z,12.5,77338.86,77339.94,0.16,0.001396,0.61,0.62,0.01,0.615,yes,5.4491,0.0,5.4491,14.0614,yes-hedge,-0.0022,0.3665,0.9912,8.2169,0.67,12,a836b629-c85d-4bb3-b2d1-5837cee8bfe3,ok,yes,12,0,-0.67,-8.040000000000001,0.0,-8.040000000000001,8.040000000000001,0.39,0.385,0.28,0.28500000000000003,0.24500000000000005,-0.0022,0.6678000000000001,-0.67,<0,<3bp
2026-05-20T19:15:00+00:00,dh-target,KXBTC15M-26MAY201530-30,2026-05-20T19:30:00Z,4.0,77340.76,77360.0,0.01,0.024877,0.66,0.67,0.01,0.665,yes,3.7556,0.0,0.0,0.0,yes,-0.1516,0.546176,0.458412,3.7556,0.72,5,c544fde9-414e-4fbf-8f82-89d125635d54,ok,yes,5,1,0.28,1.4000000000000001,0.09800000000000002,1.302,3.5999999999999996,0.67,0.665,0.04999999999999993,0.05499999999999994,0.014999999999999902,-0.1516,0.5684,0.28,<0,<3bp
2026-05-20T19:15:00+00:00,dh-target,KXBTC15M-26MAY201530-30,2026-05-20T19:30:00Z,4.5,77340.76,77382.13,0.3,0.053491,0.74,0.75,0.01,0.745,yes,6.3583,0.0,3.7556,0.0,yes,-0.1375,0.848659,0.49948,2.6027,0.8,3,fbc2da47-d872-4d39-a7ff-8de1d8835b98,ok,yes,3,1,0.19999999999999996,0.5999999999999999,0.041999999999999996,0.5579999999999998,2.4000000000000004,0.75,0.745,0.050000000000000044,0.05500000000000005,0.015000000000000013,-0.1375,0.6625000000000001,0.19999999999999996,<0,3-6bp
2026-05-20T19:15:00+00:00,dh-target,KXBTC15M-26MAY201530-30,2026-05-20T19:30:00Z,5.0,77340.76,77403.99,0.22,0.081755,0.81,0.82,0.01,0.815,yes,7.8044,0.0,6.3583,0.0,yes,-0.1644,1.229323,0.423236,1.4461,0.87,2,ab69c7a6-9258-4368-b057-7bf8d5e81ed9,ok,yes,2,1,0.13,0.26,0.0182,0.24180000000000001,1.74,0.82,0.815,0.050000000000000044,0.05500000000000005,0.015000000000000013,-0.1644,0.7056,0.13,<0,6-12bp
2026-05-20T19:15:00+00:00,dh-target,KXBTC15M-26MAY201530-30,2026-05-20T19:30:00Z,5.5,77340.76,77419.92,0.45,0.102352,0.85,0.87,0.02,0.86,yes,10.9525,0.0,7.8044,0.0,yes,-0.1456,1.535277,0.475592,3.1481,0.92,3,1dced902-b04c-4b29-b003-ee8d5bcd5dcf,ok,yes,3,1,0.07999999999999996,0.23999999999999988,0.016799999999999992,0.2231999999999999,2.7600000000000002,0.87,0.86,0.050000000000000044,0.06000000000000005,0.020000000000000018,-0.1456,0.7744,0.07999999999999996,<0,6-12bp
2026-05-20T19:15:00+00:00,dh-target,KXBTC15M-26MAY201530-30,2026-05-20T19:30:00Z,6.0,77340.76,77425.74,0.2,0.109877,0.87,0.88,0.01,0.875,yes,13.6309,0.0,10.9525,0.0,yes,-0.1207,1.647681,0.551517,2.6784,0.93,3,2d58a3dd-30ac-4079-9790-23f8491c1d11,ok,yes,3,1,0.06999999999999995,0.20999999999999985,0.01469999999999999,0.19529999999999986,2.79,0.88,0.875,0.050000000000000044,0.05500000000000005,0.015000000000000013,-0.1207,0.8093,0.06999999999999995,<0,6-12bp
2026-05-20T19:30:00+00:00,dh-target,KXBTC15M-26MAY201545-45,2026-05-20T19:45:00Z,4.0,77478.59,77494.1,0.39,0.020018,0.66,0.67,0.01,0.665,yes,3.4663,0.0,0.0,0.0,yes,-0.1516,0.504099,0.458412,3.4663,0.72,5,203f9816-257e-4172-9341-3c495aef7000,ok,yes,5,1,0.28,1.4000000000000001,0.09800000000000002,1.302,3.5999999999999996,0.67,0.665,0.04999999999999993,0.05499999999999994,0.014999999999999902,-0.1516,0.5684,0.28,<0,<3bp
2026-05-20T19:30:00+00:00,dh-target,KXBTC15M-26MAY201545-45,2026-05-20T19:45:00Z,6.0,77478.59,77478.0,0.56,0.000762,0.58,0.59,0.01,0.585,no,0.0,7.9437,3.4663,0.0,no,0.1247,0.362434,1.461173,7.9437,0.47,17,b802b120-5cd9-40f7-9207-37798d8436a5,ok,yes,17,0,-0.47,-7.989999999999999,0.0,-7.989999999999999,7.989999999999999,0.42000000000000004,0.41500000000000004,0.04999999999999993,0.05499999999999994,0.014999999999999958,0.1247,0.5947,-0.47,10-20c,<3bp
2026-05-20T19:30:00+00:00,dh-target,KXBTC15M-26MAY201545-45,2026-05-20T19:45:00Z,8.0,77478.59,77485.63,0.14,0.009086,0.61,0.62,0.01,0.615,yes,4.6742,0.0,3.4663,7.9437,yes,-0.0655,0.418924,0.743835,1.2079,0.67,2,8e3f399b-f435-4436-8d97-8c2ea95a2375,ok,yes,2,1,0.32999999999999996,0.6599999999999999,0.0462,0.6137999999999999,1.34,0.62,0.615,0.050000000000000044,0.05500000000000005,0.015000000000000013,-0.0655,0.6045,0.32999999999999996,<0,<3bp
2026-05-20T19:30:00+00:00,dh-target,KXBTC15M-26MAY201545-45,2026-05-20T19:45:00Z,9.0,77478.59,77522.01,0.31,0.056041,0.87,0.88,0.01,0.875,yes,6.0104,0.0,4.6742,7.9437,yes,-0.1527,0.880047,0.45531,1.3363,0.93,1,bcfaa284-bfb5-4bfe-854c-c73696532b3b,ok,yes,1,1,0.06999999999999995,0.06999999999999995,0.004899999999999997,0.06509999999999995,0.93,0.88,0.875,0.050000000000000044,0.05500000000000005,0.015000000000000013,-0.1527,0.7773000000000001,0.06999999999999995,<0,3-6bp
2026-05-20T19:45:00+00:00,dh-target,KXBTC15M-26MAY201600-00,2026-05-20T20:00:00Z,4.0,77563.6,77573.31,0.03,0.012519,0.58,0.59,0.01,0.585,yes,4.8061,0.0,0.0,0.0,yes,-0.0716,0.444284,0.721182,4.8061,0.64,8,c761bef3-8670-45d1-a16c-9957ef4e836a,ok,yes,8,1,0.36,2.88,0.2016,2.6784,5.12,0.59,0.585,0.050000000000000044,0.05500000000000005,0.015000000000000013,-0.0716,0.5684,0.36,<0,<3bp
2026-05-20T19:45:00+00:00,dh-target,KXBTC15M-26MAY201600-00,2026-05-20T20:00:00Z,5.5,77563.6,77544.47,0.48,0.024664,0.39,0.4,0.01,0.395,no,0.0,5.7888,4.8061,0.0,no,-0.0749,0.544273,0.709053,5.7888,0.66,9,910c3487-c886-42c6-9b39-be5697827380,ok,yes,9,0,-0.66,-5.94,0.0,-5.94,5.94,0.61,0.605,0.050000000000000044,0.05500000000000005,0.015000000000000013,-0.0749,0.5851000000000001,-0.66,<0,<3bp
2026-05-20T19:45:00+00:00,dh-target,KXBTC15M-26MAY201600-00,2026-05-20T20:00:00Z,7.0,77563.6,77580.0,0.39,0.021144,0.55,0.56,0.01,0.555,yes,7.5963,0.0,4.8061,5.7888,yes,-0.0035,0.513611,0.986001,2.7902,0.61,5,12fb37f1-398e-49a7-93aa-3a932242a3ac,ok,yes,5,1,0.39,1.9500000000000002,0.1365,1.8135000000000001,3.05,0.56,0.555,0.04999999999999993,0.05499999999999994,0.014999999999999902,-0.0035,0.6065,0.39,<0,<3bp
2026-05-20T20:00:00+00:00,dh-target,KXBTC15M-26MAY201615-15,2026-05-20T20:15:00Z,4.0,77610.95,77557.65,0.16,0.068676,0.24,0.26,0.02,0.25,no,0.0,7.3684,0.0,0.0,no,-0.1475,1.044926,0.470104,7.3684,0.81,9,fd0b9271-c3ea-4634-88d6-6d3cdf1e4e5d,ok,yes,9,0,-0.81,-7.290000000000001,0.0,-7.290000000000001,7.290000000000001,0.76,0.75,0.050000000000000044,0.06000000000000005,0.020000000000000018,-0.1475,0.6625000000000001,-0.81,<0,6-12bp
2026-05-20T20:00:00+00:00,dh-target,KXBTC15M-26MAY201615-15,2026-05-20T20:15:00Z,4.5,77610.95,77562.09,0.14,0.062955,0.28,0.29,0.01,0.285,no,0.0,8.6385,0.0,7.3684,no,-0.1075,0.968423,0.594679,1.2701,0.77,2,a1ef019d-2e8a-4d61-b369-3177a345323e,ok,yes,2,0,-0.77,-1.54,0.0,-1.54,1.54,0.72,0.7150000000000001,0.050000000000000044,0.05499999999999994,0.014999999999999902,-0.1075,0.6625,-0.77,<0,6-12bp
2026-05-20T20:00:00+00:00,dh-target,KXBTC15M-26MAY201615-15,2026-05-20T20:15:00Z,5.5,77610.95,77529.11,0.95,0.105449,0.13,0.14,0.01,0.135,no,0.0,11.2833,0.0,8.6385,no,-0.1456,1.581655,0.475592,2.6448,0.92,3,bd9b2125-ec56-4719-8a4d-18630954af96,ok,yes,3,0,-0.92,-2.7600000000000002,0.0,-2.7600000000000002,2.7600000000000002,0.87,0.865,0.050000000000000044,0.05500000000000005,0.015000000000000013,-0.1456,0.7744,-0.92,<0,6-12bp
2026-05-20T20:00:00+00:00,dh-target,KXBTC15M-26MAY201615-15,2026-05-20T20:15:00Z,7.0,77610.95,77529.85,0.02,0.104496,0.11,0.12,0.01,0.115,no,0.0,13.9343,0.0,11.2833,no,-0.1081,1.567388,0.592675,2.6509,0.94,3,35af3065-b6df-4913-b9e6-425205905a69,ok,yes,3,0,-0.94,-2.82,0.0,-2.82,2.82,0.89,0.885,0.04999999999999993,0.05499999999999994,0.014999999999999902,-0.1081,0.8319,-0.94,<0,6-12bp
2026-05-20T20:00:00+00:00,dh-target,KXBTC15M-26MAY201615-15,2026-05-20T20:15:00Z,11.0,77610.95,77612.96,0.11,0.00259,0.5,0.51,0.01,0.505,yes,7.339,0.0,0.0,13.9343,yes,0.0794,0.374248,1.307335,7.339,0.56,13,1f062e69-2e51-4bc4-846e-dc88a4e86899,ok,yes,13,1,0.43999999999999995,5.719999999999999,0.4004,5.3195999999999986,7.280000000000001,0.51,0.505,0.050000000000000044,0.05500000000000005,0.015000000000000013,0.0794,0.6394000000000001,0.43999999999999995,5-10c,<3bp
2026-05-20T20:00:00+00:00,dh-target,KXBTC15M-26MAY201615-15,2026-05-20T20:15:00Z,11.0,77610.95,77612.96,0.11,0.00259,0.5,0.51,0.01,0.505,yes,7.339,0.0,7.339,13.9343,yes-hedge,0.0794,0.374248,1.307335,1.8681,0.56,3,8b2f953c-fa73-4cfc-a666-2fe2f9cb66a8,ok,yes,3,0,-0.56,-1.6800000000000002,0.0,-1.6800000000000002,1.6800000000000002,0.5,0.495,0.06000000000000005,0.06500000000000006,0.025000000000000022,0.0794,0.6394000000000001,-0.56,5-10c,<3bp
2026-05-20T20:15:00+00:00,dh-target,KXBTC15M-26MAY201630-30,2026-05-20T20:30:00Z,4.0,77672.21,77583.18,0.42,0.114623,0.16,0.17,0.01,0.165,no,0.0,12.632,0.0,0.0,no,-0.1406,1.717791,0.490244,12.632,0.89,14,0af6d57e-70a8-46d6-90c6-ebdbd75817b3,ok,no,14,1,0.10999999999999999,1.5399999999999998,0.10779999999999999,1.4322,12.46,0.84,0.835,0.050000000000000044,0.05500000000000005,0.015000000000000013,-0.1406,0.7494000000000001,0.10999999999999999,<0,6-12bp
2026-05-20T20:15:00+00:00,dh-target,KXBTC15M-26MAY201630-30,2026-05-20T20:30:00Z,5.5,77672.21,77519.49,0.04,0.196621,0.082,0.087,0.005,0.0845,no,0.0,13.7783,0.0,12.632,no,-0.1936,2.620552,0.350519,1.1463,0.968,1,14f34fbf-71c6-4bcc-97ad-a9009a7a30ec,ok,no,1,1,0.03200000000000003,0.03200000000000003,0.0022400000000000024,0.029760000000000026,0.968,0.918,0.9155,0.04999999999999993,0.05249999999999999,0.012499999999999956,-0.1936,0.7744,0.03200000000000003,<0,>12bp
2026-05-20T21:00:00+00:00,dh-target,KXBTC15M-26MAY201715-15,2026-05-20T21:15:00Z,4.0,77660.77,77633.16,0.4,0.035552,0.35,0.37,0.02,0.36,no,0.0,5.0296,0.0,0.0,no,-0.1316,0.648087,0.517376,5.0296,0.7,7,b1e1852e-c66a-4cfb-b970-deb7d74ee5db,ok,yes,7,0,-0.7,-4.8999999999999995,0.0,-4.8999999999999995,4.8999999999999995,0.65,0.64,0.04999999999999993,0.05999999999999994,0.019999999999999907,-0.1316,0.5684,-0.7,<0,3-6bp
2026-05-20T21:00:00+00:00,dh-target,KXBTC15M-26MAY201715-15,2026-05-20T21:15:00Z,5.0,77660.77,77665.99,0.06,0.006722,0.53,0.54,0.01,0.535,yes,5.9143,0.0,0.0,5.0296,yes,-0.0049,0.402166,0.980403,5.9143,0.59,10,a75a4f84-b948-4b78-b6ed-3673b3e756f3,ok,yes,10,1,0.41000000000000003,4.1000000000000005,0.28700000000000003,3.8130000000000006,5.8999999999999995,0.54,0.535,0.04999999999999993,0.05499999999999994,0.014999999999999902,-0.0049,0.5851,0.41000000000000003,<0,<3bp
2026-05-20T21:00:00+00:00,dh-target,KXBTC15M-26MAY201715-15,2026-05-20T21:15:00Z,6.5,77660.77,77641.86,0.12,0.024349,0.4,0.41,0.01,0.405,no,0.0,6.3543,5.9143,5.0296,no,-0.0553,0.541479,0.782338,1.3247,0.65,2,52277e5f-80db-474c-9a11-600db6575c11,ok,yes,2,0,-0.65,-1.3,0.0,-1.3,1.3,0.6,0.595,0.050000000000000044,0.05500000000000005,0.015000000000000013,-0.0553,0.5947,-0.65,<0,<3bp
2026-05-20T21:00:00+00:00,dh-target,KXBTC15M-26MAY201715-15,2026-05-20T21:15:00Z,7.0,77660.77,77659.71,0.14,0.001365,0.54,0.55,0.01,0.545,no,0.0,7.5159,5.9143,6.3543,no,0.0965,0.366297,1.367907,1.1616,0.51,2,dad61bde-997e-4b2a-b62a-01620a3e5ac8,ok,yes,2,0,-0.51,-1.02,0.0,-1.02,1.02,0.45999999999999996,0.45499999999999996,0.050000000000000044,0.05500000000000005,0.015000000000000069,0.0965,0.6065,-0.51,5-10c,<3bp
2026-05-20T21:00:00+00:00,dh-target,KXBTC15M-26MAY201715-15,2026-05-20T21:15:00Z,10.0,77660.77,77672.34,0.35,0.014898,0.62,0.63,0.01,0.625,yes,5.3969,0.0,5.9143,7.5159,yes-hedge,-0.0565,0.462598,0.777771,1.0041,0.68,1,5780cb5b-cc4e-47c3-9115-8d24c595c12c,ok,yes,1,0,-0.68,-0.68,0.0,-0.68,0.68,0.38,0.375,0.30000000000000004,0.30500000000000005,0.26500000000000007,-0.0565,0.6235,-0.68,<0,<3bp
2026-05-20T21:15:00+00:00,dh-target,KXBTC15M-26MAY201730-30,2026-05-20T21:30:00Z,4.0,77683.11,77614.25,0.09,0.088642,0.14,0.15,0.01,0.145,no,0.0,4.8419,0.0,0.0,no,-0.2475,1.330361,0.242638,4.8419,0.91,5,111a5d5a-b6ff-47a7-9af1-ad492ed7c97c,ok,no,5,1,0.08999999999999997,0.44999999999999984,0.03149999999999999,0.41849999999999987,4.55,0.86,0.855,0.050000000000000044,0.05500000000000005,0.015000000000000013,-0.2475,0.6625000000000001,0.08999999999999997,<0,6-12bp
2026-05-20T21:15:00+00:00,dh-target,KXBTC15M-26MAY201730-30,2026-05-20T21:30:00Z,4.5,77683.11,77601.73,0.36,0.104759,0.13,0.14,0.01,0.135,no,0.0,9.5911,0.0,4.8419,no,-0.1706,1.57133,0.406923,4.7492,0.92,5,aa8941b3-4271-4c29-979e-a2bdd635597f,ok,no,5,1,0.07999999999999996,0.3999999999999998,0.027999999999999987,0.37199999999999983,4.6000000000000005,0.87,0.865,0.050000000000000044,0.05500000000000005,0.015000000000000013,-0.1706,0.7494000000000001,0.07999999999999996,<0,6-12bp
2026-05-20T21:30:00+00:00,dh-target,KXBTC15M-26MAY201745-45,2026-05-20T21:45:00Z,4.0,77553.88,77534.06,0.62,0.025556,0.42,0.43,0.01,0.425,no,0.0,6.2832,0.0,0.0,no,-0.0616,0.552274,0.758468,6.2832,0.63,10,5d3c5d57-ff8a-4ef5-b4a5-8a77683c48e3,ok,no,10,1,0.37,3.7,0.259,3.4410000000000003,6.3,0.5800000000000001,0.575,0.04999999999999993,0.05500000000000005,0.015000000000000013,-0.0616,0.5684,0.37,<0,<3bp
2026-05-20T21:30:00+00:00,dh-target,KXBTC15M-26MAY201745-45,2026-05-20T21:45:00Z,5.0,77553.88,77558.19,0.86,0.005557,0.59,0.6,0.01,0.595,yes,4.4107,0.0,0.0,6.2832,yes,-0.0649,0.394126,0.746079,4.4107,0.65,7,cb0c9d25-3dc6-4910-b4a6-0ee3445f2202,ok,no,7,0,-0.65,-4.55,0.0,-4.55,4.55,0.6,0.595,0.050000000000000044,0.05500000000000005,0.015000000000000013,-0.0649,0.5851000000000001,-0.65,<0,<3bp
2026-05-20T21:30:00+00:00,dh-target,KXBTC15M-26MAY201745-45,2026-05-20T21:45:00Z,10.0,77553.88,77541.65,0.21,0.01577,0.45,0.46,0.01,0.455,no,0.0,7.7019,4.4107,6.2832,no,0.0235,0.469459,1.093724,1.4187,0.6,2,2a201d5a-8572-45d5-ae47-a5a22bf66669,ok,no,2,1,0.4,0.8,0.05600000000000001,0.744,1.2,0.55,0.5449999999999999,0.04999999999999993,0.05500000000000005,0.015000000000000013,0.0235,0.6234999999999999,0.4,0-5c,<3bp
2026-05-20T21:30:00+00:00,dh-target,KXBTC15M-26MAY201745-45,2026-05-20T21:45:00Z,10.5,77553.88,77566.67,0.08,0.016492,0.69,0.71,0.02,0.7,yes,3.5818,0.0,4.4107,7.7019,yes-hedge,-0.1365,0.475207,0.502484,4.2196,0.76,6,3e88d640-e36b-47a3-a8bb-8e520f9364fb,ok,no,6,0,-0.76,-4.5600000000000005,0.0,-4.5600000000000005,4.5600000000000005,0.31000000000000005,0.30000000000000004,0.44999999999999996,0.45999999999999996,0.42,-0.1365,0.6234999999999999,-0.76,<0,<3bp
2026-05-20T21:30:00+00:00,dh-target,KXBTC15M-26MAY201745-45,2026-05-20T21:45:00Z,13.5,77553.88,77544.69,0.39,0.01185,0.49,0.5,0.01,0.495,no,0.0,9.7665,8.6303,7.7019,no,0.1315,0.439244,1.482318,2.0646,0.56,4,7482a604-de82-41c7-8c0a-f244a012b397,ok,no,4,1,0.43999999999999995,1.7599999999999998,0.12319999999999999,1.6367999999999998,2.24,0.51,0.505,0.050000000000000044,0.05500000000000005,0.015000000000000013,0.1315,0.6915,0.43999999999999995,10-20c,<3bp
2026-05-20T21:45:00+00:00,dh-target,KXBTC15M-26MAY201800-00,2026-05-20T22:00:00Z,4.5,77553.44,77545.27,0.74,0.010535,0.51,0.52,0.01,0.515,no,0.0,7.1708,0.0,0.0,no,0.0284,0.429473,1.113114,7.1708,0.54,13,b4538854-1887-4437-83e1-2008e4be9372,ok,no,13,1,0.45999999999999996,5.9799999999999995,0.41859999999999997,5.5614,7.0200000000000005,0.49,0.485,0.050000000000000044,0.05500000000000005,0.015000000000000013,0.0284,0.5684,0.45999999999999996,0-5c,<3bp
2026-05-20T21:45:00+00:00,dh-target,KXBTC15M-26MAY201800-00,2026-05-20T22:00:00Z,5.0,77553.44,77559.38,0.14,0.007659,0.61,0.62,0.01,0.615,yes,4.1255,0.0,0.0,7.1708,yes,-0.0849,0.408742,0.67288,4.1255,0.67,6,cd915573-eca7-4981-851c-8b7434d3d921,ok,no,6,0,-0.67,-4.0200000000000005,0.0,-4.0200000000000005,4.0200000000000005,0.62,0.615,0.050000000000000044,0.05500000000000005,0.015000000000000013,-0.0849,0.5851000000000001,-0.67,<0,<3bp
2026-05-20T21:45:00+00:00,dh-target,KXBTC15M-26MAY201800-00,2026-05-20T22:00:00Z,7.0,77553.44,77514.0,0.79,0.050855,0.31,0.32,0.01,0.315,no,0.0,11.6519,4.1255,7.1708,no,-0.0123,0.816953,0.95084,4.4811,0.74,6,8212fba4-ad9b-49d0-b9f4-6146b327a030,ok,no,6,1,0.26,1.56,0.1092,1.4508,4.4399999999999995,0.69,0.685,0.050000000000000044,0.05499999999999994,0.014999999999999902,-0.0123,0.7277,0.26,<0,3-6bp
2026-05-20T22:00:00+00:00,dh-target,KXBTC15M-26MAY201815-15,2026-05-20T22:15:00Z,4.0,77441.75,77314.96,0.04,0.163723,0.14,0.15,0.01,0.145,no,0.0,15.2441,0.0,0.0,no,-0.1606,2.344516,0.433469,15.2441,0.91,17,27240f73-c5c2-46c9-9ffe-3d4fb2e2c232,ok,no,17,1,0.08999999999999997,1.5299999999999994,0.10709999999999997,1.4228999999999994,15.47,0.86,0.855,0.050000000000000044,0.05500000000000005,0.015000000000000013,-0.1606,0.7494000000000001,0.08999999999999997,<0,>12bp
2026-05-20T22:00:00+00:00,dh-target,KXBTC15M-26MAY201815-15,2026-05-20T22:15:00Z,7.0,77441.75,77356.82,0.08,0.10967,0.16,0.17,0.01,0.165,no,0.0,19.0369,0.0,15.2441,no,-0.0581,1.644593,0.771695,3.7928,0.89,4,6e4d7c5c-2cbb-4e2b-9661-0b8f03e5e0a7,ok,no,4,1,0.10999999999999999,0.43999999999999995,0.030799999999999998,0.40919999999999995,3.56,0.84,0.835,0.050000000000000044,0.05500000000000005,0.015000000000000013,-0.0581,0.8319,0.10999999999999999,<0,6-12bp
2026-05-20T22:15:00+00:00,dh-target,KXBTC15M-26MAY201830-30,2026-05-20T22:30:00Z,4.5,77299.44,77166.92,0.02,0.171437,0.1,0.11,0.01,0.105,no,0.0,12.1474,0.0,0.0,no,-0.2006,2.420117,0.334624,12.1474,0.95,13,72ff02bb-7b95-4853-81ae-02ec604b025c,ok,yes,13,0,-0.95,-12.35,0.0,-12.35,12.35,0.9,0.895,0.04999999999999993,0.05499999999999994,0.014999999999999902,-0.2006,0.7494,-0.95,<0,>12bp
2026-05-20T22:15:00+00:00,dh-target,KXBTC15M-26MAY201830-30,2026-05-20T22:30:00Z,5.0,77299.44,77158.02,0.01,0.182951,0.092,0.096,0.004,0.094,no,0.0,14.1484,0.0,12.1474,no,-0.1836,2.520318,0.37425,2.001,0.958,2,f5956083-554c-455a-a210-a7f66b203579,ok,yes,2,0,-0.958,-1.916,0.0,-1.916,1.916,0.908,0.906,0.04999999999999993,0.051999999999999935,0.0119999999999999,-0.1836,0.7744,-0.958,<0,>12bp
2026-05-20T22:15:00+00:00,dh-target,KXBTC15M-26MAY201830-30,2026-05-20T22:30:00Z,6.0,77299.44,77147.79,0.08,0.196185,0.09,0.096,0.006,0.093,no,0.0,18.0995,0.0,14.1484,no,-0.1507,2.617652,0.460961,3.9511,0.96,4,384892cc-9ccc-4006-847a-474d47461128,ok,yes,4,0,-0.96,-3.84,0.0,-3.84,3.84,0.91,0.907,0.04999999999999993,0.052999999999999936,0.0129999999999999,-0.1507,0.8092999999999999,-0.96,<0,>12bp
2026-05-20T22:15:00+00:00,dh-target,KXBTC15M-26MAY201830-30,2026-05-20T22:30:00Z,7.0,77299.44,77221.77,0.22,0.100479,0.21,0.22,0.01,0.215,no,0.0,21.8756,0.0,18.0995,no,-0.0081,1.507191,0.967611,3.7761,0.84,4,08bee14b-ef92-415f-a13c-5cbb7da92eb9,ok,yes,4,0,-0.84,-3.36,0.0,-3.36,3.36,0.79,0.785,0.04999999999999993,0.05499999999999994,0.014999999999999902,-0.0081,0.8319,-0.84,<0,6-12bp
2026-05-20T22:15:00+00:00,dh-target,KXBTC15M-26MAY201830-30,2026-05-20T22:30:00Z,11.5,77299.44,77318.29,0.02,0.024386,0.74,0.76,0.02,0.75,yes,3.3071,0.0,0.0,21.8756,yes,-0.1706,0.541801,0.406923,3.3071,0.81,4,8a7d131c-cead-428a-aef4-5f5727fbe028,ok,yes,4,1,0.18999999999999995,0.7599999999999998,0.05319999999999999,0.7067999999999998,3.24,0.76,0.75,0.050000000000000044,0.06000000000000005,0.020000000000000018,-0.1706,0.6394000000000001,0.18999999999999995,<0,<3bp
2026-05-20T22:30:00+00:00,dh-target,KXBTC15M-26MAY201845-45,2026-05-20T22:45:00Z,4.0,77359.58,77369.97,0.01,0.013431,0.61,0.62,0.01,0.615,yes,4.1598,0.0,0.0,0.0,yes,-0.1016,0.451232,0.614588,4.1598,0.67,6,b6ac8c9a-2fd1-4da7-b753-7dda45e15a1b,ok,yes,6,1,0.32999999999999996,1.9799999999999998,0.1386,1.8413999999999997,4.0200000000000005,0.62,0.615,0.050000000000000044,0.05500000000000005,0.015000000000000013,-0.1016,0.5684,0.32999999999999996,<0,<3bp
2026-05-20T22:30:00+00:00,dh-target,KXBTC15M-26MAY201845-45,2026-05-20T22:45:00Z,7.0,77359.58,77349.4,0.49,0.013159,0.54,0.55,0.01,0.545,no,0.0,9.216,4.1598,0.0,no,0.0965,0.449154,1.367907,9.216,0.51,18,3bab9f8b-eff6-497a-bcf9-daf4d0b83b41,ok,yes,18,0,-0.51,-9.18,0.0,-9.18,9.18,0.45999999999999996,0.45499999999999996,0.050000000000000044,0.05500000000000005,0.015000000000000069,0.0965,0.6065,-0.51,5-10c,<3bp
2026-05-20T22:30:00+00:00,dh-target,KXBTC15M-26MAY201845-45,2026-05-20T22:45:00Z,7.5,77359.58,77311.32,0.24,0.062384,0.3,0.31,0.01,0.305,no,0.0,13.1319,4.1598,9.216,no,-0.0223,0.960948,0.911036,3.9159,0.75,5,895f4f8c-93c3-4f4b-aa05-f626f2be7e47,ok,yes,5,0,-0.75,-3.75,0.0,-3.75,3.75,0.7,0.6950000000000001,0.050000000000000044,0.05499999999999994,0.014999999999999902,-0.0223,0.7277,-0.75,<0,6-12bp
2026-05-20T22:30:00+00:00,dh-target,KXBTC15M-26MAY201845-45,2026-05-20T22:45:00Z,12.5,77359.58,77361.03,0.26,0.001874,0.66,0.67,0.01,0.665,yes,4.4028,0.0,4.1598,13.1319,yes-hedge,-0.0522,0.369586,0.794182,12.2998,0.72,17,12c894f7-10ad-4967-9923-728bc0004169,ok,yes,17,0,-0.72,-12.24,0.0,-12.24,12.24,0.33999999999999997,0.33499999999999996,0.38,0.385,0.34500000000000003,-0.0522,0.6678,-0.72,<0,<3bp
2026-05-20T22:45:00+00:00,dh-target,KXBTC15M-26MAY201900-00,2026-05-20T23:00:00Z,4.0,77368.33,77419.09,0.11,0.065608,0.81,0.82,0.01,0.815,yes,4.8098,0.0,0.0,0.0,yes,-0.2075,1.003544,0.319524,4.8098,0.87,6,14fdf770-712f-4e86-9ead-aef26b566784,ok,yes,6,1,0.13,0.78,0.0546,0.7254,5.22,0.82,0.815,0.050000000000000044,0.05500000000000005,0.015000000000000013,-0.2075,0.6625,0.13,<0,6-12bp
2026-05-20T22:45:00+00:00,dh-target,KXBTC15M-26MAY201900-00,2026-05-20T23:00:00Z,5.0,77368.33,77411.8,0.37,0.056186,0.79,0.8,0.01,0.795,yes,6.3371,0.0,4.8098,0.0,yes,-0.1444,0.881845,0.479081,1.5273,0.85,2,9079945b-881f-47c1-86f7-7784ead89200,ok,yes,2,1,0.15000000000000002,0.30000000000000004,0.021000000000000005,0.279,1.7,0.8,0.795,0.04999999999999993,0.05499999999999994,0.014999999999999902,-0.1444,0.7056,0.15000000000000002,<0,3-6bp
2026-05-20T23:00:00+00:00,dh-target,KXBTC15M-26MAY201915-15,2026-05-20T23:15:00Z,4.0,77425.33,77390.59,0.01,0.044869,0.32,0.33,0.01,0.325,no,0.0,4.8315,0.0,0.0,no,-0.1616,0.747748,0.430759,4.8315,0.73,7,b80b35bc-262a-44df-b01a-f6ffb2ab7f9d,ok,no,7,1,0.27,1.8900000000000001,0.13230000000000003,1.7577,5.109999999999999,0.6799999999999999,0.675,0.050000000000000044,0.05499999999999994,0.014999999999999902,-0.1616,0.5684,0.27,<0,3-6bp
2026-05-20T23:00:00+00:00,dh-target,KXBTC15M-26MAY201915-15,2026-05-20T23:15:00Z,4.5,77425.33,77378.01,0.54,0.061117,0.25,0.26,0.01,0.255,no,0.0,7.0762,0.0,4.8315,no,-0.1375,0.944473,0.49948,2.2447,0.8,3,56b8720c-6dfd-4ec9-a0cf-c2794f2334ff,ok,no,3,1,0.19999999999999996,0.5999999999999999,0.041999999999999996,0.5579999999999998,2.4000000000000004,0.75,0.745,0.050000000000000044,0.05500000000000005,0.015000000000000013,-0.1375,0.6625000000000001,0.19999999999999996,<0,6-12bp
2026-05-20T23:00:00+00:00,dh-target,KXBTC15M-26MAY201915-15,2026-05-20T23:15:00Z,5.0,77425.33,77367.61,0.04,0.074549,0.22,0.23,0.01,0.225,no,0.0,9.119,0.0,7.0762,no,-0.1244,1.126273,0.539772,2.0428,0.83,2,0011c9b4-78e1-4b33-bb86-1a6d6613563e,ok,no,2,1,0.17000000000000004,0.3400000000000001,0.02380000000000001,0.3162000000000001,1.66,0.78,0.775,0.04999999999999993,0.05499999999999994,0.014999999999999902,-0.1244,0.7056,0.17000000000000004,<0,6-12bp
2026-05-20T23:00:00+00:00,dh-target,KXBTC15M-26MAY201915-15,2026-05-20T23:15:00Z,5.5,77425.33,77426.98,0.14,0.002131,0.53,0.54,0.01,0.535,yes,5.4597,0.0,0.0,9.119,yes,-0.0049,0.371253,0.980403,5.4597,0.59,9,75003d3e-b5d5-43e0-9065-e4f527277642,ok,no,9,0,-0.59,-5.31,0.0,-5.31,5.31,0.54,0.535,0.04999999999999993,0.05499999999999994,0.014999999999999902,-0.0049,0.5851,-0.59,<0,<3bp
2026-05-20T23:00:00+00:00,dh-target,KXBTC15M-26MAY201915-15,2026-05-20T23:15:00Z,6.5,77425.33,77381.64,0.03,0.056429,0.29,0.3,0.01,0.295,no,0.0,11.2191,5.4597,9.119,no,-0.039,0.884871,0.845253,2.1001,0.76,3,0b14df64-3a77-4dfb-95e9-e284dac77bcb,ok,no,3,1,0.24,0.72,0.05040000000000001,0.6696,2.2800000000000002,0.71,0.7050000000000001,0.050000000000000044,0.05499999999999994,0.014999999999999902,-0.039,0.721,0.24,<0,3-6bp
2026-05-20T23:15:00+00:00,dh-target,KXBTC15M-26MAY201930-30,2026-05-20T23:30:00Z,4.0,77372.55,77338.1,0.41,0.044525,0.33,0.35,0.02,0.34,no,0.0,5.1151,0.0,0.0,no,-0.1516,0.74389,0.458412,5.1151,0.72,7,e2f0846d-8088-4f7e-a2af-c8fea08ecc49,ok,no,7,1,0.28,1.9600000000000002,0.13720000000000002,1.8228000000000002,5.04,0.6699999999999999,0.6599999999999999,0.050000000000000044,0.06000000000000005,0.020000000000000018,-0.1516,0.5684,0.28,<0,3-6bp
2026-05-20T23:15:00+00:00,dh-target,KXBTC15M-26MAY201930-30,2026-05-20T23:30:00Z,4.5,77372.55,77360.23,0.29,0.015923,0.48,0.49,0.01,0.485,no,0.0,7.0149,0.0,5.1151,no,-0.0016,0.470675,0.9936,1.8998,0.57,3,d9627b46-0366-4fb1-89d6-f957e853c9c2,ok,no,3,1,0.43000000000000005,1.29,0.09030000000000002,1.1997,1.71,0.52,0.515,0.04999999999999993,0.05499999999999994,0.014999999999999902,-0.0016,0.5683999999999999,0.43000000000000005,<0,<3bp
2026-05-20T23:15:00+00:00,dh-target,KXBTC15M-26MAY201930-30,2026-05-20T23:30:00Z,7.5,77372.55,77362.19,0.24,0.01339,0.51,0.52,0.01,0.515,no,0.0,8.5217,0.0,7.0149,no,0.0665,0.450917,1.259899,1.5067,0.54,3,bffbd91e-bf37-42d3-9861-8a51d6f47078,ok,no,3,1,0.45999999999999996,1.38,0.09659999999999999,1.2833999999999999,1.62,0.49,0.485,0.050000000000000044,0.05500000000000005,0.015000000000000013,0.0665,0.6065,0.45999999999999996,5-10c,<3bp
2026-05-20T23:15:00+00:00,dh-target,KXBTC15M-26MAY201930-30,2026-05-20T23:30:00Z,8.5,77372.55,77323.21,0.19,0.063769,0.21,0.22,0.01,0.215,no,0.0,9.5755,0.0,8.5217,no,-0.0908,0.979134,0.65197,1.0538,0.84,1,fc26f8bd-c15d-4691-9f40-018cadf1fee5,ok,no,1,1,0.16000000000000003,0.16000000000000003,0.011200000000000003,0.14880000000000002,0.84,0.79,0.785,0.04999999999999993,0.05499999999999994,0.014999999999999902,-0.0908,0.7492,0.16000000000000003,<0,6-12bp
2026-05-20T23:30:00+00:00,dh-target,KXBTC15M-26MAY201945-45,2026-05-20T23:45:00Z,4.0,77342.51,77338.04,0.11,0.005779,0.5,0.51,0.01,0.505,no,0.0,6.3708,0.0,0.0,no,0.0184,0.395649,1.073467,6.3708,0.55,12,cd630181-f412-4525-b041-649e4c33d45e,ok,yes,12,0,-0.55,-6.6000000000000005,0.0,-6.6000000000000005,6.6000000000000005,0.5,0.495,0.050000000000000044,0.05500000000000005,0.015000000000000013,0.0184,0.5684,-0.55,0-5c,<3bp
2026-05-20T23:30:00+00:00,dh-target,KXBTC15M-26MAY201945-45,2026-05-20T23:45:00Z,4.5,77342.51,77345.76,0.25,0.004202,0.58,0.59,0.01,0.585,yes,4.1642,0.0,0.0,6.3708,yes,-0.0716,0.384939,0.721182,4.1642,0.64,7,dbb7667f-418b-41dc-86d2-1bdfedc93261,ok,yes,7,1,0.36,2.52,0.1764,2.3436,4.48,0.59,0.585,0.050000000000000044,0.05500000000000005,0.015000000000000013,-0.0716,0.5684,0.36,<0,<3bp
2026-05-20T23:30:00+00:00,dh-target,KXBTC15M-26MAY201945-45,2026-05-20T23:45:00Z,10.0,77342.51,77384.09,0.02,0.053761,0.912,0.916,0.004,0.914,yes,5.2534,0.0,4.1642,6.3708,yes,-0.169,0.851953,0.411087,1.0892,0.966,1,17090851-ff18-4a11-8203-98c4450a750e,ok,yes,1,1,0.03400000000000003,0.03400000000000003,0.0023800000000000023,0.03162000000000003,0.966,0.916,0.914,0.04999999999999993,0.051999999999999935,0.0119999999999999,-0.169,0.7969999999999999,0.03400000000000003,<0,3-6bp
2026-05-20T23:45:00+00:00,dh-target,KXBTC15M-26MAY202000-00,2026-05-21T00:00:00Z,4.5,77410.89,77450.88,0.66,0.051659,0.78,0.79,0.01,0.785,yes,4.8269,0.0,0.0,0.0,yes,-0.1775,0.826549,0.389323,4.8269,0.84,6,8d368016-23c9-435a-9773-3d74c1a05a5a,ok,yes,6,1,0.16000000000000003,0.9600000000000002,0.06720000000000002,0.8928000000000001,5.04,0.79,0.785,0.04999999999999993,0.05499999999999994,0.014999999999999902,-0.1775,0.6625,0.16000000000000003,<0,3-6bp
2026-05-21T00:00:00+00:00,dh-target,KXBTC15M-26MAY202015-15,2026-05-21T00:15:00Z,4.0,77474.49,77486.26,0.49,0.015192,0.59,0.6,0.01,0.595,yes,4.7749,0.0,0.0,0.0,yes,-0.0816,0.464903,0.684718,4.7749,0.65,7,c9fb1edc-cf87-474a-bafd-3376ab3be79e,ok,yes,7,1,0.35,2.4499999999999997,0.1715,2.2784999999999997,4.55,0.6,0.595,0.050000000000000044,0.05500000000000005,0.015000000000000013,-0.0816,0.5684,0.35,<0,<3bp
2026-05-21T00:00:00+00:00,dh-target,KXBTC15M-26MAY202015-15,2026-05-21T00:15:00Z,5.0,77474.49,77567.0,0.1,0.119407,0.88,0.89,0.01,0.885,yes,11.2624,0.0,4.7749,0.0,yes,-0.1656,1.787505,0.420042,6.4875,0.94,7,399bf9d1-1cbf-405a-bdef-3723a475d6c4,ok,yes,7,1,0.06000000000000005,0.4200000000000004,0.02940000000000003,0.39060000000000034,6.58,0.89,0.885,0.04999999999999993,0.05499999999999994,0.014999999999999902,-0.1656,0.7744,0.06000000000000005,<0,6-12bp
2026-05-21T00:15:00+00:00,dh-target,KXBTC15M-26MAY202030-30,2026-05-21T00:30:00Z,4.0,77608.47,77537.32,0.53,0.091678,0.21,0.22,0.01,0.215,no,0.0,8.0325,0.0,0.0,no,-0.1775,1.375459,0.389323,8.0325,0.84,10,3df6b7e8-c591-4d5a-828b-eb986b3c1934,ok,yes,10,0,-0.84,-8.4,0.0,-8.4,8.4,0.79,0.785,0.04999999999999993,0.05499999999999994,0.014999999999999902,-0.1775,0.6625,-0.84,<0,6-12bp
2026-05-21T00:15:00+00:00,dh-target,KXBTC15M-26MAY202030-30,2026-05-21T00:30:00Z,5.0,77608.47,77563.58,0.19,0.057842,0.27,0.28,0.01,0.275,no,0.0,9.6247,0.0,8.0325,no,-0.0744,0.902604,0.710885,1.5922,0.78,2,a602f9be-0fd5-4d4c-8393-c37eeb9db3e1,ok,yes,2,0,-0.78,-1.56,0.0,-1.56,1.56,0.73,0.725,0.050000000000000044,0.05500000000000005,0.015000000000000013,-0.0744,0.7056,-0.78,<0,3-6bp
2026-05-21T00:15:00+00:00,dh-target,KXBTC15M-26MAY202030-30,2026-05-21T00:30:00Z,10.0,77608.47,77628.48,0.25,0.025783,0.62,0.63,0.01,0.625,yes,6.467,0.0,0.0,9.6247,yes,-0.0565,0.554321,0.777771,6.467,0.68,10,91060166-a6fe-4f23-a072-0cc83cfeef9b,ok,yes,10,1,0.31999999999999995,3.1999999999999993,0.224,2.975999999999999,6.800000000000001,0.63,0.625,0.050000000000000044,0.05500000000000005,0.015000000000000013,-0.0565,0.6235,0.31999999999999995,<0,<3bp
2026-05-21T00:15:00+00:00,dh-target,KXBTC15M-26MAY202030-30,2026-05-21T00:30:00Z,10.0,77608.47,77628.48,0.25,0.025783,0.62,0.63,0.01,0.625,yes,6.467,0.0,6.467,9.6247,yes-hedge,-0.0565,0.554321,0.777771,1.4236,0.68,2,1cd218cf-8d33-4bdd-a7b6-d7a1dd4f0e2a,ok,yes,2,0,-0.68,-1.36,0.0,-1.36,1.36,0.38,0.375,0.30000000000000004,0.30500000000000005,0.26500000000000007,-0.0565,0.6235,-0.68,<0,<3bp
2026-05-21T00:30:00+00:00,dh-target,KXBTC15M-26MAY202045-45,2026-05-21T00:45:00Z,4.0,77649.93,77649.85,0.21,0.000103,0.47,0.48,0.01,0.475,no,0.0,5.1247,0.0,0.0,no,-0.0116,0.358258,0.953633,5.1247,0.58,9,aa341465-ebd6-42f7-975e-698eec165ef1,ok,unknown,9,0,-0.58,-5.22,0.0,-5.22,5.22,0.53,0.525,0.04999999999999993,0.05499999999999994,0.014999999999999902,-0.0116,0.5684,-0.58,<0,<3bp
2026-05-21T00:30:00+00:00,dh-target,KXBTC15M-26MAY202045-45,2026-05-21T00:45:00Z,4.5,77649.93,77669.24,0.39,0.024868,0.62,0.64,0.02,0.63,yes,4.4942,0.0,0.0,5.1247,yes,-0.1216,0.546096,0.548646,4.4942,0.69,7,b32f4dee-7ed0-4287-9914-fe3b7d241f88,ok,unknown,7,0,-0.69,-4.83,0.0,-4.83,4.83,0.64,0.63,0.04999999999999993,0.05999999999999994,0.019999999999999907,-0.1216,0.5683999999999999,-0.69,<0,<3bp
2026-05-21T00:45:00+00:00,dh-target,KXBTC15M-26MAY202100-00,2026-05-21T01:00:00Z,4.0,77666.1,77762.28,0.38,0.123838,0.83,0.84,0.01,0.835,yes,3.6297,0.0,0.0,0.0,yes,-0.1406,1.850945,0.490244,3.6297,0.89,4,10f5d18f-2a83-4fe1-b6d4-7d4effef8bb9,ok,yes,4,1,0.10999999999999999,0.43999999999999995,0.030799999999999998,0.40919999999999995,3.56,0.84,0.835,0.050000000000000044,0.05500000000000005,0.015000000000000013,-0.1406,0.7494000000000001,0.10999999999999999,<0,>12bp
2026-05-21T01:00:00+00:00,dh-target,KXBTC15M-26MAY202115-15,2026-05-21T01:15:00Z,4.5,77894.48,77911.47,0.34,0.021812,0.56,0.58,0.02,0.57,yes,1.5755,0.0,0.0,0.0,yes,-0.0616,0.51932,0.758468,1.5755,0.63,3,3447c6a0-bd22-4003-9912-245142263b68,ok,yes,3,1,0.37,1.1099999999999999,0.0777,1.0322999999999998,1.8900000000000001,0.58,0.57,0.050000000000000044,0.06000000000000005,0.020000000000000018,-0.0616,0.5684,0.37,<0,<3bp
2026-05-21T01:00:00+00:00,dh-target,KXBTC15M-26MAY202115-15,2026-05-21T01:15:00Z,5.5,77894.48,77891.8,0.18,0.003441,0.49,0.5,0.01,0.495,no,0.0,1.6715,1.5755,0.0,no,0.0251,0.379857,1.100064,1.6715,0.56,3,fac587ca-21b9-4c11-90d4-2df1c8cce143,ok,yes,3,0,-0.56,-1.6800000000000002,0.0,-1.6800000000000002,1.6800000000000002,0.51,0.505,0.050000000000000044,0.05500000000000005,0.015000000000000013,0.0251,0.5851000000000001,-0.56,0-5c,<3bp
2026-05-21T01:00:00+00:00,dh-target,KXBTC15M-26MAY202115-15,2026-05-21T01:15:00Z,7.0,77894.48,77913.55,0.24,0.024482,0.55,0.56,0.01,0.555,yes,4.2805,0.0,1.5755,1.6715,yes,-0.0035,0.542655,0.986001,2.7049,0.61,4,ef59b150-1d91-4e5f-b639-e1289e220465,ok,yes,4,1,0.39,1.56,0.10920000000000002,1.4508,2.44,0.56,0.555,0.04999999999999993,0.05499999999999994,0.014999999999999902,-0.0035,0.6065,0.39,<0,<3bp
2026-05-21T01:00:00+00:00,dh-target,KXBTC15M-26MAY202115-15,2026-05-21T01:15:00Z,8.0,77894.48,77943.54,0.0,0.062983,0.72,0.73,0.01,0.725,yes,6.8002,0.0,4.2805,1.6715,yes,-0.0308,0.968785,0.87742,2.5198,0.78,3,4d190b05-8cf5-4eaa-a02e-e8034c4c2de2,ok,yes,3,1,0.21999999999999997,0.6599999999999999,0.0462,0.6137999999999999,2.34,0.73,0.725,0.050000000000000044,0.05500000000000005,0.015000000000000013,-0.0308,0.7492,0.21999999999999997,<0,6-12bp
2026-05-21T01:15:00+00:00,dh-target,KXBTC15M-26MAY202130-30,2026-05-21T01:30:00Z,4.0,78013.01,77891.2,0.08,0.156141,0.15,0.16,0.01,0.155,no,0.0,4.1762,0.0,0.0,no,-0.1506,2.26353,0.461245,4.1762,0.9,5,f9fecfbe-7a2f-4f7d-b2b4-edf6a5d025c2,ok,no,5,1,0.09999999999999998,0.4999999999999999,0.034999999999999996,0.4649999999999999,4.5,0.85,0.845,0.050000000000000044,0.05500000000000005,0.015000000000000013,-0.1506,0.7494000000000001,0.09999999999999998,<0,>12bp
2026-05-21T01:15:00+00:00,dh-target,KXBTC15M-26MAY202130-30,2026-05-21T01:30:00Z,6.0,78013.01,77839.77,0.07,0.222066,0.092,0.11,0.018,0.101,no,0.0,8.5985,0.0,4.1762,no,-0.0562,2.759771,0.778912,4.4223,0.958,5,0e7ecaf0-49de-4ffe-b640-238de5b82b23,ok,no,5,1,0.04200000000000004,0.2100000000000002,0.014700000000000015,0.19530000000000017,4.79,0.908,0.899,0.04999999999999993,0.05899999999999994,0.018999999999999906,-0.0562,0.9017999999999999,0.04200000000000004,<0,>12bp
2026-05-21T01:30:00+00:00,dh-target,KXBTC15M-26MAY202145-45,2026-05-21T01:45:00Z,4.0,77800.8,77791.47,1.44,0.011992,0.47,0.48,0.01,0.475,no,0.0,1.6796,0.0,0.0,no,-0.0116,0.440312,0.953633,1.6796,0.58,3,9e00f656-658a-4bcf-af78-6d77dc906110,ok,yes,3,0,-0.58,-1.7399999999999998,0.0,-1.7399999999999998,1.7399999999999998,0.53,0.525,0.04999999999999993,0.05499999999999994,0.014999999999999902,-0.0116,0.5684,-0.58,<0,<3bp
2026-05-21T01:30:00+00:00,dh-target,KXBTC15M-26MAY202145-45,2026-05-21T01:45:00Z,5.0,77800.8,77802.55,0.68,0.002249,0.54,0.55,0.01,0.545,yes,1.3995,0.0,0.0,1.6796,yes,-0.0149,0.372023,0.94047,1.3995,0.6,2,64a5c9d1-90de-4811-a231-ce56c5bf81a0,ok,yes,2,1,0.4,0.8,0.05600000000000001,0.744,1.2,0.55,0.545,0.04999999999999993,0.05499999999999994,0.014999999999999902,-0.0149,0.5851,0.4,<0,<3bp
2026-05-21T01:30:00+00:00,dh-target,KXBTC15M-26MAY202145-45,2026-05-21T01:45:00Z,7.0,77800.8,77801.05,0.23,0.000321,0.52,0.53,0.01,0.525,yes,3.1809,0.0,1.3995,1.6796,yes,0.0265,0.359638,1.105605,1.7814,0.58,3,e1e115e7-0c4e-4c8f-a95e-d21b84c7af2d,ok,yes,3,1,0.42000000000000004,1.2600000000000002,0.08820000000000001,1.1718000000000002,1.7399999999999998,0.53,0.525,0.04999999999999993,0.05499999999999994,0.014999999999999902,0.0265,0.6064999999999999,0.42000000000000004,0-5c,<3bp
2026-05-21T01:30:00+00:00,dh-target,KXBTC15M-26MAY202145-45,2026-05-21T01:45:00Z,7.5,77800.8,77794.6,0.04,0.007969,0.48,0.49,0.01,0.485,no,0.0,3.7641,3.1809,1.6796,no,0.0365,0.410934,1.144971,2.0845,0.57,4,6a0d0a66-2d06-435a-a34a-c2aa6f2b831a,ok,yes,4,0,-0.57,-2.28,0.0,-2.28,2.28,0.52,0.515,0.04999999999999993,0.05499999999999994,0.014999999999999902,0.0365,0.6064999999999999,-0.57,0-5c,<3bp
2026-05-21T01:30:00+00:00,dh-target,KXBTC15M-26MAY202145-45,2026-05-21T01:45:00Z,8.5,77800.8,77753.49,0.39,0.060809,0.24,0.25,0.01,0.245,no,0.0,5.7294,3.1809,3.7641,no,-0.0608,0.940493,0.761484,1.9653,0.81,2,c8535c5b-7123-4b52-b37b-5af4f76d7d86,ok,yes,2,0,-0.81,-1.62,0.0,-1.62,1.62,0.76,0.755,0.050000000000000044,0.05500000000000005,0.015000000000000013,-0.0608,0.7492000000000001,-0.81,<0,6-12bp
2026-05-21T01:30:00+00:00,dh-target,KXBTC15M-26MAY202145-45,2026-05-21T01:45:00Z,9.0,77800.8,77753.92,0.65,0.060256,0.25,0.26,0.01,0.255,no,0.0,6.7908,3.1809,5.7294,no,-0.0227,0.933371,0.909449,1.0615,0.8,1,1dc44565-7ac9-43c6-889d-3588f140f844,ok,yes,1,0,-0.8,-0.8,0.0,-0.8,0.8,0.75,0.745,0.050000000000000044,0.05500000000000005,0.015000000000000013,-0.0227,0.7773,-0.8,<0,6-12bp
2026-05-21T01:30:00+00:00,dh-target,KXBTC15M-26MAY202145-45,2026-05-21T01:45:00Z,12.0,77800.8,77806.24,0.05,0.006992,0.58,0.6,0.02,0.59,yes,5.1933,0.0,3.1809,6.7908,yes,0.0178,0.404055,1.07108,2.0124,0.65,3,02713342-77bb-4e9d-993a-e7c8ef6ecbd3,ok,yes,3,1,0.35,1.0499999999999998,0.07350000000000001,0.9764999999999998,1.9500000000000002,0.6,0.59,0.050000000000000044,0.06000000000000005,0.020000000000000018,0.0178,0.6678000000000001,0.35,0-5c,<3bp
2026-05-21T01:30:00+00:00,dh-target,KXBTC15M-26MAY202145-45,2026-05-21T01:45:00Z,12.0,77800.8,77806.24,0.05,0.006992,0.58,0.6,0.02,0.59,yes,5.1933,0.0,5.1933,6.7908,yes-hedge,0.0178,0.404055,1.07108,1.1739,0.65,2,0c21df52-99ea-4e70-8109-450d9c1e515b,ok,yes,2,0,-0.65,-1.3,0.0,-1.3,1.3,0.42000000000000004,0.41000000000000003,0.22999999999999998,0.24,0.2,0.0178,0.6678000000000001,-0.65,0-5c,<3bp
2026-05-21T01:45:00+00:00,dh-target,KXBTC15M-26MAY202200-00,2026-05-21T02:00:00Z,4.0,77824.22,77858.46,0.71,0.043997,0.67,0.68,0.01,0.675,yes,1.2716,0.0,0.0,0.0,yes,-0.1616,0.737996,0.430759,1.2716,0.73,2,d1ea171d-7ab5-4d0a-b97d-de595e02c909,ok,no,2,0,-0.73,-1.46,0.0,-1.46,1.46,0.68,0.675,0.04999999999999993,0.05499999999999994,0.014999999999999902,-0.1616,0.5684,-0.73,<0,3-6bp
2026-05-21T01:45:00+00:00,dh-target,KXBTC15M-26MAY202200-00,2026-05-21T02:00:00Z,7.0,77824.22,77814.49,0.23,0.012503,0.48,0.49,0.01,0.485,no,0.0,4.0684,1.2716,0.0,no,0.0365,0.444161,1.144971,4.0684,0.57,7,98955043-5964-4074-ac74-0cb366631a00,ok,no,7,1,0.43000000000000005,3.0100000000000002,0.21070000000000003,2.7993,3.9899999999999998,0.52,0.515,0.04999999999999993,0.05499999999999994,0.014999999999999902,0.0365,0.6064999999999999,0.43000000000000005,0-5c,<3bp
2026-05-21T01:45:00+00:00,dh-target,KXBTC15M-26MAY202200-00,2026-05-21T02:00:00Z,8.0,77824.22,77742.02,0.6,0.105623,0.14,0.15,0.01,0.145,no,0.0,9.4037,1.2716,4.0684,no,-0.066,1.584251,0.741967,5.3353,0.91,6,7a310b42-48bf-4ae3-83a2-4af89092e3d0,ok,no,6,1,0.08999999999999997,0.5399999999999998,0.037799999999999986,0.5021999999999999,5.46,0.86,0.855,0.050000000000000044,0.05500000000000005,0.015000000000000013,-0.066,0.8440000000000001,0.08999999999999997,<0,6-12bp
2026-05-21T02:00:00+00:00,dh-target,KXBTC15M-26MAY202215-15,2026-05-21T02:15:00Z,4.0,77798.52,77812.74,0.83,0.018278,0.58,0.59,0.01,0.585,yes,1.4126,0.0,0.0,0.0,yes,-0.0716,0.489669,0.721182,1.4126,0.64,2,9493e3f0-c24a-4779-87e8-1b8ccb30d4e8,ok,yes,2,1,0.36,0.72,0.0504,0.6696,1.28,0.59,0.585,0.050000000000000044,0.05500000000000005,0.015000000000000013,-0.0716,0.5684,0.36,<0,<3bp
2026-05-21T02:00:00+00:00,dh-target,KXBTC15M-26MAY202215-15,2026-05-21T02:15:00Z,5.5,77798.52,77781.98,0.19,0.02126,0.43,0.44,0.01,0.435,no,0.0,1.7729,1.4126,0.0,no,-0.0349,0.5146,0.8613,1.7729,0.62,3,5325ac9d-c8bf-49b2-b9d5-d30e6e83eb11,ok,yes,3,0,-0.62,-1.8599999999999999,0.0,-1.8599999999999999,1.8599999999999999,0.5700000000000001,0.565,0.04999999999999993,0.05500000000000005,0.015000000000000013,-0.0349,0.5851,-0.62,<0,<3bp
2026-05-21T02:00:00+00:00,dh-target,KXBTC15M-26MAY202215-15,2026-05-21T02:15:00Z,7.0,77798.52,77792.48,0.23,0.007764,0.5,0.51,0.01,0.505,no,0.0,4.0038,1.4126,1.7729,no,0.0565,0.40948,1.222229,2.2309,0.55,4,34c104d4-d4b3-4557-a181-3a2252e6f62a,ok,yes,4,0,-0.55,-2.2,0.0,-2.2,2.2,0.5,0.495,0.050000000000000044,0.05500000000000005,0.015000000000000013,0.0565,0.6065,-0.55,5-10c,<3bp
2026-05-21T02:00:00+00:00,dh-target,KXBTC15M-26MAY202215-15,2026-05-21T02:15:00Z,7.5,77798.52,77802.86,0.17,0.005579,0.58,0.59,0.01,0.585,yes,2.734,0.0,1.4126,4.0038,yes,-0.0335,0.394271,0.866796,1.3215,0.64,2,66c9e14b-a8a2-4af1-9348-d9be1dd2b689,ok,yes,2,1,0.36,0.72,0.0504,0.6696,1.28,0.59,0.585,0.050000000000000044,0.05500000000000005,0.015000000000000013,-0.0335,0.6065,0.36,<0,<3bp
2026-05-21T02:00:00+00:00,dh-target,KXBTC15M-26MAY202215-15,2026-05-21T02:15:00Z,9.0,77798.52,77754.56,0.03,0.056505,0.24,0.25,0.01,0.245,no,0.0,6.1649,2.734,4.0038,no,-0.0327,0.885824,0.869941,2.1611,0.81,3,d502d968-8b6c-469f-a39d-f28237aceae6,ok,yes,3,0,-0.81,-2.43,0.0,-2.43,2.43,0.76,0.755,0.050000000000000044,0.05500000000000005,0.015000000000000013,-0.0327,0.7773000000000001,-0.81,<0,3-6bp
2026-05-21T02:15:00+00:00,dh-target,KXBTC15M-26MAY202230-30,2026-05-21T02:30:00Z,4.0,77800.85,77873.41,0.1,0.093264,0.84,0.85,0.01,0.845,yes,1.4563,0.0,0.0,0.0,yes,-0.2375,1.399109,0.260217,1.4563,0.9,2,d596b21d-a940-4c5e-8005-78bc918254ec,ok,yes,2,1,0.09999999999999998,0.19999999999999996,0.013999999999999999,0.18599999999999994,1.8,0.85,0.845,0.050000000000000044,0.05500000000000005,0.015000000000000013,-0.2375,0.6625000000000001,0.09999999999999998,<0,6-12bp
2026-05-21T02:15:00+00:00,dh-target,KXBTC15M-26MAY202230-30,2026-05-21T02:30:00Z,4.5,77800.85,77888.53,0.37,0.112698,0.87,0.88,0.01,0.875,yes,2.5788,0.0,1.4563,0.0,yes,-0.1806,1.689453,0.381606,1.1225,0.93,1,b9de9b8f-2320-48ba-a309-e582d91b7e4c,ok,yes,1,1,0.06999999999999995,0.06999999999999995,0.004899999999999997,0.06509999999999995,0.93,0.88,0.875,0.050000000000000044,0.05500000000000005,0.015000000000000013,-0.1806,0.7494000000000001,0.06999999999999995,<0,6-12bp
2026-05-21T02:30:00+00:00,dh-target,KXBTC15M-26MAY202245-45,2026-05-21T02:45:00Z,4.5,77968.08,77952.15,0.41,0.020431,0.45,0.46,0.01,0.455,no,0.0,1.775,0.0,0.0,no,-0.0316,0.507573,0.874269,1.775,0.6,3,2bee08ec-476d-4681-bcb6-766e36eca0d4,ok,no,3,1,0.4,1.2000000000000002,0.08400000000000002,1.116,1.7999999999999998,0.55,0.5449999999999999,0.04999999999999993,0.05500000000000005,0.015000000000000013,-0.0316,0.5684,0.4,<0,<3bp
2026-05-21T02:30:00+00:00,dh-target,KXBTC15M-26MAY202245-45,2026-05-21T02:45:00Z,7.0,77968.08,77951.27,0.52,0.02156,0.44,0.45,0.01,0.445,no,0.0,4.0794,0.0,1.775,no,-0.0035,0.517163,0.986001,2.3044,0.61,4,af6c9c06-c44c-4b63-8631-e3526ad72f16,ok,no,4,1,0.39,1.56,0.10920000000000002,1.4508,2.44,0.56,0.5549999999999999,0.04999999999999993,0.05500000000000005,0.015000000000000013,-0.0035,0.6065,0.39,<0,<3bp
2026-05-21T02:30:00+00:00,dh-target,KXBTC15M-26MAY202245-45,2026-05-21T02:45:00Z,9.5,77968.08,77997.05,0.26,0.037156,0.72,0.73,0.01,0.725,yes,2.3583,0.0,0.0,4.0794,yes,-0.1569,0.664537,0.443603,2.3583,0.78,3,700f0a85-33f2-42c0-89bd-d70b6bba40e0,ok,no,3,0,-0.78,-2.34,0.0,-2.34,2.34,0.73,0.725,0.050000000000000044,0.05500000000000005,0.015000000000000013,-0.1569,0.6231,-0.78,<0,3-6bp
2026-05-21T02:30:00+00:00,dh-target,KXBTC15M-26MAY202245-45,2026-05-21T02:45:00Z,10.0,77968.08,77962.21,0.38,0.007529,0.49,0.5,0.01,0.495,no,0.0,6.1108,2.3583,4.0794,no,0.0635,0.407821,1.248675,2.0314,0.56,4,f9e1b6d3-aab1-4a6f-88b8-7eb41b8f08c6,ok,no,4,1,0.43999999999999995,1.7599999999999998,0.12319999999999999,1.6367999999999998,2.24,0.51,0.505,0.050000000000000044,0.05500000000000005,0.015000000000000013,0.0635,0.6235,0.43999999999999995,5-10c,<3bp
2026-05-21T02:30:00+00:00,dh-target,KXBTC15M-26MAY202245-45,2026-05-21T02:45:00Z,11.5,77968.08,77926.43,2.01,0.053419,0.15,0.16,0.01,0.155,no,0.0,7.1875,2.3583,6.1108,no,-0.0756,0.847792,0.706493,1.0767,0.9,1,cc752e49-60aa-410b-9c24-9d711eb80f84,ok,no,1,1,0.09999999999999998,0.09999999999999998,0.006999999999999999,0.09299999999999997,0.9,0.85,0.845,0.050000000000000044,0.05500000000000005,0.015000000000000013,-0.0756,0.8244,0.09999999999999998,<0,3-6bp
2026-05-21T02:45:00+00:00,dh-target,KXBTC15M-26MAY202300-00,2026-05-21T03:00:00Z,4.0,77924.63,77894.02,0.06,0.039282,0.35,0.36,0.01,0.355,no,0.0,1.4213,0.0,0.0,no,-0.1316,0.686787,0.517376,1.4213,0.7,2,061a7a94-9c03-4a35-b084-fb3839fdd215,ok,no,2,1,0.30000000000000004,0.6000000000000001,0.04200000000000001,0.558,1.4,0.65,0.645,0.04999999999999993,0.05499999999999994,0.014999999999999902,-0.1316,0.5684,0.30000000000000004,<0,3-6bp
2026-05-21T02:45:00+00:00,dh-target,KXBTC15M-26MAY202300-00,2026-05-21T03:00:00Z,6.5,77924.63,77934.98,0.17,0.013282,0.58,0.59,0.01,0.585,yes,1.4777,0.0,0.0,1.4213,yes,-0.0453,0.450093,0.820757,1.4777,0.64,2,4fe27587-2ecc-4c1e-a774-e3d7dd87336e,ok,no,2,0,-0.64,-1.28,0.0,-1.28,1.28,0.59,0.585,0.050000000000000044,0.05500000000000005,0.015000000000000013,-0.0453,0.5947,-0.64,<0,<3bp
2026-05-21T02:45:00+00:00,dh-target,KXBTC15M-26MAY202300-00,2026-05-21T03:00:00Z,7.0,77924.63,77946.63,0.37,0.028232,0.63,0.64,0.01,0.635,yes,3.128,0.0,1.4777,1.4213,yes,-0.0835,0.576799,0.67789,1.6504,0.69,2,a8300c81-1c74-495a-b284-79a2f1abd054,ok,no,2,0,-0.69,-1.38,0.0,-1.38,1.38,0.64,0.635,0.04999999999999993,0.05499999999999994,0.014999999999999902,-0.0835,0.6064999999999999,-0.69,<0,<3bp
2026-05-21T02:45:00+00:00,dh-target,KXBTC15M-26MAY202300-00,2026-05-21T03:00:00Z,8.5,77924.63,77922.42,0.06,0.002836,0.51,0.52,0.01,0.515,no,0.0,3.7659,3.128,1.4213,no,0.0645,0.375864,1.252424,2.3446,0.54,4,0d78341f-e1eb-407c-92bb-d549e398adc5,ok,no,4,1,0.45999999999999996,1.8399999999999999,0.1288,1.7111999999999998,2.16,0.49,0.485,0.050000000000000044,0.05500000000000005,0.015000000000000013,0.0645,0.6045,0.45999999999999996,5-10c,<3bp
2026-05-21T02:45:00+00:00,dh-target,KXBTC15M-26MAY202300-00,2026-05-21T03:00:00Z,10.0,77924.63,77883.53,0.34,0.052743,0.17,0.18,0.01,0.175,no,0.0,6.8479,3.128,3.7659,no,-0.083,0.839593,0.679683,3.082,0.88,4,a2e588a2-b1d3-4d6e-b7e8-0604348aa60e,ok,no,4,1,0.12,0.48,0.033600000000000005,0.44639999999999996,3.52,0.83,0.825,0.050000000000000044,0.05500000000000005,0.015000000000000013,-0.083,0.797,0.12,<0,3-6bp
2026-05-21T03:00:00+00:00,dh-target,KXBTC15M-26MAY202315-15,2026-05-21T03:15:00Z,4.0,77899.73,77901.21,0.63,0.0019,0.55,0.56,0.01,0.555,yes,1.2351,0.0,0.0,0.0,yes,-0.0416,0.369752,0.835119,1.2351,0.61,2,8bfd70e8-6994-4308-97f1-815831c21d06,ok,no,2,0,-0.61,-1.22,0.0,-1.22,1.22,0.56,0.555,0.04999999999999993,0.05499999999999994,0.014999999999999902,-0.0416,0.5684,-0.61,<0,<3bp
2026-05-21T03:00:00+00:00,dh-target,KXBTC15M-26MAY202315-15,2026-05-21T03:15:00Z,5.0,77899.73,77878.0,0.04,0.027895,0.41,0.42,0.01,0.415,no,0.0,1.7987,1.2351,0.0,no,-0.0549,0.57366,0.783863,1.7987,0.64,3,511e78c5-c99a-4896-8bdd-b68b5c24d967,ok,no,3,1,0.36,1.08,0.0756,1.0044,1.92,0.5900000000000001,0.585,0.04999999999999993,0.05500000000000005,0.015000000000000013,-0.0549,0.5851000000000001,0.36,<0,<3bp
2026-05-21T03:00:00+00:00,dh-target,KXBTC15M-26MAY202315-15,2026-05-21T03:15:00Z,7.0,77899.73,77920.82,0.06,0.027073,0.67,0.68,0.01,0.675,yes,2.4573,0.0,1.2351,1.7987,yes,-0.1235,0.566075,0.542615,1.2221,0.73,2,ba074217-95bd-4b05-8572-7152e651e07e,ok,no,2,0,-0.73,-1.46,0.0,-1.46,1.46,0.68,0.675,0.04999999999999993,0.05499999999999994,0.014999999999999902,-0.1235,0.6065,-0.73,<0,<3bp
2026-05-21T03:00:00+00:00,dh-target,KXBTC15M-26MAY202315-15,2026-05-21T03:15:00Z,8.0,77899.73,77880.11,0.21,0.025186,0.43,0.44,0.01,0.435,no,0.0,4.1196,2.4573,1.7987,no,-0.0155,0.548945,0.938079,2.3209,0.62,4,e450c7f9-d16b-428c-8287-b09209f5ffd5,ok,no,4,1,0.38,1.52,0.10640000000000001,1.4136,2.48,0.5700000000000001,0.565,0.04999999999999993,0.05500000000000005,0.015000000000000013,-0.0155,0.6045,0.38,<0,<3bp
2026-05-21T03:00:00+00:00,dh-target,KXBTC15M-26MAY202315-15,2026-05-21T03:15:00Z,9.0,77899.73,77860.14,0.38,0.050822,0.32,0.33,0.01,0.325,no,0.0,7.7538,2.4573,4.1196,no,0.0473,0.816555,1.186974,3.6342,0.73,5,86904c7a-f9a8-4f80-a9fe-1acbf5676737,ok,no,5,1,0.27,1.35,0.09450000000000001,1.2555,3.65,0.6799999999999999,0.675,0.050000000000000044,0.05499999999999994,0.014999999999999902,0.0473,0.7773,0.27,0-5c,3-6bp
2026-05-21T03:15:00+00:00,dh-target,KXBTC15M-26MAY202330-30,2026-05-21T03:30:00Z,4.0,77885.74,77859.96,0.74,0.0331,0.39,0.4,0.01,0.395,no,0.0,1.619,0.0,0.0,no,-0.0916,0.623515,0.649161,1.619,0.66,2,53a439a3-8b61-4e1e-b4b7-0cae36c8c562,ok,yes,2,0,-0.66,-1.32,0.0,-1.32,1.32,0.61,0.605,0.050000000000000044,0.05500000000000005,0.015000000000000013,-0.0916,0.5684,-0.66,<0,3-6bp
2026-05-21T03:15:00+00:00,dh-target,KXBTC15M-26MAY202330-30,2026-05-21T03:30:00Z,6.0,77885.74,77903.5,0.31,0.022803,0.63,0.64,0.01,0.635,yes,1.3435,0.0,0.0,1.619,yes,-0.0953,0.527887,0.636251,1.3435,0.69,2,9fe47c55-37bd-4afa-82d1-0bc04ad20f62,ok,yes,2,1,0.31000000000000005,0.6200000000000001,0.043400000000000015,0.5766000000000001,1.38,0.64,0.635,0.04999999999999993,0.05499999999999994,0.014999999999999902,-0.0953,0.5947,0.31000000000000005,<0,<3bp
2026-05-21T03:15:00+00:00,dh-target,KXBTC15M-26MAY202330-30,2026-05-21T03:30:00Z,7.0,77885.74,77926.51,0.37,0.052346,0.78,0.8,0.02,0.79,yes,3.6492,0.0,1.3435,1.619,yes,-0.1223,0.834796,0.546419,2.3057,0.85,3,0d6b5c79-ae5d-4743-9350-66ce213c48f5,ok,yes,3,1,0.15000000000000002,0.45000000000000007,0.03150000000000001,0.41850000000000004,2.55,0.8,0.79,0.04999999999999993,0.05999999999999994,0.019999999999999907,-0.1223,0.7277,0.15000000000000002,<0,3-6bp
2026-05-21T03:30:00+00:00,dh-target,KXBTC15M-26MAY202345-45,2026-05-21T03:45:00Z,4.0,77962.42,77934.96,0.0,0.035222,0.43,0.44,0.01,0.435,no,0.0,2.0541,0.0,0.0,no,-0.0516,0.644741,0.796482,2.0541,0.62,3,5bc18145-aca0-42e2-8906-66d3358f9fc6,ok,no,3,1,0.38,1.1400000000000001,0.07980000000000001,1.0602,1.8599999999999999,0.5700000000000001,0.565,0.04999999999999993,0.05500000000000005,0.015000000000000013,-0.0516,0.5684,0.38,<0,3-6bp
2026-05-21T03:30:00+00:00,dh-target,KXBTC15M-26MAY202345-45,2026-05-21T03:45:00Z,7.0,77962.42,77922.18,0.12,0.051615,0.28,0.29,0.01,0.285,no,0.0,5.5006,0.0,2.0541,no,-0.0423,0.826013,0.832396,3.4465,0.77,4,45a6876a-480c-4253-8c62-75e0100ae7ea,ok,no,4,1,0.22999999999999998,0.9199999999999999,0.0644,0.8555999999999999,3.08,0.72,0.7150000000000001,0.050000000000000044,0.05499999999999994,0.014999999999999902,-0.0423,0.7277,0.22999999999999998,<0,3-6bp
